id,year,title,authors,authors_complete,venue,publication_status,category,scope,record_type,method,inputs,target_and_horizon,summary,summary_zh,region,doi,arxiv,url,code_url,checked_on
cai2026china,2026,2025年中国龙卷活动及灾情特征,蔡康龙; 李彩玲; 白兰强; 方翀; 李兆明; 黄舒婷; 张泽宇; 张礼宝; 唐凯; 徐纵横,True,气象科技进展,journal,climatology,direct,annotated,Annual multi-source event inventory,"Damage surveys, radar and other event evidence",Retrospective 2025 Chinese tornado activity and damage characteristics,"Synthesizes multiple observation sources into an annual account of Chinese land tornadoes and waterspouts, including sampling limitations.",综合多源信息回顾2025年中国陆龙卷、水龙卷和灾情特征，并讨论弱龙卷遗漏及调查覆盖不足。,China,,,https://qxkz.cbpt.cnki.net/portal/journal/portal/client/paper/956e32bdc857af8ba60c44ac0c041d5b,,2026-09-29
bor2026,2026,A Comparative Multi-Hazard Risk Assessment of the US High-Voltage Transmission Network,D. Bor; E. J. Oughton; R. S. Weigel; R. Yang; T. Clower; A. Newman; A. R. Valle,True,arXiv,preprint,impacts,context,annotated,Multi-hazard fragility and economic-impact modeling,Hazard datasets and U.S. transmission lines and substations,Comparative infrastructure exposure and modeled downstream losses,Compares tornado risk with other hazards using a common transmission-network fragility and economic-impact framework.,以统一的输电网络易损性与经济影响框架比较龙卷和其他灾害风险，扩展基础设施影响方向的文献。,United States,,2605.23053,https://arxiv.org/abs/2605.23053,,2026-09-29
ref-85444d1bce81,2026,A Global Ensemble Forecast System (GEFS)-based synthetic event set of U.S. tornado outbreaks,Kelsey Malloy; Michael K. Tippett,True,Natural Hazards and Earth System Sciences,journal,forecast,direct,bibliographic,Not extracted in this bibliographic pass,Not extracted; consult the primary source,Topic indexed from title and venue; exact target and horizon require source review,Bibliographic entry filed under probabilistic guidance & operations. Open the primary source for the study's methods and findings.,已核对题名、作者、出版信息与 DOI；主题归入“概率预报、数值模式与业务应用”。具体方法、输入与结论待进一步阅读原文。,Not extracted in this bibliographic pass,10.5194/nhess-26-433-2026,,https://doi.org/10.5194/nhess-26-433-2026,,2026-09-29
snaiki2026,2026,A hybrid physics-informed graph neural network for tornado wind-field modeling,Reda Snaiki; Seyedeh Fatemeh Mirfakhar,True,Advances in Wind Engineering,journal,dl,direct,annotated,Physics-informed graph neural network,Analytical vortex representation and high-fidelity wind-field information,Tornado wind-field modeling,Combines an analytical tornado representation with a physics-informed graph model to represent wind-field structure.,将解析龙卷模型与物理约束图神经网络结合，用于描述龙卷风场结构，扩展智能方法在风工程中的应用范围。,Wind-field modeling,10.1016/j.awe.2026.100101,,https://doi.org/10.1016/j.awe.2026.100101,,2026-09-29
ref-d65404449234,2026,"A Multi-Dimensional Analysis of User Classification, Sentiment, and Network Influence in Tornado-Focused Social Media Communication",Samiha Karim Subah; Arif Mohaimin Sadri,True,Proceedings of the International ISCRAM Conference,conference,social,direct,bibliographic,Not extracted in this bibliographic pass,Not extracted; consult the primary source,Topic indexed from title and venue; exact target and horizon require source review,"Bibliographic entry filed under warnings, health & social response. Open the primary source for the study's methods and findings.",已核对题名、作者、出版信息与 DOI；主题归入“预警传播、健康与社会响应”。具体方法、输入与结论待进一步阅读原文。,Not extracted in this bibliographic pass,10.59297/kdpq6453,,https://doi.org/10.59297/kdpq6453,,2026-09-29
kieu2026,2026,A note on the shear-forced dynamics of tornadoes,Chanh Kieu,True,arXiv,preprint,foundations,direct,annotated,Axisymmetric viscous vortex theory,Prescribed incompressible circulation and internal vertical wind shear,Structural change and decay of an idealized tornado-like vortex,Derives an idealized shear-forced vortex solution and studies how internal vertical shear changes the radius and decay of the rotating core.,推导受内部垂直切变作用的理想化涡旋解，讨论切变如何改变旋转核心的半径、垂直结构和衰减。,Idealized theory,,2608.00416,https://arxiv.org/abs/2608.00416,,2026-09-29
ref-10ba4ed93737,2026,A sub-Gaussian model of vortex wandering and its application to tornado-like surface pressures,Yiyi Tian; Changdong Zhou; Bo Li,True,Journal of Wind Engineering and Industrial Aerodynamics,journal,foundations,direct,bibliographic,Not extracted in this bibliographic pass,Not extracted; consult the primary source,Topic indexed from title and venue; exact target and horizon require source review,Bibliographic entry filed under foundations & dynamics. Open the primary source for the study's methods and findings.,已核对题名、作者、出版信息与 DOI；主题归入“物理基础与龙卷动力学”。具体方法、输入与结论待进一步阅读原文。,Not extracted in this bibliographic pass,10.1016/j.jweia.2026.106410,,https://doi.org/10.1016/j.jweia.2026.106410,,2026-09-29
braik2026,2026,A Two-Stage Bayesian Framework for Multi-Fidelity Online Updating of Spatial Fragility Fields,Abdullah M. Braik; Maria Koliou,True,arXiv,preprint,impacts,direct,annotated,Bayesian multi-fidelity updating and Gaussian processes,"Wind-field priors, computer-vision damage observations and building characteristics",Updating spatial building-fragility fields after a tornado,"Fuses physics-based fragility priors with damage observations of varying reliability, demonstrated on the 2011 Joplin tornado.",将物理易损性先验与不同可靠程度的灾损观测结合，以2011年乔普林龙卷为例更新建筑易损性空间分布。,"Joplin, United States",,2601.13396,https://arxiv.org/abs/2601.13396,,2026-09-29
ref-0782d829873c,2026,Adaptive Dynamics in Local Disaster Management: A Comparative Network Analysis of Information Sharing and Collaboration in China's Response to the Funing Tornado,Wu Chen; Haibo Zhang,True,Risk Analysis,journal,social,direct,bibliographic,Not extracted in this bibliographic pass,Not extracted; consult the primary source,Topic indexed from title and venue; exact target and horizon require source review,"Bibliographic entry filed under warnings, health & social response. Open the primary source for the study's methods and findings.",已核对题名、作者、出版信息与 DOI；主题归入“预警传播、健康与社会响应”。具体方法、输入与结论待进一步阅读原文。,Not extracted in this bibliographic pass,10.1111/risa.70168,,https://doi.org/10.1111/risa.70168,,2026-09-29
liu2026review,2026,"Advances in deep learning applications to severe convective weather forecasting: rainstorms, hail, thunderstorm winds and tornadoes",Yanan Liu; Huaiqing Wang; Cassardo Claudio; Cremonini Roberto; Meng He,True,Frontiers in Earth Science,journal,evaluation,context,annotated,Deep-learning review,"Literature on rainstorms, hail, thunderstorm wind and tornadoes",Survey of severe-convective forecasting methods,"Reviews deep-learning approaches across four severe-convective hazards and discusses data, physical constraints and interpretability limitations.",综述暴雨、冰雹、雷暴大风和龙卷的深度学习方法，讨论数据、物理约束和可解释性方面的限制。,Review,10.3389/feart.2026.1787965,,https://doi.org/10.3389/feart.2026.1787965,,2026-09-29
ref-8748ea0c028c,2026,Advancing tornado-like vortex (TLV) generation in straight-line wind simulators: An LES study,Mohammad Abid Hasan; Faiaz Khaled; Franklin T. Lombardo,True,Journal of Wind Engineering and Industrial Aerodynamics,journal,foundations,direct,bibliographic,Not extracted in this bibliographic pass,Not extracted; consult the primary source,Topic indexed from title and venue; exact target and horizon require source review,Bibliographic entry filed under foundations & dynamics. Open the primary source for the study's methods and findings.,已核对题名、作者、出版信息与 DOI；主题归入“物理基础与龙卷动力学”。具体方法、输入与结论待进一步阅读原文。,Not extracted in this bibliographic pass,10.1016/j.jweia.2026.106373,,https://doi.org/10.1016/j.jweia.2026.106373,,2026-09-29
ref-8512f9cf0422,2026,An Adapted Mesocyclone and Tornado Detection Algorithm for X-band Phased Array Radar in China,Chao Wang; Liping Liu; Chong Wu; Zhaoming Li; Chao Chen,True,Journal of Atmospheric and Oceanic Technology,journal,radar,direct,annotated,Adaptation of mesocyclone and tornado vortex-signature detection algorithms,X-band phased-array Doppler radar,Mesogamma vortices and tornado vortex signatures in current radar scans,Adapts NSSL circulation-detection methods to Chinese X-band phased-array radar and evaluates vortex signatures in regional storm observations.,将中气旋与龙卷涡旋特征识别方法调整到中国X波段相控阵雷达资料，结合广东风暴观测考察识别表现。,"Guangdong, China",10.1175/jtech-d-25-0034.1,,https://doi.org/10.1175/jtech-d-25-0034.1,,2026-09-29
ref-4bd1a5a56d34,2026,An Analysis of Radar Distance in TVS Detection and Tornado Warning Efficiency,James Zinnbauer; Jana Houser,True,Journal of Operational Meteorology,journal,evaluation,direct,bibliographic,Not extracted in this bibliographic pass,Not extracted; consult the primary source,Topic indexed from title and venue; exact target and horizon require source review,"Bibliographic entry filed under evaluation, uncertainty & reviews. Open the primary source for the study's methods and findings.",已核对题名、作者、出版信息与 DOI；主题归入“评估、不确定性与综述”。具体方法、输入与结论待进一步阅读原文。,Not extracted in this bibliographic pass,10.15191/nwajom.2026.1405,,https://doi.org/10.15191/nwajom.2026.1405,,2026-09-29
ref-45a01a5359fa,2026,An interpretable framework for tornado loss estimation using parametric surrogate models and dual-objective adaptive smart sampling,Mohamad Habibnia; John W. van de Lindt,True,Computer-Aided Civil and Infrastructure Engineering,journal,evaluation,direct,bibliographic,Not extracted in this bibliographic pass,Not extracted; consult the primary source,Topic indexed from title and venue; exact target and horizon require source review,"Bibliographic entry filed under evaluation, uncertainty & reviews. Open the primary source for the study's methods and findings.",已核对题名、作者、出版信息与 DOI；主题归入“评估、不确定性与综述”。具体方法、输入与结论待进一步阅读原文。,Not extracted in this bibliographic pass,10.1016/j.cacaie.2026.100047,,https://doi.org/10.1016/j.cacaie.2026.100047,,2026-09-29
ref-8e6170a88e83,2026,An optimization model to inform alternatives for resilient communities for tornado building retrofits,William Hughes; Tasnim Ibn Faiz; Marc Levitan; Kenneth W. Harrison,True,Sustainable and Resilient Infrastructure,journal,engineering,direct,bibliographic,Not extracted in this bibliographic pass,Not extracted; consult the primary source,Topic indexed from title and venue; exact target and horizon require source review,Bibliographic entry filed under wind engineering & structural resilience. Open the primary source for the study's methods and findings.,已核对题名、作者、出版信息与 DOI；主题归入“风工程、结构荷载与抗灾设计”。具体方法、输入与结论待进一步阅读原文。,Not extracted in this bibliographic pass,10.1080/23789689.2025.2597164,,https://doi.org/10.1080/23789689.2025.2597164,,2026-09-29
ref-9c069c63efd4,2026,An Ultrafine-Resolution Numerical Investigation of the Influence of Terrain on Tornado Behavior,Jiamin Dang; Jana Houser; Leigh Orf; Peng Yue; Guirong (Grace) Yan,True,Monthly Weather Review,journal,foundations,direct,bibliographic,Not extracted in this bibliographic pass,Not extracted; consult the primary source,Topic indexed from title and venue; exact target and horizon require source review,Bibliographic entry filed under foundations & dynamics. Open the primary source for the study's methods and findings.,已核对题名、作者、出版信息与 DOI；主题归入“物理基础与龙卷动力学”。具体方法、输入与结论待进一步阅读原文。,Not extracted in this bibliographic pass,10.1175/mwr-d-24-0268.1,,https://doi.org/10.1175/mwr-d-24-0268.1,,2026-09-29
ref-5fb4e3dce627,2026,An Updated National Tornado Climatology for Canada,D. M. L. Sills; L. Elliott; A. L. Jaffe; J. Kunkel; C. S. Miller; E. Sutherland; M. Somers; B. Rousseau; P. J. McCarthy,True,Atmosphere-Ocean,journal,climatology,direct,bibliographic,Not extracted in this bibliographic pass,Not extracted; consult the primary source,Topic indexed from title and venue; exact target and horizon require source review,Bibliographic entry filed under climatology & environments. Open the primary source for the study's methods and findings.,已核对题名、作者、出版信息与 DOI；主题归入“气候统计、环境与区域研究”。具体方法、输入与结论待进一步阅读原文。,Not extracted in this bibliographic pass,10.1080/07055900.2026.2668542,,https://doi.org/10.1080/07055900.2026.2668542,,2026-09-29
ref-67e2bf85a5cd,2026,An Updated Tornado Climatology for Romania,Andreea Bărăscu; Bogdan Antonescu; Dragoș Ene; Monica Ionita; Ottilia Rusz; Thilo Kühne; Aurora Bell,True,Monthly Weather Review,journal,climatology,direct,bibliographic,Not extracted in this bibliographic pass,Not extracted; consult the primary source,Topic indexed from title and venue; exact target and horizon require source review,Bibliographic entry filed under climatology & environments. Open the primary source for the study's methods and findings.,已核对题名、作者、出版信息与 DOI；主题归入“气候统计、环境与区域研究”。具体方法、输入与结论待进一步阅读原文。,Not extracted in this bibliographic pass,10.1175/mwr-d-25-0185.1,,https://doi.org/10.1175/mwr-d-25-0185.1,,2026-09-29
jiang2026,2026,Analysis of Generalization Performance of Tornado Detection Models: A Cross-Domain Evaluation from U.S. to Chinese Weather Radar Observations,Biao Jiang; Shuai Zhang; Yubao Chen; Xuehua Li; Yancheng Wang,True,Remote Sensing,journal,evaluation,direct,annotated,Zero-shot cross-country model evaluation,U.S. TorNet training data and Chinese CINRAD observations,Transfer of tornado detectors from the United States to China,Evaluates how tornado detectors trained on U.S. radar data behave on Chinese observations and investigates sources of degraded detection.,检验在美国TorNet上训练的检测器迁移到中国CINRAD后的表现，分析雷达系统、旋转特征和数据质量差异。,United States and China,10.3390/rs18060948,,https://doi.org/10.3390/rs18060948,,2026-09-29
ref-3c48413ff838,2026,Analysis of Radar Characteristics and Evolution Mechanisms of Supercells Inducing Three Strong Tornado Events Under Extratropical Cyclone Background,Jiwen Zhang; Anhua Jing; Yanzhen Kang; Yongqiang Jiang; Chaohui Chen; Hongrang He; Jie Ding,True,Earth and Space Science,journal,radar,direct,bibliographic,Not extracted in this bibliographic pass,Not extracted; consult the primary source,Topic indexed from title and venue; exact target and horizon require source review,Bibliographic entry filed under radar signatures & tracking. Open the primary source for the study's methods and findings.,已核对题名、作者、出版信息与 DOI；主题归入“雷达特征、识别与追踪”。具体方法、输入与结论待进一步阅读原文。,Not extracted in this bibliographic pass,10.1029/2025ea004753,,https://doi.org/10.1029/2025ea004753,,2026-09-29
ref-58ccb29f03ee,2026,Analysis of the Cause and Radar Characteristics of a Rare Autumn Strong Tornado Process Occurred in Northern Jiangsu Province,Cao Shuya; Wang Yi; Zeng Chen; Wang Yudan; Wu Yue,True,Advances in Meteorology,journal,radar,direct,bibliographic,Not extracted in this bibliographic pass,Not extracted; consult the primary source,Topic indexed from title and venue; exact target and horizon require source review,Bibliographic entry filed under radar signatures & tracking. Open the primary source for the study's methods and findings.,已核对题名、作者、出版信息与 DOI；主题归入“雷达特征、识别与追踪”。具体方法、输入与结论待进一步阅读原文。,Not extracted in this bibliographic pass,10.1155/adme/2522216,,https://doi.org/10.1155/adme/2522216,,2026-09-29
ref-e02c97d54a51,2026,"Analysis of the Structure and Genesis of the June 23, 2016, Funing Tornado Based on 100‐Meter‐Scale Numerical Simulation",Jialin Ying; Xulin Ma; Jie He; Fei Fan; Chuqian Zhang; Bing Chen,True,Meteorological Applications,journal,foundations,direct,bibliographic,Not extracted in this bibliographic pass,Not extracted; consult the primary source,Topic indexed from title and venue; exact target and horizon require source review,Bibliographic entry filed under foundations & dynamics. Open the primary source for the study's methods and findings.,已核对题名、作者、出版信息与 DOI；主题归入“物理基础与龙卷动力学”。具体方法、输入与结论待进一步阅读原文。,Not extracted in this bibliographic pass,10.1002/met.70163,,https://doi.org/10.1002/met.70163,,2026-09-29
ref-2217bb8f9f59,2026,Assessing the socioeconomic footprint of tornado in Indonesia: A 15 year spatiotemporal impact analysis,Kiki; Yonny Koesmaryono; Perdinan; Donaldi Sukma Permana; Rahmat Hidayat,True,Frontiers in Climate,journal,social,direct,bibliographic,Not extracted in this bibliographic pass,Not extracted; consult the primary source,Topic indexed from title and venue; exact target and horizon require source review,"Bibliographic entry filed under warnings, health & social response. Open the primary source for the study's methods and findings.",已核对题名、作者、出版信息与 DOI；主题归入“预警传播、健康与社会响应”。具体方法、输入与结论待进一步阅读原文。,Not extracted in this bibliographic pass,10.3389/fclim.2026.1843428,,https://doi.org/10.3389/fclim.2026.1843428,,2026-09-29
umeike2026,2026,ASTRA: Architectural inSights for post-ToRnado damAge recognition,Robinson Umeike; Thang Dao; Shane Crawford; John van de Lindt; Blythe Johnston; Wanting (Lisa) Wang; Trung Do; Ajibola Mofikoya; Sarbesh Banjara; Cuong Pham,True,Expert Systems with Applications,journal,impacts,direct,annotated,Visual architecture comparison,Post-tornado building imagery,Post-event building-damage recognition,Studies visual damage recognition under domain shift and class imbalance.,研究灾后建筑图像的域偏移与类别不均衡，补齐龙卷全生命周期中的灾损识别。,Unspecified,10.1016/j.eswa.2026.133915,2602.14523,https://doi.org/10.1016/j.eswa.2026.133915,https://github.com/crumeike/ASTRA,2026-09-29
luszczak2026,2026,Atmospheric Muon Measurements Near Tornadic and Non-Tornadic Storms in the US Central Plains,William Luszczak; Jana Houser; Matt Kauer; Leigh Orf,True,arXiv,preprint,sensing,direct,annotated,Experimental muon sensing,Atmospheric muon measurements,Storm-related particle observations,An exploratory sensing direction far outside the conventional radar-only toolbox.,有趣的新观测方向：龙卷及非龙卷风暴附近的缪子测量；不是成熟预警技术。,US,,2601.20182,https://arxiv.org/abs/2601.20182,,2026-09-29
capuli2026climate,2026,Baseline Climatology of Tornadoes and Waterspouts in the Philippine Archipelago,Generich H. Capuli,True,arXiv,preprint,climatology,direct,annotated,Regional climatology and proximity-sounding analysis,Philippine tornado/waterspout reports and ERA5 soundings,Historical occurrence and tropical-maritime environmental diagnostics,Compiles Philippine tornado and waterspout reports and examines whether midlatitude environmental parameters describe their tropical-maritime settings.,汇集菲律宾龙卷和水龙卷报告，并结合ERA5探空检验中纬度环境参数在热带海洋环境中的适用性。,Philippines,,2609.01692,https://arxiv.org/abs/2609.01692,,2026-09-29
ref-06e0aac94f98,2026,Boundary layer beneath a tornado-like vortex,Leven Davies; P. A. Davidson; John K. Harvey,True,Physical Review Fluids,journal,foundations,direct,bibliographic,Not extracted in this bibliographic pass,Not extracted; consult the primary source,Topic indexed from title and venue; exact target and horizon require source review,Bibliographic entry filed under foundations & dynamics. Open the primary source for the study's methods and findings.,已核对题名、作者、出版信息与 DOI；主题归入“物理基础与龙卷动力学”。具体方法、输入与结论待进一步阅读原文。,Not extracted in this bibliographic pass,10.1103/28pj-lw6x,,https://doi.org/10.1103/28pj-lw6x,,2026-09-29
capecchi2026,2026,Can hot water discharged from industrial processes enhance the likelihood of waterspouts?,Valerio Capecchi; Bernardo Gozzini; Mario Marcello Miglietta,True,arXiv,preprint,forecast,direct,annotated,High-resolution numerical case studies and SST sensitivity experiments,"Limited-area weather model, event reports and coastal sea-surface-temperature perturbations",Waterspout environments and sensitivity to industrial warm-water discharge,Reconstructs four Italian waterspout environments and tests whether a localized warm-water discharge changes selected atmospheric precursors.,重建意大利四次水龙卷的天气环境，并通过海温敏感性试验研究局部工业温排水对环境前兆的影响。,"Northern Tyrrhenian coast, Italy",,2603.24233,https://arxiv.org/abs/2603.24233,,2026-09-29
ref-80e1f96e714f,2026,Capturing an elusive tornado-like vortex (puting beliung) in Indonesia: Multi-platform observations and convection-permitting WRF dynamical reconstruction,Kiki; Yonny Koesmaryono; Rahmat Hidayat; Donaldi Sukma Permana; Perdinan; Adi Mulsandi,True,Theoretical and Applied Climatology,journal,foundations,direct,bibliographic,Not extracted in this bibliographic pass,Not extracted; consult the primary source,Topic indexed from title and venue; exact target and horizon require source review,Bibliographic entry filed under foundations & dynamics. Open the primary source for the study's methods and findings.,已核对题名、作者、出版信息与 DOI；主题归入“物理基础与龙卷动力学”。具体方法、输入与结论待进一步阅读原文。,Not extracted in this bibliographic pass,10.1007/s00704-026-06280-1,,https://doi.org/10.1007/s00704-026-06280-1,,2026-09-29
ref-58ae979a0b4d,2026,Caracterização meteorológica de um tornado ocorrido no Rio de Janeiro,Lorena Ribeiro Kall; Monica Carneiro Alves Senna; Barbara Franz; Nilton Oliveira Moraes,True,Revista Tamoios,journal,foundations,direct,bibliographic,Not extracted in this bibliographic pass,Not extracted; consult the primary source,Topic indexed from title and venue; exact target and horizon require source review,Bibliographic entry filed under foundations & dynamics. Open the primary source for the study's methods and findings.,已核对题名、作者、出版信息与 DOI；主题归入“物理基础与龙卷动力学”。具体方法、输入与结论待进一步阅读原文。,Not extracted in this bibliographic pass,10.12957/tamoios.2026.82940,,https://doi.org/10.12957/tamoios.2026.82940,,2026-09-29
ref-9887d486b3d8,2026,CFD Modeling of Near-Field Tornado Flow Using RANS Turbulence Models,Tomasz Lamparski; Maciej Dutkiewicz,True,Applied Sciences,journal,foundations,direct,bibliographic,Not extracted in this bibliographic pass,Not extracted; consult the primary source,Topic indexed from title and venue; exact target and horizon require source review,Bibliographic entry filed under foundations & dynamics. Open the primary source for the study's methods and findings.,已核对题名、作者、出版信息与 DOI；主题归入“物理基础与龙卷动力学”。具体方法、输入与结论待进一步阅读原文。,Not extracted in this bibliographic pass,10.3390/app16157653,,https://doi.org/10.3390/app16157653,,2026-09-29
ref-8d419c87b48a,2026,"Characteristics of Discrete Updrafts in Quasi-Linear Convective Systems, Environmental Influences, and Implications for Tornadogenesis Prediction",Edward C. Wolff; Robert J. Trapp; Stephen W. Nesbitt,True,Weather and Forecasting,journal,forecast,direct,bibliographic,Not extracted in this bibliographic pass,Not extracted; consult the primary source,Topic indexed from title and venue; exact target and horizon require source review,Bibliographic entry filed under probabilistic guidance & operations. Open the primary source for the study's methods and findings.,已核对题名、作者、出版信息与 DOI；主题归入“概率预报、数值模式与业务应用”。具体方法、输入与结论待进一步阅读原文。,Not extracted in this bibliographic pass,10.1175/waf-d-25-0225.1,,https://doi.org/10.1175/waf-d-25-0225.1,,2026-09-29
ref-0b1908633c98,2026,CNN-Based Building Type Classification into EF Scale Categories to Support Tornado Damage Assessments,Jooho Kim; Ruthvik Kanumuri; Joshua J. Hatzis; Sunyoung Park; Patrick A. Campbell; Kristin M. Calhoun,True,Natural Hazards Review,journal,impacts,direct,bibliographic,Not extracted in this bibliographic pass,Not extracted; consult the primary source,Topic indexed from title and venue; exact target and horizon require source review,Bibliographic entry filed under damage recognition & impacts. Open the primary source for the study's methods and findings.,已核对题名、作者、出版信息与 DOI；主题归入“灾后视觉识别与影响评估”。具体方法、输入与结论待进一步阅读原文。,Not extracted in this bibliographic pass,10.1061/nhrefo.nheng-2701,,https://doi.org/10.1061/nhrefo.nheng-2701,,2026-09-29
ref-6056f380a215,2026,Comparing Size-Sorting Signature Algorithm Performance in Distinguishing Tornadic and Nontornadic Supercells,Jacob H. Segall; Scott D. Loeffler; Matthew. B. Wilson,True,Journal of Atmospheric and Oceanic Technology,journal,evaluation,direct,bibliographic,Not extracted in this bibliographic pass,Not extracted; consult the primary source,Topic indexed from title and venue; exact target and horizon require source review,"Bibliographic entry filed under evaluation, uncertainty & reviews. Open the primary source for the study's methods and findings.",已核对题名、作者、出版信息与 DOI；主题归入“评估、不确定性与综述”。具体方法、输入与结论待进一步阅读原文。,Not extracted in this bibliographic pass,10.1175/jtech-d-24-0150.1,,https://doi.org/10.1175/jtech-d-24-0150.1,,2026-09-29
ref-87ef7a981638,2026,"Contributions of Interdecadal Pacific Oscillation, Atlantic Multidecadal Oscillation, and global oceanic warming to the secular change in United States tornado occurrence",Jiuwei Zhao; Luyao Bai; Botao Zhou; Leying Zhang,True,Atmospheric Research,journal,climatology,direct,bibliographic,Not extracted in this bibliographic pass,Not extracted; consult the primary source,Topic indexed from title and venue; exact target and horizon require source review,Bibliographic entry filed under climatology & environments. Open the primary source for the study's methods and findings.,已核对题名、作者、出版信息与 DOI；主题归入“气候统计、环境与区域研究”。具体方法、输入与结论待进一步阅读原文。,Not extracted in this bibliographic pass,10.1016/j.atmosres.2025.108689,,https://doi.org/10.1016/j.atmosres.2025.108689,,2026-09-29
ref-a0f778706045,2026,Convective Mode Classification and Distribution of Contiguous U.S. Tornado Events from 2003 to 2023,Andrew D. Lyons; Richard L. Thompson; Bryan T. Smith; Harry G. Weinman; Andrew R. Dean,True,Weather and Forecasting,journal,climatology,direct,bibliographic,Not extracted in this bibliographic pass,Not extracted; consult the primary source,Topic indexed from title and venue; exact target and horizon require source review,Bibliographic entry filed under climatology & environments. Open the primary source for the study's methods and findings.,已核对题名、作者、出版信息与 DOI；主题归入“气候统计、环境与区域研究”。具体方法、输入与结论待进一步阅读原文。,Not extracted in this bibliographic pass,10.1175/waf-d-25-0034.1,,https://doi.org/10.1175/waf-d-25-0034.1,,2026-09-29
ref-ab15bd3a989d,2026,"Damage Assessment of the 2020 Monroe, Louisiana, Tornado Using Different Remote-Sensing Methods and Enhanced Fujita Scales",Ali Merhi; Tanya M. Brown-Giammanco; David B. Roueche; Richard L. Wood; Todd A. Murphy; Christine D. Standohar-Alfano; Olivia Childress; Tessa Stetzer; Elaine S. Godfrey; Christopher M. Godfrey; Andrew J. Souhrada,True,Natural Hazards Review,journal,rating,direct,bibliographic,Not extracted in this bibliographic pass,Not extracted; consult the primary source,Topic indexed from title and venue; exact target and horizon require source review,Bibliographic entry filed under intensity & damage-based rating. Open the primary source for the study's methods and findings.,已核对题名、作者、出版信息与 DOI；主题归入“强度估计与灾损分级”。具体方法、输入与结论待进一步阅读原文。,Not extracted in this bibliographic pass,10.1061/nhrefo.nheng-2367,,https://doi.org/10.1061/nhrefo.nheng-2367,,2026-09-29
ref-cea5bd4798f6,2026,Definition of a simplified risk assessment methodology for NaTech scenarios triggered by tornado,Fabrizio Santamato; Clara Iannantuoni; Valentina Busini,True,Journal of Loss Prevention in the Process Industries,journal,engineering,direct,bibliographic,Not extracted in this bibliographic pass,Not extracted; consult the primary source,Topic indexed from title and venue; exact target and horizon require source review,Bibliographic entry filed under wind engineering & structural resilience. Open the primary source for the study's methods and findings.,已核对题名、作者、出版信息与 DOI；主题归入“风工程、结构荷载与抗灾设计”。具体方法、输入与结论待进一步阅读原文。,Not extracted in this bibliographic pass,10.1016/j.jlp.2026.105915,,https://doi.org/10.1016/j.jlp.2026.105915,,2026-09-29
flora2026,2026,Developing Machine Learning-Based Watch-to-Warning Severe Weather Guidance from the Warn-on-Forecast System,Montgomery Flora; Samuel Varga; Corey Potvin; Noah Lang,True,arXiv,preprint,forecast,context,annotated,Histogram gradient boosting; U-Net,WoFS ensemble predictions,2–6 h severe-weather probabilities,Extends machine-learning postprocessing across the watch-to-warning forecasting window.,将 WoFS 后处理扩展到 2–6 小时强对流风险，包括龙卷、大风与冰雹。,US,,2603.20250,https://arxiv.org/html/2603.20250,,2026-09-29
ref-91816c87b966,2026,Diagnosing Model Errors for the 20 May 2019 Oklahoma Tornado Outbreak,Thomas J. Galarneau Jr.; Adam J. Clark,True,Journal of Operational Meteorology,journal,foundations,direct,bibliographic,Not extracted in this bibliographic pass,Not extracted; consult the primary source,Topic indexed from title and venue; exact target and horizon require source review,Bibliographic entry filed under foundations & dynamics. Open the primary source for the study's methods and findings.,已核对题名、作者、出版信息与 DOI；主题归入“物理基础与龙卷动力学”。具体方法、输入与结论待进一步阅读原文。,Not extracted in this bibliographic pass,10.15191/nwajom.2026.1406,,https://doi.org/10.15191/nwajom.2026.1406,,2026-09-29
ref-b7fedf1f1a13,2026,Differences in Tropical Cyclone Tornado Activities and Key Tornadic Environments Between China and the United States,Jingyi Wen; Lanqiang Bai; Zhiyong Meng; Ruilin Zhou,True,Geophysical Research Letters,journal,climatology,direct,bibliographic,Not extracted in this bibliographic pass,Not extracted; consult the primary source,Topic indexed from title and venue; exact target and horizon require source review,Bibliographic entry filed under climatology & environments. Open the primary source for the study's methods and findings.,已核对题名、作者、出版信息与 DOI；主题归入“气候统计、环境与区域研究”。具体方法、输入与结论待进一步阅读原文。,Not extracted in this bibliographic pass,10.1029/2025gl115258,,https://doi.org/10.1029/2025gl115258,,2026-09-29
ref-322a195b3da1,2026,Direction of tornado movement and its relationship with the large-scale wind field,Yuri Mita; Tsubasa Kohyama; Hiroshi Niino,True,Journal of the Meteorological Society of Japan,journal,foundations,direct,bibliographic,Not extracted in this bibliographic pass,Not extracted; consult the primary source,Topic indexed from title and venue; exact target and horizon require source review,Bibliographic entry filed under foundations & dynamics. Open the primary source for the study's methods and findings.,已核对题名、作者、出版信息与 DOI；主题归入“物理基础与龙卷动力学”。具体方法、输入与结论待进一步阅读原文。,Not extracted in this bibliographic pass,10.1007/s44394-026-00032-5,,https://doi.org/10.1007/s44394-026-00032-5,,2026-09-29
xie2026enhanced,2026,Dual-polarization radar-based enhanced tornado detection network with explainability analysis,Jinyang Xie; Kanghui Zhou; Lei Han; Yongguang Zheng,True,Expert Systems with Applications,journal,dl,direct,annotated,Enhanced dual-polarization detection with explainability,Dual-polarization radar observations,Radar-based tornado detection,Combines a dual-polarization tornado detection network with analysis of the evidence used by the model.,将双偏振雷达龙卷检测网络与模型解释分析结合，补充较新的专用识别方法。,China,10.1016/j.eswa.2026.132803,,https://doi.org/10.1016/j.eswa.2026.132803,,2026-09-29
ref-a1db447e897c,2026,Equitable Prioritization of Off-System Bridge Maintenance under Tornado Risk Using Inspection Data and Digital Shadows,Mahmoud Bayat; Subham Kharel,True,Journal of Computing in Civil Engineering,journal,engineering,direct,bibliographic,Not extracted in this bibliographic pass,Not extracted; consult the primary source,Topic indexed from title and venue; exact target and horizon require source review,Bibliographic entry filed under wind engineering & structural resilience. Open the primary source for the study's methods and findings.,已核对题名、作者、出版信息与 DOI；主题归入“风工程、结构荷载与抗灾设计”。具体方法、输入与结论待进一步阅读原文。,Not extracted in this bibliographic pass,10.1061/jccee5.cpeng-6912,,https://doi.org/10.1061/jccee5.cpeng-6912,,2026-09-29
erickson2026,2026,Explainable Deep Learning for Probabilistic Nowcasting of Radar Reflectivity in Tornadic Storms,Nathan Erickson; Amy McGovern; Aaron Hill,True,arXiv,preprint,forecast,direct,annotated,Probabilistic U-Net; explainability,MRMS reflectivity and HRRR,30-min reflectivity evolution following tornadogenesis,A September 2026 preprint on probabilistic reflectivity evolution in tornadic storms.,2026 年 9 月新预印本：研究龙卷形成后的回波演变，而不是提前 30 分钟预测龙卷发生。,US,,2609.35675,https://arxiv.org/html/2609.35675v1,,2026-09-29
ref-f68ea3c5ce26,2026,Forecasting Quasi-Linear Convective System Tornado Potential Using the Warn-on-Forecast System (WoFS),Kelsey C. Britt; Patrick S. Skinner; Matthew C. Brown; Pamela L. Heinselman; Adam J. Clark,True,Weather and Forecasting,journal,forecast,direct,bibliographic,Not extracted in this bibliographic pass,Not extracted; consult the primary source,Topic indexed from title and venue; exact target and horizon require source review,Bibliographic entry filed under probabilistic guidance & operations. Open the primary source for the study's methods and findings.,已核对题名、作者、出版信息与 DOI；主题归入“概率预报、数值模式与业务应用”。具体方法、输入与结论待进一步阅读原文。,Not extracted in this bibliographic pass,10.1175/waf-d-25-0092.1,,https://doi.org/10.1175/waf-d-25-0092.1,,2026-09-29
shakya2026,2026,From Pixels to Semantics: A Multi-Stage AI Framework for Structural Damage Detection in Satellite Imagery,Bijay Shakya; Catherine Hoier; Khandaker Mamun Ahmed,True,CVPR 2026 Workshops (AI4RWC),conference,agents,direct,annotated,"Super-resolution, object detection and vision-language interpretation",Pre- and post-disaster satellite imagery,Post-event building-damage detection and semantic interpretation,"Combines image enhancement, object detection and a vision-language stage for damage interpretation, with experiments including a tornado-event subset.",将图像增强、目标检测和视觉语言解释结合，用于灾后建筑损伤分析，实验包含龙卷事件子集。,U.S. tornado and hurricane subsets,,2603.22768,https://openaccess.thecvf.com/content/CVPR2026W/AI4RWC/html/Shakya_From_Pixels_to_Semantics_A_Multi-Stage_AI_Framework_for_Structural_CVPRW_2026_paper.html,https://github.com/Mamunahmed33/From-Pixels-to-Semantic,2026-09-29
robinson2026haste,2026,HASTE: A Platform for Rapid Post-Disaster Building Damage Assessment,Caleb Robinson; Anthony Ortiz; Simone Fobi Nsutezo; Cameron Birge; Meygha Machado; Marcelo Duarte; Joaquin Rivero Rodriguez; Anthony Cintron Roman; Kevin White; Inbal Becker-Reshef; Juan M. Lavista Ferres,True,arXiv,preprint,impacts,context,annotated,Interactive segmentation and foundation-model embeddings,"Post-disaster satellite imagery, building footprints and analyst labels",Rapid post-event building-damage mapping,"Presents a web platform for scene-specific segmentation or embedding-based damage classification, with reported response use across disasters including tornadoes.",提供基于场景分割或基础模型特征的交互式建筑灾损制图平台，作者报告的应用灾种包含龙卷。,Multi-hazard applications,,2607.11838,https://arxiv.org/abs/2607.11838,https://github.com/microsoft/haste,2026-09-29
hrrrcast2026,2026,HRRRCast: A Data-Driven Emulator for Regional Weather Forecasting at Convection-Allowing Scales,Daniel Abdi; Isidora Jankov; Paul Madden; Vanderlei Vargas; Timothy A. Smith; Sergey Frolov; Montgomery Flora; Corey Potvin,True,Artificial Intelligence for the Earth Systems,journal,forecast,context,annotated,ResNet; graph model; diffusion ensembles,HRRR and large-scale forecast states,Regional convection-allowing weather emulation,Extends the repository to regional learned emulators relevant to storm evolution.,面向允许对流尺度的区域学习式模拟；回波预报改善不能直接外推为龙卷发生预测改善。,US,10.1175/AIES-D-25-0061.1,2507.05658,https://journals.ametsoc.org/view/journals/aies/aop/AIES-D-25-0061.1/AIES-D-25-0061.1.xml,https://github.com/NOAA-GSL/HRRRCast-live,2026-09-29
ref-6cb3e547bb19,2026,Identifying Barriers and Resources for Equitable Tornado Warning Systems Among Latinx Communities in the Southeast,Mary Lehman Held; Eliza Galvez; Andrea Castillo; Sagen Eatwell; Kelsey Ellis; Claire Brantley; Jennifer M First,True,Bulletin of the American Meteorological Society,journal,social,direct,bibliographic,Not extracted in this bibliographic pass,Not extracted; consult the primary source,Topic indexed from title and venue; exact target and horizon require source review,"Bibliographic entry filed under warnings, health & social response. Open the primary source for the study's methods and findings.",已核对题名、作者、出版信息与 DOI；主题归入“预警传播、健康与社会响应”。具体方法、输入与结论待进一步阅读原文。,Not extracted in this bibliographic pass,10.1175/bams-d-24-0256.1,,https://doi.org/10.1175/bams-d-24-0256.1,,2026-09-29
li2026kaiyuan,2026,Improving the prediction of the 3 July 2019 Kaiyuan tornadic supercell and embedded tornado with radar and surface data assimilation,Haojia Li; Ming Xue,True,Quarterly Journal of the Royal Meteorological Society,journal,forecast,direct,annotated,Radar and surface data assimilation with nested WRF,Seven operational radars and dense surface observations,Simulation of the 2019 Kaiyuan supercell and embedded tornado,Tests assimilation of radar and surface observations and nests a tornado-resolving simulation within a supercell forecast.,检验雷达与地面观测同化对2019年开原超级单体预测的影响，并嵌套能够解析龙卷的高分辨率模拟。,"Liaoning, China",10.1002/qj.70189,,https://doi.org/10.1002/qj.70189,,2026-09-29
ref-2839ca9fb021,2026,Individual disaster communication and posttraumatic stress after a tornado outbreak: The mediating role of resilience processes.,Matthew L. Spialek,True,Traumatology,journal,social,direct,bibliographic,Not extracted in this bibliographic pass,Not extracted; consult the primary source,Topic indexed from title and venue; exact target and horizon require source review,"Bibliographic entry filed under warnings, health & social response. Open the primary source for the study's methods and findings.",已核对题名、作者、出版信息与 DOI；主题归入“预警传播、健康与社会响应”。具体方法、输入与结论待进一步阅读原文。,Not extracted in this bibliographic pass,10.1037/trm0000649,,https://doi.org/10.1037/trm0000649,,2026-09-29
ref-589f6242cddb,2026,Influence of Tornado–Building Interaction on Near-Surface Wind Speeds,Franklin T. Lombardo; Sung Min Moon; David Bodine; Zachary B. Wienhoff; Anthony Reinhart; Alex Schueth; Dilan Yusgiantoro,True,Bulletin of the American Meteorological Society,journal,engineering,direct,bibliographic,Not extracted in this bibliographic pass,Not extracted; consult the primary source,Topic indexed from title and venue; exact target and horizon require source review,Bibliographic entry filed under wind engineering & structural resilience. Open the primary source for the study's methods and findings.,已核对题名、作者、出版信息与 DOI；主题归入“风工程、结构荷载与抗灾设计”。具体方法、输入与结论待进一步阅读原文。,Not extracted in this bibliographic pass,10.1175/bams-d-24-0261.1,,https://doi.org/10.1175/bams-d-24-0261.1,,2026-09-29
ref-0abd1d8521fd,2026,Investigating the outer spiral tornado mechanism in Typhoon Mujigae,Yuchen Liu; Qin Su; Lingkun Ran; Zhaoming Li; Baofeng Jiao,True,Atmospheric and Oceanic Science Letters,journal,foundations,direct,bibliographic,Not extracted in this bibliographic pass,Not extracted; consult the primary source,Topic indexed from title and venue; exact target and horizon require source review,Bibliographic entry filed under foundations & dynamics. Open the primary source for the study's methods and findings.,已核对题名、作者、出版信息与 DOI；主题归入“物理基础与龙卷动力学”。具体方法、输入与结论待进一步阅读原文。,Not extracted in this bibliographic pass,10.1016/j.aosl.2025.100671,,https://doi.org/10.1016/j.aosl.2025.100671,,2026-09-29
ref-f42e0b1cb28a,2026,Investigation of wind load behavior on hip roof structures subjected to Tornado-induced flow,Xiaolong Hao; Yanzhen Jia; Xueyan Wang; Wenlong Cao; Zhibo Zhang,True,PLOS One,journal,engineering,direct,bibliographic,Not extracted in this bibliographic pass,Not extracted; consult the primary source,Topic indexed from title and venue; exact target and horizon require source review,Bibliographic entry filed under wind engineering & structural resilience. Open the primary source for the study's methods and findings.,已核对题名、作者、出版信息与 DOI；主题归入“风工程、结构荷载与抗灾设计”。具体方法、输入与结论待进一步阅读原文。,Not extracted in this bibliographic pass,10.1371/journal.pone.0335098,,https://doi.org/10.1371/journal.pone.0335098,,2026-09-29
ref-f6b97094557c,2026,Key Parameters and Structural Characteristics Governing Tornado and Extreme Wind Loads: A Comprehensive Review,Mohammed Elhousseini; Atef Eraky; Ahmed Elbelbisi; Shimaa Emad,True,CivilEng,journal,evaluation,direct,bibliographic,Not extracted in this bibliographic pass,Not extracted; consult the primary source,Topic indexed from title and venue; exact target and horizon require source review,"Bibliographic entry filed under evaluation, uncertainty & reviews. Open the primary source for the study's methods and findings.",已核对题名、作者、出版信息与 DOI；主题归入“评估、不确定性与综述”。具体方法、输入与结论待进一步阅读原文。,Not extracted in this bibliographic pass,10.3390/civileng7030047,,https://doi.org/10.3390/civileng7030047,,2026-09-29
ref-017577a2f469,2026,Laboratory study of internal pressure in a low-rise building model in a tornado-like vortex including consideration of transient effects,Xinyang Wu; Zhuo Tang; Qiang Chen; Hannah B. Blum; Delong Zuo,True,Engineering Structures,journal,engineering,direct,bibliographic,Not extracted in this bibliographic pass,Not extracted; consult the primary source,Topic indexed from title and venue; exact target and horizon require source review,Bibliographic entry filed under wind engineering & structural resilience. Open the primary source for the study's methods and findings.,已核对题名、作者、出版信息与 DOI；主题归入“风工程、结构荷载与抗灾设计”。具体方法、输入与结论待进一步阅读原文。,Not extracted in this bibliographic pass,10.1016/j.engstruct.2026.122789,,https://doi.org/10.1016/j.engstruct.2026.122789,,2026-09-29
ref-4991a3285466,2026,Latent Profiles and Transition of Academic Burnout and Their Relationship with Posttraumatic Stress Symptoms Among Chinese Adolescents Following the Yancheng Tornado,Yuanyuan Chen; Di An; Yiting Huang; Guangzhe Yuan; Yuanyuan An,True,"Journal of Aggression, Maltreatment & Trauma",journal,social,direct,bibliographic,Not extracted in this bibliographic pass,Not extracted; consult the primary source,Topic indexed from title and venue; exact target and horizon require source review,"Bibliographic entry filed under warnings, health & social response. Open the primary source for the study's methods and findings.",已核对题名、作者、出版信息与 DOI；主题归入“预警传播、健康与社会响应”。具体方法、输入与结论待进一步阅读原文。,Not extracted in this bibliographic pass,10.1080/10926771.2026.2653975,,https://doi.org/10.1080/10926771.2026.2653975,,2026-09-29
ref-20eb242bb7eb,2026,Lessons from the storm: evaluating the effectiveness of a post-tornado tetanus awareness campaign in Nebraska,Ayokunle Olagoke; Olivia Weng; Molly Elston; Leah Casanave; Cameron Dunn; Rachel Garg; Kimberly J. Johnson; Victoria De La Vega; Alexis K. Marsh; Iheard Leadership Team; Matthew W. Kreuter,True,Journal of Communication in Healthcare,journal,social,direct,bibliographic,Not extracted in this bibliographic pass,Not extracted; consult the primary source,Topic indexed from title and venue; exact target and horizon require source review,"Bibliographic entry filed under warnings, health & social response. Open the primary source for the study's methods and findings.",已核对题名、作者、出版信息与 DOI；主题归入“预警传播、健康与社会响应”。具体方法、输入与结论待进一步阅读原文。,Not extracted in this bibliographic pass,10.1080/17538068.2026.2728445,,https://doi.org/10.1080/17538068.2026.2728445,,2026-09-29
capuli2026,2026,"Localized Tornado Outbreak at the Upstream of a Tropical Easterly Wave in Camarines Norte, Philippines (13 September 2025)",Generich H. Capuli,True,arXiv,preprint,climatology,direct,annotated,Tropical case analysis,Weather observations and environmental analysis,Philippines tornado outbreak; case study,"Adds a tropical, non-US case to the geographic research map.",补入菲律宾热带环境个例，提醒区域龙卷机制不应只套用美国大平原范式。,Philippines,,2604.20222,https://arxiv.org/abs/2604.20222,,2026-09-29
ref-d940e425d472,2026,Looking into the i of the Storm: An Overview of Mid-1880s Contingency Table Indices for Studying Tornado Data,Eric J. Beh,True,Mathematics,journal,foundations,direct,bibliographic,Not extracted in this bibliographic pass,Not extracted; consult the primary source,Topic indexed from title and venue; exact target and horizon require source review,Bibliographic entry filed under foundations & dynamics. Open the primary source for the study's methods and findings.,已核对题名、作者、出版信息与 DOI；主题归入“物理基础与龙卷动力学”。具体方法、输入与结论待进一步阅读原文。,Not extracted in this bibliographic pass,10.3390/math14061019,,https://doi.org/10.3390/math14061019,,2026-09-29
ref-37f580e9d0aa,2026,Mapping Social Media Response to Crisis Events: A Spatial Deviation Analysis of Public Reaction on X and Tornado Paths in Oklahoma,Arif Mohaimin Sadri; Samiha Karim Subah,True,Proceedings of the International ISCRAM Conference,conference,social,direct,bibliographic,Not extracted in this bibliographic pass,Not extracted; consult the primary source,Topic indexed from title and venue; exact target and horizon require source review,"Bibliographic entry filed under warnings, health & social response. Open the primary source for the study's methods and findings.",已核对题名、作者、出版信息与 DOI；主题归入“预警传播、健康与社会响应”。具体方法、输入与结论待进一步阅读原文。,Not extracted in this bibliographic pass,10.59297/6k59fh23,,https://doi.org/10.59297/6k59fh23,,2026-09-29
ref-d3968cc9df50,2026,Modified Rapid Needs Assessments in Nebraska (USA) Following the 2024 Arbor Day Tornado,Sarah E. Scales; Rachael L. Birn; Terra Uhing; Robert Ball; Caleb Kuddes; Justin Frederick; Kristina W. Kintziger,True,Prehospital and Disaster Medicine,journal,social,direct,bibliographic,Not extracted in this bibliographic pass,Not extracted; consult the primary source,Topic indexed from title and venue; exact target and horizon require source review,"Bibliographic entry filed under warnings, health & social response. Open the primary source for the study's methods and findings.",已核对题名、作者、出版信息与 DOI；主题归入“预警传播、健康与社会响应”。具体方法、输入与结论待进一步阅读原文。,Not extracted in this bibliographic pass,10.1017/s1049023x26108899,,https://doi.org/10.1017/s1049023x26108899,,2026-09-29
ref-2b5d1f25be3b,2026,Multi-Level In-Situ Measurements During a Direct Hit by a Significant Tornado,David M. L. Sills; Connell S. Miller,True,Atmosphere-Ocean,journal,sensing,direct,bibliographic,Not extracted in this bibliographic pass,Not extracted; consult the primary source,Topic indexed from title and venue; exact target and horizon require source review,Bibliographic entry filed under novel sensing & observation. Open the primary source for the study's methods and findings.,已核对题名、作者、出版信息与 DOI；主题归入“新型观测与传感”。具体方法、输入与结论待进一步阅读原文。,Not extracted in this bibliographic pass,10.1080/07055900.2025.2554837,,https://doi.org/10.1080/07055900.2025.2554837,,2026-09-29
ref-57f2257d47a6,2026,Multiscale Analysis of Dixie Alley Tornado and Null Events,Jonathan P. Klepatzki; Shawn M. Milrad,True,E-Journal of Severe Storms Meteorology,journal,foundations,direct,bibliographic,Not extracted in this bibliographic pass,Not extracted; consult the primary source,Topic indexed from title and venue; exact target and horizon require source review,Bibliographic entry filed under foundations & dynamics. Open the primary source for the study's methods and findings.,已核对题名、作者、出版信息与 DOI；主题归入“物理基础与龙卷动力学”。具体方法、输入与结论待进一步阅读原文。,Not extracted in this bibliographic pass,10.55599/ejssm.v21i1.94,,https://doi.org/10.55599/ejssm.v21i1.94,,2026-09-29
ref-7cbc6d2614d8,2026,Numerical Simulations of Tornado-Like Vortices Translating toward Rough Surfaces,Hiroki Sato; Tetsuya Takemi,True,Journal of the Atmospheric Sciences,journal,foundations,direct,bibliographic,Not extracted in this bibliographic pass,Not extracted; consult the primary source,Topic indexed from title and venue; exact target and horizon require source review,Bibliographic entry filed under foundations & dynamics. Open the primary source for the study's methods and findings.,已核对题名、作者、出版信息与 DOI；主题归入“物理基础与龙卷动力学”。具体方法、输入与结论待进一步阅读原文。,Not extracted in this bibliographic pass,10.1175/jas-d-25-0171.1,,https://doi.org/10.1175/jas-d-25-0171.1,,2026-09-29
ref-c5a781c0e033,2026,On the Tornadic and Nontornadic Mesovortices within a Quasi-Linear Convective System Observed by Dual-Polarization Radar in Northeast China,Chao Yuan; Deqin Li; Pengfei Sun; Xue Yang; Lei Yang,True,Journal of Meteorological Research,journal,radar,direct,bibliographic,Not extracted in this bibliographic pass,Not extracted; consult the primary source,Topic indexed from title and venue; exact target and horizon require source review,Bibliographic entry filed under radar signatures & tracking. Open the primary source for the study's methods and findings.,已核对题名、作者、出版信息与 DOI；主题归入“雷达特征、识别与追踪”。具体方法、输入与结论待进一步阅读原文。,Not extracted in this bibliographic pass,10.1007/s13351-026-4202-1,,https://doi.org/10.1007/s13351-026-4202-1,,2026-09-29
ref-1b0e9f354bb5,2026,Overview and Forecasting of the Historic Tornado Outbreak in Southern Brazil on 7 November 2025,Maurício I. Oliveira; Murilo M. Lopes; Rafael J. C. Santana; Vitor Goede; Bruno Z. Ribeiro; Guilherme Schild; Lais Santos; Letícia O. dos Santos; Ernani L. Nascimento; Izabelly C. Costa; Yoran Cherbonnier; Vanessa Ferreira,True,Bulletin of the American Meteorological Society,journal,forecast,direct,bibliographic,Not extracted in this bibliographic pass,Not extracted; consult the primary source,Topic indexed from title and venue; exact target and horizon require source review,Bibliographic entry filed under probabilistic guidance & operations. Open the primary source for the study's methods and findings.,已核对题名、作者、出版信息与 DOI；主题归入“概率预报、数值模式与业务应用”。具体方法、输入与结论待进一步阅读原文。,Not extracted in this bibliographic pass,10.1175/bams-d-25-0319.1,,https://doi.org/10.1175/bams-d-25-0319.1,,2026-09-29
ref-5855e332cda0,2026,Pengaruh Edukasi Flashcard Tornado Safety Terhadap Pengetahuan Tentang Bencana Angin Puting Beliung Pada Siswa Di SDN Waru Wetan Pucuk,Nasywa Aurellia; Rizky Asta Pramestirini; Lilis Maghfuroh,True,Borneo Nursing Journal (BNJ),journal,social,direct,bibliographic,Not extracted in this bibliographic pass,Not extracted; consult the primary source,Topic indexed from title and venue; exact target and horizon require source review,"Bibliographic entry filed under warnings, health & social response. Open the primary source for the study's methods and findings.",已核对题名、作者、出版信息与 DOI；主题归入“预警传播、健康与社会响应”。具体方法、输入与结论待进一步阅读原文。,Not extracted in this bibliographic pass,10.61878/bnj.v8i2.1034,,https://doi.org/10.61878/bnj.v8i2.1034,,2026-09-29
ref-0891baad4eb7,2026,Physics-Enhanced Multistage Tornado Prediction Network Using Doppler Radar Data,Jinyang Xie; Kanghui Zhou; Lei Han; Xuming Zhang; Yongguang Zheng,True,IEEE Transactions on Geoscience and Remote Sensing,journal,dl,direct,bibliographic,Not extracted in this bibliographic pass,Not extracted; consult the primary source,Topic indexed from title and venue; exact target and horizon require source review,Bibliographic entry filed under deep tornado detection & prediction. Open the primary source for the study's methods and findings.,已核对题名、作者、出版信息与 DOI；主题归入“深度学习检测与发生预测”。具体方法、输入与结论待进一步阅读原文。,Not extracted in this bibliographic pass,10.1109/tgrs.2026.3705532,,https://doi.org/10.1109/tgrs.2026.3705532,,2026-09-29
ref-979e6654f876,2026,Physics-Informed Stochastic Modeling of Tornado-Induced Building Losses,Mohamad Habibnia; John W. van de Lindt,True,Journal of Structural Engineering,journal,engineering,direct,bibliographic,Not extracted in this bibliographic pass,Not extracted; consult the primary source,Topic indexed from title and venue; exact target and horizon require source review,Bibliographic entry filed under wind engineering & structural resilience. Open the primary source for the study's methods and findings.,已核对题名、作者、出版信息与 DOI；主题归入“风工程、结构荷载与抗灾设计”。具体方法、输入与结论待进一步阅读原文。,Not extracted in this bibliographic pass,10.1061/jsendh.steng-16144,,https://doi.org/10.1061/jsendh.steng-16144,,2026-09-29
ref-a25165343409,2026,Post-disaster investigation and WRF model reconstruction of April 27th tornado in Guangzhou based on muti-source data fusion,Songyan Hu; Zexian Li; Jian Wu; Yi Yang; Muguang Liu; Zhuangning Xie,True,Advances in Wind Engineering,journal,impacts,direct,bibliographic,Not extracted in this bibliographic pass,Not extracted; consult the primary source,Topic indexed from title and venue; exact target and horizon require source review,Bibliographic entry filed under damage recognition & impacts. Open the primary source for the study's methods and findings.,已核对题名、作者、出版信息与 DOI；主题归入“灾后视觉识别与影响评估”。具体方法、输入与结论待进一步阅读原文。,Not extracted in this bibliographic pass,10.1016/j.awe.2025.100098,,https://doi.org/10.1016/j.awe.2025.100098,,2026-09-29
ref-3f0bf8ed1047,2026,"Post-disaster survey and CFD analysis of the April 27, 2024, Guangzhou tornado",Yujie Liu; Yanhua Liu; Jiyang Fu; Kang Zhou; Ting Wang; Yuncheng He,True,Journal of Building Engineering,journal,impacts,direct,bibliographic,Not extracted in this bibliographic pass,Not extracted; consult the primary source,Topic indexed from title and venue; exact target and horizon require source review,Bibliographic entry filed under damage recognition & impacts. Open the primary source for the study's methods and findings.,已核对题名、作者、出版信息与 DOI；主题归入“灾后视觉识别与影响评估”。具体方法、输入与结论待进一步阅读原文。,Not extracted in this bibliographic pass,10.1016/j.jobe.2026.115821,,https://doi.org/10.1016/j.jobe.2026.115821,,2026-09-29
ref-07ab9f5aac06,2026,Projecting May tornado outbreak patterns in a warming climate,Paulina Ćwik; Renee A. McPherson; Funing Li; Jason C. Furtado; Harold E. Brooks; Hugo K. Lee,True,npj Climate and Atmospheric Science,journal,climatology,direct,bibliographic,Not extracted in this bibliographic pass,Not extracted; consult the primary source,Topic indexed from title and venue; exact target and horizon require source review,Bibliographic entry filed under climatology & environments. Open the primary source for the study's methods and findings.,已核对题名、作者、出版信息与 DOI；主题归入“气候统计、环境与区域研究”。具体方法、输入与结论待进一步阅读原文。,Not extracted in this bibliographic pass,10.1038/s41612-026-01474-w,,https://doi.org/10.1038/s41612-026-01474-w,,2026-09-29
farahkhah2026,2026,Quantum-Grassmann-Plucker Token Mixing for Deep Learning-Based Post-Disaster Damage Assessment,Kooroush Farahkhah; Umut Lagap; Taha Rezaei; Saman Ghaffarian,True,arXiv,preprint,impacts,direct,annotated,Geometric and quantum-inspired token mixing,Paired pre/post-event satellite image patches from xBD tornado events,Post-event building-damage classification with an unseen-event evaluation,"Compares geometric and quantum-inspired token-mixing heads on paired tornado-damage imagery, including an event held out from development.",在龙卷灾前灾后卫星图像上比较几何及量子启发的特征混合方法，并设置未参与开发的事件进行评估。,"Joplin, Moore and Tuscaloosa, United States",,2608.30633,https://arxiv.org/abs/2608.30633,,2026-09-29
ref-e850e4d21c74,2026,"Rapid-Scan, Polarimetric, Mobile, X-Band, Doppler-Radar Observations of the Evolution and Structure of an Anticyclonic Tornado and a Satellite Vortex in the Selden, Kansas, Supercell of 24 May 2021",Howard B. Bluestein; Jacob A. Margraf; Trey A. Greenwood; Samuel Emmerson; Jeffrey C. Snyder; Louis J. Wicker; David J. Bodine,True,Monthly Weather Review,journal,evaluation,direct,bibliographic,Not extracted in this bibliographic pass,Not extracted; consult the primary source,Topic indexed from title and venue; exact target and horizon require source review,"Bibliographic entry filed under evaluation, uncertainty & reviews. Open the primary source for the study's methods and findings.",已核对题名、作者、出版信息与 DOI；主题归入“评估、不确定性与综述”。具体方法、输入与结论待进一步阅读原文。,Not extracted in this bibliographic pass,10.1175/mwr-d-25-0278.1,,https://doi.org/10.1175/mwr-d-25-0278.1,,2026-09-29
ref-a45f27c89ac4,2026,Reflecting on a Decade of Formalized Tornado Emergencies,Edward C. Wolff; James S. Goodnight; Leanne Blind-Doskocil; Elijah M. Conklin; Evan T. Gustafson; Joseph E. Trujillo-Falcón,True,Bulletin of the American Meteorological Society,journal,foundations,direct,bibliographic,Not extracted in this bibliographic pass,Not extracted; consult the primary source,Topic indexed from title and venue; exact target and horizon require source review,Bibliographic entry filed under foundations & dynamics. Open the primary source for the study's methods and findings.,已核对题名、作者、出版信息与 DOI；主题归入“物理基础与龙卷动力学”。具体方法、输入与结论待进一步阅读原文。,Not extracted in this bibliographic pass,10.1175/bams-d-25-0245.1,,https://doi.org/10.1175/bams-d-25-0245.1,,2026-09-29
ref-0b1b779475cf,2026,"Resident perspectives on tornado-induced tree canopy loss and a decade of regrowth in Springfield, Massachusetts",C. B. Powning; R. W. Harper; D. V. Bloniarz; K. J. Kahl; E. M. Markowitz,True,Natural Hazards,journal,impacts,direct,bibliographic,Not extracted in this bibliographic pass,Not extracted; consult the primary source,Topic indexed from title and venue; exact target and horizon require source review,Bibliographic entry filed under damage recognition & impacts. Open the primary source for the study's methods and findings.,已核对题名、作者、出版信息与 DOI；主题归入“灾后视觉识别与影响评估”。具体方法、输入与结论待进一步阅读原文。,Not extracted in this bibliographic pass,10.1007/s11069-025-07797-w,,https://doi.org/10.1007/s11069-025-07797-w,,2026-09-29
ref-083dd547868d,2026,Revisiting a 25-year database of tornado damage paths using the new International Fujita (IF) scale,Oriol Rodríguez; Salvador Castán; Joan Bech,True,Natural Hazards,journal,rating,direct,bibliographic,Not extracted in this bibliographic pass,Not extracted; consult the primary source,Topic indexed from title and venue; exact target and horizon require source review,Bibliographic entry filed under intensity & damage-based rating. Open the primary source for the study's methods and findings.,已核对题名、作者、出版信息与 DOI；主题归入“强度估计与灾损分级”。具体方法、输入与结论待进一步阅读原文。,Not extracted in this bibliographic pass,10.1007/s11069-026-08281-9,,https://doi.org/10.1007/s11069-026-08281-9,,2026-09-29
ref-bfb4ce6ed4be,2026,Robustness of Metal Building Roof Corners under Tornado‐Induced Internal Pressure Variations,Shihang Wang; Xinyang Wu; Delong Zuo; Hannah B. Blum,True,ce/papers,journal,engineering,direct,bibliographic,Not extracted in this bibliographic pass,Not extracted; consult the primary source,Topic indexed from title and venue; exact target and horizon require source review,Bibliographic entry filed under wind engineering & structural resilience. Open the primary source for the study's methods and findings.,已核对题名、作者、出版信息与 DOI；主题归入“风工程、结构荷载与抗灾设计”。具体方法、输入与结论待进一步阅读原文。,Not extracted in this bibliographic pass,10.1002/cepa.70677,,https://doi.org/10.1002/cepa.70677,,2026-09-29
ref-b8bd0ce0d219,2026,Rota e análise do tornado de Rio Bonito do Iguaçu,Marcos Balicki,True,Revista Brasileira de Climatologia,journal,foundations,direct,bibliographic,Not extracted in this bibliographic pass,Not extracted; consult the primary source,Topic indexed from title and venue; exact target and horizon require source review,Bibliographic entry filed under foundations & dynamics. Open the primary source for the study's methods and findings.,已核对题名、作者、出版信息与 DOI；主题归入“物理基础与龙卷动力学”。具体方法、输入与结论待进一步阅读原文。,Not extracted in this bibliographic pass,10.55761/abclima.v38i22.21160,,https://doi.org/10.55761/abclima.v38i22.21160,,2026-09-29
ref-82e9330ea851,2026,Seasonal prediction of springtime tornado activity in the United States using a hybrid model,Matthew Graber; Zhuo Wang; Robert J. Trapp,True,Weather and Climate Dynamics,journal,forecast,direct,bibliographic,Not extracted in this bibliographic pass,Not extracted; consult the primary source,Topic indexed from title and venue; exact target and horizon require source review,Bibliographic entry filed under probabilistic guidance & operations. Open the primary source for the study's methods and findings.,已核对题名、作者、出版信息与 DOI；主题归入“概率预报、数值模式与业务应用”。具体方法、输入与结论待进一步阅读原文。,Not extracted in this bibliographic pass,10.5194/wcd-7-1349-2026,,https://doi.org/10.5194/wcd-7-1349-2026,,2026-09-29
ref-63ca1271d491,2026,Simulating high-translation-speed tornado-like vortex effects on building aerodynamics through a rapid traversing system,Stefano Brusco; Adrian Costache; Timothy John Acosta; Gregory A. Kopp,True,Journal of Wind Engineering and Industrial Aerodynamics,journal,engineering,direct,bibliographic,Not extracted in this bibliographic pass,Not extracted; consult the primary source,Topic indexed from title and venue; exact target and horizon require source review,Bibliographic entry filed under wind engineering & structural resilience. Open the primary source for the study's methods and findings.,已核对题名、作者、出版信息与 DOI；主题归入“风工程、结构荷载与抗灾设计”。具体方法、输入与结论待进一步阅读原文。,Not extracted in this bibliographic pass,10.1016/j.jweia.2025.106313,,https://doi.org/10.1016/j.jweia.2025.106313,,2026-09-29
bradshaw2026,2026,Singular stationary Navier-Stokes flows: examples and stability,Zachary Bradshaw; Dakota Palmer,True,arXiv,preprint,foundations,context,annotated,Analysis of singular stationary Navier–Stokes flows,Idealized steady flows in domains with boundaries,Structure and stability of mathematical vortices related to Serrin swirling flows,"Studies singular steady flows and their stability, including swirling-vortex examples with qualitative features resembling tornado circulation.",研究有边界区域中奇异定常流的结构与稳定性，其中旋转涡流示例与龙卷环流具有部分定性相似特征。,Mathematical theory,,2606.22291,https://arxiv.org/abs/2606.22291,,2026-09-29
ref-330549a3ac68,2026,"Social Networks, Warning Reception, and Protective Action in a Tornado-Affected Community: A Case Study of Rolling Fork, Mississippi",Justin Sharpe; Tracie Sempier,True,"Weather, Climate, and Society",journal,social,direct,bibliographic,Not extracted in this bibliographic pass,Not extracted; consult the primary source,Topic indexed from title and venue; exact target and horizon require source review,"Bibliographic entry filed under warnings, health & social response. Open the primary source for the study's methods and findings.",已核对题名、作者、出版信息与 DOI；主题归入“预警传播、健康与社会响应”。具体方法、输入与结论待进一步阅读原文。,Not extracted in this bibliographic pass,10.1175/wcas-d-25-0091.1,,https://doi.org/10.1175/wcas-d-25-0091.1,,2026-09-29
ref-488d1ea34a87,2026,Some generalizations of the tornado model,S.N. Artekha,True,Atmospheric Research,journal,foundations,direct,bibliographic,Not extracted in this bibliographic pass,Not extracted; consult the primary source,Topic indexed from title and venue; exact target and horizon require source review,Bibliographic entry filed under foundations & dynamics. Open the primary source for the study's methods and findings.,已核对题名、作者、出版信息与 DOI；主题归入“物理基础与龙卷动力学”。具体方法、输入与结论待进一步阅读原文。,Not extracted in this bibliographic pass,10.1016/j.atmosres.2025.108541,,https://doi.org/10.1016/j.atmosres.2025.108541,,2026-09-29
ref-3749a40467b3,2026,Spatiotemporal Changes in Forest Metrics after a Catastrophic Tornado in Planted Loblolly Pine (Pinus taeda L.) Stands,Simone Lim-Hing; Holly L. Munro; Bronson P. Bullock; Dan M. Johnson; James T. Vogt; Kamal J. K. Gandhi,True,Forest Science,journal,evaluation,direct,bibliographic,Not extracted in this bibliographic pass,Not extracted; consult the primary source,Topic indexed from title and venue; exact target and horizon require source review,"Bibliographic entry filed under evaluation, uncertainty & reviews. Open the primary source for the study's methods and findings.",已核对题名、作者、出版信息与 DOI；主题归入“评估、不确定性与综述”。具体方法、输入与结论待进一步阅读原文。,Not extracted in this bibliographic pass,10.1007/s44391-026-00071-x,,https://doi.org/10.1007/s44391-026-00071-x,,2026-09-29
ref-568ef8c35a15,2026,Strain-resolved analysis of energy dissipation mechanisms in single-cell tornado-like vortices,Qinyu Cai; Yumeng Zhang; Qing Lv; Sijie Dong; Binbin Pei; Bo Wang,True,International Journal of Heat and Fluid Flow,journal,foundations,direct,bibliographic,Not extracted in this bibliographic pass,Not extracted; consult the primary source,Topic indexed from title and venue; exact target and horizon require source review,Bibliographic entry filed under foundations & dynamics. Open the primary source for the study's methods and findings.,已核对题名、作者、出版信息与 DOI；主题归入“物理基础与龙卷动力学”。具体方法、输入与结论待进一步阅读原文。,Not extracted in this bibliographic pass,10.1016/j.ijheatfluidflow.2025.110018,,https://doi.org/10.1016/j.ijheatfluidflow.2025.110018,,2026-09-29
ref-1b7ca163368b,2026,Structural failure analysis of wind turbines in 2024 Greenfield tornado,Muhammad Usama Aslam; Alice Alipour,True,Engineering Failure Analysis,journal,engineering,direct,bibliographic,Not extracted in this bibliographic pass,Not extracted; consult the primary source,Topic indexed from title and venue; exact target and horizon require source review,Bibliographic entry filed under wind engineering & structural resilience. Open the primary source for the study's methods and findings.,已核对题名、作者、出版信息与 DOI；主题归入“风工程、结构荷载与抗灾设计”。具体方法、输入与结论待进一步阅读原文。,Not extracted in this bibliographic pass,10.1016/j.engfailanal.2025.110387,,https://doi.org/10.1016/j.engfailanal.2025.110387,,2026-09-29
ref-80bd236f5d17,2026,Study of Tornado Missile Impact Mitigation for Nuclear Safety-Related Piping Using Viscous Damper Supports,Ran Liu; Shen Wang; Zili Dai,True,Applied Sciences,journal,engineering,direct,bibliographic,Not extracted in this bibliographic pass,Not extracted; consult the primary source,Topic indexed from title and venue; exact target and horizon require source review,Bibliographic entry filed under wind engineering & structural resilience. Open the primary source for the study's methods and findings.,已核对题名、作者、出版信息与 DOI；主题归入“风工程、结构荷载与抗灾设计”。具体方法、输入与结论待进一步阅读原文。,Not extracted in this bibliographic pass,10.3390/app16168259,,https://doi.org/10.3390/app16168259,,2026-09-29
ref-66dfaa9bf1bd,2026,SUPERCELL DYNAMICS AND TORNADOGENESIS IN THE VENETO REGION: SYNOPTIC AND MESOSCALE REANALYSIS OF THE 8 JULY 2015 EF4 TORNADO,"Center for Climate Change, Institute for Interdisciplinary and Multidisciplinary Studies, University of Montenegro, Cetinjska br. 2, 81000 Podgorica, Montenegro,      Department of Geography, Faculty of Philosophy, University of Montenegro, Danila Bojovića bb., 81400 Nikšić, Montenegro; Jovan MIHAJLOVIĆ; Zorica VULOVIĆ; Department of Tourism, Faculty of Geography, University of Belgrade, Studentski trg 3/III, 11000 Belgrade, Republic of Serbia",True,Carpathian Journal of Earth and Environmental Sciences,journal,foundations,direct,bibliographic,Not extracted in this bibliographic pass,Not extracted; consult the primary source,Topic indexed from title and venue; exact target and horizon require source review,Bibliographic entry filed under foundations & dynamics. Open the primary source for the study's methods and findings.,已核对题名、作者、出版信息与 DOI；主题归入“物理基础与龙卷动力学”。具体方法、输入与结论待进一步阅读原文。,Not extracted in this bibliographic pass,10.26471/cjees/2026/021/360,,https://doi.org/10.26471/cjees/2026/021/360,,2026-09-29
ref-6b0aeb9e9e11,2026,"Take cover now ! Communicating about catastrophic danger before, during and after a tornado in rural areas: A case study",Cory L. Armstrong; Matthew S. Van Dyke,True,News Research Journal,journal,social,direct,bibliographic,Not extracted in this bibliographic pass,Not extracted; consult the primary source,Topic indexed from title and venue; exact target and horizon require source review,"Bibliographic entry filed under warnings, health & social response. Open the primary source for the study's methods and findings.",已核对题名、作者、出版信息与 DOI；主题归入“预警传播、健康与社会响应”。具体方法、输入与结论待进一步阅读原文。,Not extracted in this bibliographic pass,10.1177/30497841261450131,,https://doi.org/10.1177/30497841261450131,,2026-09-29
darknet2026,2026,TDA-DARKNet: A Deep Learning Model Based on Dual-Polarization Radar Data for Tornado Detection,Guoxiu Zhang; Qiangyu Zeng; Fugui Zhang; Hao Wang; Tiantian Yu,True,Remote Sensing,journal,dl,direct,annotated,Dense/residual CNN; attention; KAN,Dual-polarization radar,Tornado detection; case-specific lead analyses,A recent radar-deep-learning entry with attention and KAN components.,覆盖最新双偏振深度网络路线；个例提前量不代表所有事件的稳定预警能力。,China,10.3390/rs18081124,,https://www.mdpi.com/2072-4292/18/8/1124,,2026-09-29
ref-8a9ed543e051,2026,The 2025 U.S. Tornado Season: A Busy Start Leads to Quiet End,Jared Guyer,True,Weatherwise,journal,climatology,direct,bibliographic,Not extracted in this bibliographic pass,Not extracted; consult the primary source,Topic indexed from title and venue; exact target and horizon require source review,Bibliographic entry filed under climatology & environments. Open the primary source for the study's methods and findings.,已核对题名、作者、出版信息与 DOI；主题归入“气候统计、环境与区域研究”。具体方法、输入与结论待进一步阅读原文。,Not extracted in this bibliographic pass,10.1080/00431672.2026.2675213,,https://doi.org/10.1080/00431672.2026.2675213,,2026-09-29
ref-43074d0f45e4,2026,The Effectiveness of Tornado Disaster Mitigation Education in Improving the Knowledge of Junior High School Students,Meutia Nanda; Susan Limbong; Tria Annisa Rahmadhani; Syahbrina Meisela Damanik; Karin Karin; Siti Nurhamidah Harahap,True,Ahmar Metastasis Health Journal,journal,social,direct,bibliographic,Not extracted in this bibliographic pass,Not extracted; consult the primary source,Topic indexed from title and venue; exact target and horizon require source review,"Bibliographic entry filed under warnings, health & social response. Open the primary source for the study's methods and findings.",已核对题名、作者、出版信息与 DOI；主题归入“预警传播、健康与社会响应”。具体方法、输入与结论待进一步阅读原文。,Not extracted in this bibliographic pass,10.53770/amhj.v5i4.741,,https://doi.org/10.53770/amhj.v5i4.741,,2026-09-29
ref-cbff6cb85d41,2026,"The Evolution of a Cyclonic Tornado in the Selden, Kansas, Supercell of 24 May 2021: Rapid-Scan, Polarimetric, Mobile, X-Band, Doppler Radar Observations",Howard B. Bluestein; Jacob A. Margraf; Trey A. Greenwood; Samuel Emmerson; Jeffrey C. Snyder; Louis J. Wicker; David J. Bodine,True,Monthly Weather Review,journal,evaluation,direct,bibliographic,Not extracted in this bibliographic pass,Not extracted; consult the primary source,Topic indexed from title and venue; exact target and horizon require source review,"Bibliographic entry filed under evaluation, uncertainty & reviews. Open the primary source for the study's methods and findings.",已核对题名、作者、出版信息与 DOI；主题归入“评估、不确定性与综述”。具体方法、输入与结论待进一步阅读原文。,Not extracted in this bibliographic pass,10.1175/mwr-d-25-0035.1,,https://doi.org/10.1175/mwr-d-25-0035.1,,2026-09-29
ref-f3bf20eb52ee,2026,The Viability of Cycloidal Debris Swaths as a Tornado Wind Speed Estimation Method,David T. Roegner; Franklin T. Lombardo; Daniel M. Rhee,True,Monthly Weather Review,journal,rating,direct,bibliographic,Not extracted in this bibliographic pass,Not extracted; consult the primary source,Topic indexed from title and venue; exact target and horizon require source review,Bibliographic entry filed under intensity & damage-based rating. Open the primary source for the study's methods and findings.,已核对题名、作者、出版信息与 DOI；主题归入“强度估计与灾损分级”。具体方法、输入与结论待进一步阅读原文。,Not extracted in this bibliographic pass,10.1175/mwr-d-25-0042.1,,https://doi.org/10.1175/mwr-d-25-0042.1,,2026-09-29
tordet2025,2026,TorDet: A Refined Two-Stage Deep Learning Approach for Radar-Based Tornado Detection,Maoyu Wang; Kanghui Zhou; Haonan Chen; Lei Han; Yongguang Zheng,True,IEEE Transactions on Geoscience and Remote Sensing,journal,dl,direct,annotated,Two-stage deep learning,CINRAD S-band radar,Radar-based tornado detection,A recent two-stage detector with a released inference interface.,两阶段雷达龙卷检测；作者仓库提供 CINRAD S 波段推理接口与示例。,China,10.1109/TGRS.2025.3647545,,https://ieeexplore.ieee.org/document/11313536/,https://github.com/Tornado-AI/TorDet,2026-09-29
ref-590d352938f8,2026,Tornado Impact and the Built Environment: The Development of an Integrated Risk-Exposure and Spatial Modeling Metric,Mehmet Burak Kaya; Onur Alisan; Eren Erman Ozguven; Ren Moses,True,Geographies,journal,evaluation,direct,bibliographic,Not extracted in this bibliographic pass,Not extracted; consult the primary source,Topic indexed from title and venue; exact target and horizon require source review,"Bibliographic entry filed under evaluation, uncertainty & reviews. Open the primary source for the study's methods and findings.",已核对题名、作者、出版信息与 DOI；主题归入“评估、不确定性与综述”。具体方法、输入与结论待进一步阅读原文。,Not extracted in this bibliographic pass,10.3390/geographies6010032,,https://doi.org/10.3390/geographies6010032,,2026-09-29
ref-a854a9fabb71,2026,Tornado Impact on Public Infrastructure in the Czech Republic: A Case Study of the 2021 Moravia Event,Federla Jakub; Nikola Cihalova; Frolova Simona; Cupal Martin; Korytarova Jana,True,Buildings,journal,foundations,direct,bibliographic,Not extracted in this bibliographic pass,Not extracted; consult the primary source,Topic indexed from title and venue; exact target and horizon require source review,Bibliographic entry filed under foundations & dynamics. Open the primary source for the study's methods and findings.,已核对题名、作者、出版信息与 DOI；主题归入“物理基础与龙卷动力学”。具体方法、输入与结论待进一步阅读原文。,Not extracted in this bibliographic pass,10.3390/buildings16040697,,https://doi.org/10.3390/buildings16040697,,2026-09-29
ref-4a04310cd37a,2026,Tornado Readiness Workshop Planning in Rural Appalachia: Considering Culture and Place,Mara Davis; Elizabeth H. Marold,True,"Weather, Climate, and Society",journal,social,direct,bibliographic,Not extracted in this bibliographic pass,Not extracted; consult the primary source,Topic indexed from title and venue; exact target and horizon require source review,"Bibliographic entry filed under warnings, health & social response. Open the primary source for the study's methods and findings.",已核对题名、作者、出版信息与 DOI；主题归入“预警传播、健康与社会响应”。具体方法、输入与结论待进一步阅读原文。,Not extracted in this bibliographic pass,10.1175/wcas-d-25-0202.1,,https://doi.org/10.1175/wcas-d-25-0202.1,,2026-09-29
ref-3c1b595faf47,2026,Tornado Strike in Mikulčice and Options for Dealing with its Consequences,Pavel Otrisal; Otakar Jiri Mika; Sarka Hoskova-Mayerova,True,Challenges to national defence in contemporary geopolitical situation,journal,foundations,direct,bibliographic,Not extracted in this bibliographic pass,Not extracted; consult the primary source,Topic indexed from title and venue; exact target and horizon require source review,Bibliographic entry filed under foundations & dynamics. Open the primary source for the study's methods and findings.,已核对题名、作者、出版信息与 DOI；主题归入“物理基础与龙卷动力学”。具体方法、输入与结论待进一步阅读原文。,Not extracted in this bibliographic pass,10.47459/cndcgs.2026.96,,https://doi.org/10.47459/cndcgs.2026.96,,2026-09-29
tornadonet2026,2026,TornadoNet: Real-Time Building Damage Detection with Ordinal Supervision,Robinson Umeike; Cuong Pham; Ryan Hausen; Thang Dao; Shane Crawford; Tanya Brown-Giammanco; Gerard Lemson; John van de Lindt; Blythe Johnston; Arik Mitschang; Trung Do,True,arXiv,preprint,impacts,direct,annotated,Object detection with ordinal supervision,Geotagged street-level building imagery,Post-tornado building localization and ordered damage states,Benchmarks CNN and transformer detectors with ordinal damage supervision on street-level imagery from the 2021 Midwest tornado outbreak.,在2021年美国中西部龙卷灾后街景中比较卷积与Transformer检测器，并研究有序损伤监督对建筑检测和分级的影响。,United States,,2603.11557,https://arxiv.org/abs/2603.11557,https://github.com/crumeike/TornadoNet,2026-09-29
ref-85ea1b95b91a,2026,TorViNet: A spatiotemporal deep learning network for tornado detection in user-captured social media videos,Hongjin Chen; Kanghui Zhou; Zhonghua Zheng; Lei Han; Yongguang Zheng,True,Expert Systems with Applications,journal,dl,direct,annotated,Spatiotemporal deep learning for video recognition,User-captured social-media video clips,Recognition of tornado scenes already visible in video; no pre-onset forecast horizon,"Uses a spatiotemporal network to recognize tornado footage in the TorVideo collection, extending the atlas beyond radar-image detection.",面向用户拍摄的社交媒体视频识别龙卷，将研究输入从雷达扩展到地面实景视频；任务是识别已出现的龙卷画面。,China,10.1016/j.eswa.2026.131093,,https://doi.org/10.1016/j.eswa.2026.131093,https://github.com/Tornado-AI/TorViNet,2026-09-29
ref-bf786cf70156,2026,Unraveling extreme tornado–turbine interactions: A modal perspective for interpreting extreme loads and flow structures,Jiahao Wen; Changyong Liu; Lei Zhou; Hui Tang; Qiaoyun Wu; Yong Xia; Xuhui He; Hongfu Zhang,True,Physics of Fluids,journal,engineering,direct,bibliographic,Not extracted in this bibliographic pass,Not extracted; consult the primary source,Topic indexed from title and venue; exact target and horizon require source review,Bibliographic entry filed under wind engineering & structural resilience. Open the primary source for the study's methods and findings.,已核对题名、作者、出版信息与 DOI；主题归入“风工程、结构荷载与抗灾设计”。具体方法、输入与结论待进一步阅读原文。,Not extracted in this bibliographic pass,10.1063/5.0349888,,https://doi.org/10.1063/5.0349888,,2026-09-29
ref-e78c3ca7b53e,2026,Unsteady aerodynamics of a train in a tornado-like vortex: the dominant influence of operating path over train speed and vortex scale,Shengpeng Wang; Liming Du; Yan Wang,True,Journal of the Brazilian Society of Mechanical Sciences and Engineering,journal,engineering,direct,bibliographic,Not extracted in this bibliographic pass,Not extracted; consult the primary source,Topic indexed from title and venue; exact target and horizon require source review,Bibliographic entry filed under wind engineering & structural resilience. Open the primary source for the study's methods and findings.,已核对题名、作者、出版信息与 DOI；主题归入“风工程、结构荷载与抗灾设计”。具体方法、输入与结论待进一步阅读原文。,Not extracted in this bibliographic pass,10.1007/s40430-026-06477-5,,https://doi.org/10.1007/s40430-026-06477-5,,2026-09-29
ref-aa5f7d9595dd,2026,Utility of Radar-Based Preliminary Tornado Tracks with Super-Resolution Velocity Data for Impact-Based Decision Support,Douglas A. Speheger; Richard D. Smith,True,Journal of Operational Meteorology,journal,radar,direct,bibliographic,Not extracted in this bibliographic pass,Not extracted; consult the primary source,Topic indexed from title and venue; exact target and horizon require source review,Bibliographic entry filed under radar signatures & tracking. Open the primary source for the study's methods and findings.,已核对题名、作者、出版信息与 DOI；主题归入“雷达特征、识别与追踪”。具体方法、输入与结论待进一步阅读原文。,Not extracted in this bibliographic pass,10.15191/nwajom.2026.1417,,https://doi.org/10.15191/nwajom.2026.1417,,2026-09-29
ref-56217a61352f,2026,Variability in near-ground tornado dynamics and associated peak pressure loads based on ensemble simulations using a hybrid meteorological–engineering LES framework,Masaharu Kawaguchi; Tetsuro Tamura,True,Journal of Fluids and Structures,journal,engineering,direct,bibliographic,Not extracted in this bibliographic pass,Not extracted; consult the primary source,Topic indexed from title and venue; exact target and horizon require source review,Bibliographic entry filed under wind engineering & structural resilience. Open the primary source for the study's methods and findings.,已核对题名、作者、出版信息与 DOI；主题归入“风工程、结构荷载与抗灾设计”。具体方法、输入与结论待进一步阅读原文。,Not extracted in this bibliographic pass,10.1016/j.jfluidstructs.2026.104595,,https://doi.org/10.1016/j.jfluidstructs.2026.104595,,2026-09-29
ref-9f484d5f3f23,2026,Voting in Ruins: Examining the Effect of a Tornado on Voting Behavior Toward Coalition Government Parties,Jakub Jusko; Peter Spáč,True,Economics & Politics,journal,social,direct,bibliographic,Not extracted in this bibliographic pass,Not extracted; consult the primary source,Topic indexed from title and venue; exact target and horizon require source review,"Bibliographic entry filed under warnings, health & social response. Open the primary source for the study's methods and findings.",已核对题名、作者、出版信息与 DOI；主题归入“预警传播、健康与社会响应”。具体方法、输入与结论待进一步阅读原文。,Not extracted in this bibliographic pass,10.1111/ecpo.70032,,https://doi.org/10.1111/ecpo.70032,,2026-09-29
weatherr12026,2026,Weather-R1: Logically Consistent Reinforcement Fine-Tuning for Multimodal Reasoning in Meteorology,Kaiyu Wu; Pucheng Han; Hualong Zhang; Naigeng Wu; Keze Wang,True,ICASSP 2026,conference,agents,transfer,annotated,Reinforcement fine-tuning; VLM,Meteorological images and questions,Meteorological reasoning consistency,"A transferable reasoning-training method, not established tornado-detection evidence.",提供逻辑一致性的强化微调思路，但尚不能当成龙卷检测有效性的证据。,Unspecified,,2601.14044,https://www.cmsworkshops.com/ICASSP2026/view_paper.php?PaperNum=9095&bare=1,https://github.com/Marcowky/Weather-R1,2026-09-29
ref-73ab924fdba8,2026,"What do large hail, tornado, and severe thunderstorm wind environments have in common across continents?",Mateusz Taszarek; Tomáš Púčik; John T. Allen; Cameron Nixon; Andrew Dowdy; Hernán Bechis; John M. Peters; Pieter Groenemeijer; Bruno Ribeiro; Francesco Battaglioli; Harold E. Brooks,True,Bulletin of the American Meteorological Society,journal,climatology,direct,bibliographic,Not extracted in this bibliographic pass,Not extracted; consult the primary source,Topic indexed from title and venue; exact target and horizon require source review,Bibliographic entry filed under climatology & environments. Open the primary source for the study's methods and findings.,已核对题名、作者、出版信息与 DOI；主题归入“气候统计、环境与区域研究”。具体方法、输入与结论待进一步阅读原文。,Not extracted in this bibliographic pass,10.1175/bams-d-25-0268.1,,https://doi.org/10.1175/bams-d-25-0268.1,,2026-09-29
ref-d8799dd34fb6,2026,Wind pressure model of tornado-induced internal suction for super-large cooling towers,Xu Dong; Ashraf El Damatty; Lin Zhao; Genshen Fang; Jin Wang; Xu Chen,True,Physics of Fluids,journal,engineering,direct,bibliographic,Not extracted in this bibliographic pass,Not extracted; consult the primary source,Topic indexed from title and venue; exact target and horizon require source review,Bibliographic entry filed under wind engineering & structural resilience. Open the primary source for the study's methods and findings.,已核对题名、作者、出版信息与 DOI；主题归入“风工程、结构荷载与抗灾设计”。具体方法、输入与结论待进一步阅读原文。,Not extracted in this bibliographic pass,10.1063/5.0340899,,https://doi.org/10.1063/5.0340899,,2026-09-29
ref-949b51b3b380,2026,X-band phased-array radar data assimilation for a case study on a weak tornado numerical simulation in the westerlies,Kaifeng Zhang; Lingkun Ran; Xiuyuan Zhang; Xianxiang Huang; Chunyan Zhang; Min Zhang,True,Atmospheric and Oceanic Science Letters,journal,forecast,direct,bibliographic,Not extracted in this bibliographic pass,Not extracted; consult the primary source,Topic indexed from title and venue; exact target and horizon require source review,Bibliographic entry filed under probabilistic guidance & operations. Open the primary source for the study's methods and findings.,已核对题名、作者、出版信息与 DOI；主题归入“概率预报、数值模式与业务应用”。具体方法、输入与结论待进一步阅读原文。,Not extracted in this bibliographic pass,10.1016/j.aosl.2026.100863,,https://doi.org/10.1016/j.aosl.2026.100863,,2026-09-29
chen2026xwod,2026,XWOD: A Real-World Benchmark for Object Detection under Extreme Weather Conditions,Chih-Hsin Chen; Yu-Tung Liu; Amar Fadillah; Kuan-Ting Lai; Dong Liu,True,arXiv,preprint,data,context,annotated,Extreme-weather traffic-object detection benchmark,"Real-world traffic images labeled with weather conditions, including tornadoes",Detection of road users and vehicles in adverse-weather imagery,"Introduces a traffic-object benchmark whose weather taxonomy includes tornado scenes, useful for separating weather robustness from tornado recognition.",发布包含龙卷场景标签的恶劣天气交通目标检测基准，可用于研究灾害环境中的视觉鲁棒性。,Multi-region imagery,,2605.11521,https://arxiv.org/abs/2605.11521,,2026-09-29
ma2026henan,2026,豫东北三次龙卷环流背景、环境条件和雷达特征分析,马慧妍,True,山东科学,journal,radar,direct,annotated,Comparative synoptic and radar case analysis,"Conventional observations, ERA5 reanalysis and Doppler radar",Diagnostic characteristics of three historical tornado episodes,Compares environments and radar signatures in three northeastern Henan tornado cases to inform local warning diagnosis.,结合常规观测、ERA5和多普勒雷达，对比豫东北三次龙卷过程，归纳本地监测预警的诊断线索。,"Northeastern Henan, China",10.3976/j.issn.1002-4026.2025131,,https://www.sdkx.net/CN/10.3976/j.issn.1002-4026.2025131,,2026-09-29
liu2025funing,2025,2023年江苏阜宁EF3级龙卷分析与多波段雷达监测预警技术Ⅰ：天气分析与多波段雷达观测,刘俊; 周红根; 夏雨晨; 徐芬; 张兴海; 史朝; 王新,True,热带气象学报 / Journal of Tropical Meteorology,journal,radar,direct,annotated,Multi-band radar case study,"Environmental analyses, damage survey and multi-band radar observations",Analysis of the 19 September 2023 Funing tornado,Combines event and environmental analysis with multi-band radar observations of the 2023 Funing EF3 tornado.,结合灾情、天气背景和多波段雷达观测分析2023年阜宁EF3龙卷，补充近期国内协同观测文献。,"Jiangsu, China",10.16032/j.issn.1004-4965.2025.066,,https://rdqxxb.itmm.org.cn/article/doi/10.16032/j.issn.1004-4965.2025.066,,2026-09-29
tornet2025,2025,A Benchmark Dataset for Tornado Detection and Prediction using Full-Resolution Polarimetric Weather Radar Data,Mark S. Veillette; James M. Kurdzo; Phillip M. Stepanian; John Y. N. Cho; Tony Reis; Siddharth Samsi; Joseph McDonald; Nicholas Chisler,True,Artificial Intelligence for the Earth Systems,journal,data,direct,annotated,Dataset and CNN baseline,Full-resolution polarimetric weather radar,Tornado detection benchmark; prediction extensions,TorNet provides an open radar benchmark and baseline from MIT Lincoln Laboratory.,MIT Lincoln Laboratory 的开放雷达数据集与基线；为可复现的龙卷检测研究提供入口。,US,10.1175/AIES-D-24-0006.1,2401.16437,https://journals.ametsoc.org/view/journals/aies/4/1/AIES-D-24-0006.1.xml,https://github.com/mit-ll/tornet,2026-09-29
aurora2025,2025,A foundation model for the Earth system,Cristian Bodnar; Wessel P. Bruinsma; Ana Lucic; Megan Stanley; Anna Allen; Johannes Brandstetter; Patrick Garvan; Maik Riechert; Jonathan A. Weyn; Haiyu Dong; Jayesh K. Gupta; Kit Thambiratnam; Alexander T. Archibald; Chun-Chieh Wu; Elizabeth Heider; Max Welling; Richard E. Turner; Paris Perdikaris,True,Nature,journal,transfer,transfer,annotated,Earth-system foundation model; Aurora,Diverse Earth-system data,Multiple Earth-system forecast tasks,An adaptable foundation-model design to consider for transfer research.,地球系统基础模型的迁移设计参考；不把其通用能力当作龙卷任务实验证据。,Global,10.1038/s41586-025-09005-y,2405.13063,https://www.nature.com/articles/s41586-025-09005-y,https://github.com/microsoft/aurora,2026-09-29
ref-529af3b1fb20,2025,A framework for resilience analysis and equitable recovery in tornado-impacted communities using agent-based modeling and computer vision-based damage assessment,Abdullah M. Braik; Xu Han; Maria Koliou,True,International Journal of Disaster Risk Reduction,journal,impacts,direct,bibliographic,Not extracted in this bibliographic pass,Not extracted; consult the primary source,Topic indexed from title and venue; exact target and horizon require source review,Bibliographic entry filed under damage recognition & impacts. Open the primary source for the study's methods and findings.,已核对题名、作者、出版信息与 DOI；主题归入“灾后视觉识别与影响评估”。具体方法、输入与结论待进一步阅读原文。,Not extracted in this bibliographic pass,10.1016/j.ijdrr.2025.105427,,https://doi.org/10.1016/j.ijdrr.2025.105427,,2026-09-29
kong2025,2025,A Mesoscale‐to‐LES Modeling of Tornado‐Like Vortex and Associated Local Strong Winds in Urban Area,Xiangrui Kong; Guixing Chen; Lanqiang Bai; Lingkun Ran; Shaoting Zhang; Zhiyong Meng,True,Journal of Geophysical Research: Atmospheres,journal,foundations,direct,annotated,Mesoscale-to-large-eddy simulation,Nested storm simulation and explicit urban building geometry,Urban modification of a tornado-like vortex and local winds,Resolves a tornado-like vortex interacting with building clusters to examine changes in vortex structure and local strong winds.,在嵌套模拟中显式描述龙卷状涡旋与建筑群的相互作用，研究城市建筑如何改变涡旋结构和局地强风。,South China,10.1029/2025jd044574,,https://doi.org/10.1029/2025jd044574,,2026-09-29
ref-d68740684b79,2025,A modified 3D analytical viscous model of single-cell tornado-like atmospheric vortices,Jagdish Prasad Maurya; Shruti; Sanjay Kumar Pandey,True,Physica Scripta,journal,foundations,direct,bibliographic,Not extracted in this bibliographic pass,Not extracted; consult the primary source,Topic indexed from title and venue; exact target and horizon require source review,Bibliographic entry filed under foundations & dynamics. Open the primary source for the study's methods and findings.,已核对题名、作者、出版信息与 DOI；主题归入“物理基础与龙卷动力学”。具体方法、输入与结论待进一步阅读原文。,Not extracted in this bibliographic pass,10.1088/1402-4896/ae24bc,,https://doi.org/10.1088/1402-4896/ae24bc,,2026-09-29
ref-8e38b4e63932,2025,"A Narrative Literature Review of the 2011 Joplin, Missouri Tornado: Myriad Lessons Learned from One of the Worst Tornadoes in U.S. History",Mitchel Stimers; Bimal Kanti Paul,True,Prevention and Treatment of Natural Disasters,journal,evaluation,direct,bibliographic,Not extracted in this bibliographic pass,Not extracted; consult the primary source,Topic indexed from title and venue; exact target and horizon require source review,"Bibliographic entry filed under evaluation, uncertainty & reviews. Open the primary source for the study's methods and findings.",已核对题名、作者、出版信息与 DOI；主题归入“评估、不确定性与综述”。具体方法、输入与结论待进一步阅读原文。,Not extracted in this bibliographic pass,10.54963/ptnd.v4i1.1052,,https://doi.org/10.54963/ptnd.v4i1.1052,,2026-09-29
zeng2025,2025,A Novel Tornado Detection Algorithm Based on XGBoost,Qiangyu Zeng; Guoxiu Zhang; Shangdan Huang; Wenwen Song; Jianxin He; Hao Wang; Yin Liu,True,Remote Sensing,journal,ml,direct,annotated,XGBoost,Radar-derived predictors,Tornado detection,A recent tree-based alternative that belongs alongside deep models.,补齐近期树模型路线，方便与深度网络进行公平基线比较。,China,10.3390/rs17010167,,https://www.mdpi.com/2072-4292/17/1/167,,2026-09-29
ref-e5f8b839f503,2025,"A numerical study of the Tornado-like vortex event over Oahu, Hawaii, on 8 June 2003",Chih-Ying Chen; Yi-Leng Chen; Feng Hsiao; Chuan-Yao Lin,True,Geoscience Letters,journal,foundations,direct,bibliographic,Not extracted in this bibliographic pass,Not extracted; consult the primary source,Topic indexed from title and venue; exact target and horizon require source review,Bibliographic entry filed under foundations & dynamics. Open the primary source for the study's methods and findings.,已核对题名、作者、出版信息与 DOI；主题归入“物理基础与龙卷动力学”。具体方法、输入与结论待进一步阅读原文。,Not extracted in this bibliographic pass,10.1186/s40562-025-00386-6,,https://doi.org/10.1186/s40562-025-00386-6,,2026-09-29
ref-5f104ed9ace0,2025,A probabilistic framework for estimating roof panel failure in low-rise buildings subjected to tornado loads,Jin Wang; Zhekun Zhu,True,Advances in Wind Engineering,journal,engineering,direct,bibliographic,Not extracted in this bibliographic pass,Not extracted; consult the primary source,Topic indexed from title and venue; exact target and horizon require source review,Bibliographic entry filed under wind engineering & structural resilience. Open the primary source for the study's methods and findings.,已核对题名、作者、出版信息与 DOI；主题归入“风工程、结构荷载与抗灾设计”。具体方法、输入与结论待进一步阅读原文。,Not extracted in this bibliographic pass,10.1016/j.awe.2025.100086,,https://doi.org/10.1016/j.awe.2025.100086,,2026-09-29
ref-c09a2c356f37,2025,A Significant Tornado Event near a Dryline Bulge in Northern Italy,Francesco De Martin; Federico Pavan; Nicola Carlon; Guido Cioni; Christopher Rozoff; Virginia Poli; Sebastiano Carpentari; Mario Marcello Miglietta,True,Weather and Forecasting,journal,foundations,direct,bibliographic,Not extracted in this bibliographic pass,Not extracted; consult the primary source,Topic indexed from title and venue; exact target and horizon require source review,Bibliographic entry filed under foundations & dynamics. Open the primary source for the study's methods and findings.,已核对题名、作者、出版信息与 DOI；主题归入“物理基础与龙卷动力学”。具体方法、输入与结论待进一步阅读原文。,Not extracted in this bibliographic pass,10.1175/waf-d-25-0071.1,,https://doi.org/10.1175/waf-d-25-0071.1,,2026-09-29
ref-3f95e5dd9488,2025,A unified model and analytical solution for wind fields associated with tornado vortices,Jian Kang; Teng Wu,True,Physics of Fluids,journal,foundations,direct,bibliographic,Not extracted in this bibliographic pass,Not extracted; consult the primary source,Topic indexed from title and venue; exact target and horizon require source review,Bibliographic entry filed under foundations & dynamics. Open the primary source for the study's methods and findings.,已核对题名、作者、出版信息与 DOI；主题归入“物理基础与龙卷动力学”。具体方法、输入与结论待进一步阅读原文。,Not extracted in this bibliographic pass,10.1063/5.0292147,,https://doi.org/10.1063/5.0292147,,2026-09-29
agentcaster2025,2025,AgentCaster: Reasoning-Guided Tornado Forecasting,Michael Chen,True,arXiv,preprint,agents,direct,annotated,Multimodal reasoning agents,Convection-allowing forecast maps and soundings,12–36 h tornado-risk polygon forecasting,Tests reasoning-guided agents on tornado-risk forecasting and explicit hallucination-related evaluation.,直接面向龙卷风险预报的智能体研究，关注风险区域、推理与幻觉评估。,US,,2510.03349,https://arxiv.org/abs/2510.03349,https://github.com/agentcaster/agentcaster,2026-09-29
ref-cb5d1c41e024,2025,An investigation of the major characteristics of surface pressure fields beneath two types of tornado-like vortices and their causes,Zhuo Tang; Qiang Chen; Xinyang Wu; Darryl L. James; Delong Zuo,True,Experiments in Fluids,journal,foundations,direct,bibliographic,Not extracted in this bibliographic pass,Not extracted; consult the primary source,Topic indexed from title and venue; exact target and horizon require source review,Bibliographic entry filed under foundations & dynamics. Open the primary source for the study's methods and findings.,已核对题名、作者、出版信息与 DOI；主题归入“物理基础与龙卷动力学”。具体方法、输入与结论待进一步阅读原文。,Not extracted in this bibliographic pass,10.1007/s00348-025-04099-6,,https://doi.org/10.1007/s00348-025-04099-6,,2026-09-29
ref-7e659e0bba13,2025,Analysis of the Dynamic Process of Tornado Formation on 28 July 2024,Xin Zhou; Ling Yang; Shuqing Ma; Ruifeng Wang; Zhaoming Li; Yuchen Song; Yongsheng Gao; Jinyan Xu,True,Remote Sensing,journal,foundations,direct,bibliographic,Not extracted in this bibliographic pass,Not extracted; consult the primary source,Topic indexed from title and venue; exact target and horizon require source review,Bibliographic entry filed under foundations & dynamics. Open the primary source for the study's methods and findings.,已核对题名、作者、出版信息与 DOI；主题归入“物理基础与龙卷动力学”。具体方法、输入与结论待进一步阅读原文。,Not extracted in this bibliographic pass,10.3390/rs17152615,,https://doi.org/10.3390/rs17152615,,2026-09-29
ref-cfd65aaa04c0,2025,Analyzing Susceptibility to Tornado-Induced Injuries Using Hybrid Tree-Based Classifiers and Advanced Resampling Techniques,Ramazan Özgenç; Ömer Ekmekcıoğlu; Ali Denız,True,Journal of Meteorological Research,journal,social,direct,bibliographic,Not extracted in this bibliographic pass,Not extracted; consult the primary source,Topic indexed from title and venue; exact target and horizon require source review,"Bibliographic entry filed under warnings, health & social response. Open the primary source for the study's methods and findings.",已核对题名、作者、出版信息与 DOI；主题归入“预警传播、健康与社会响应”。具体方法、输入与结论待进一步阅读原文。,Not extracted in this bibliographic pass,10.1007/s13351-025-5055-8,,https://doi.org/10.1007/s13351-025-5055-8,,2026-09-29
ref-8edfaf27a0cc,2025,Axisymmetric Analysis of Tornado-Like Vortices in Simulated Supercells,Richard Rotunno; Paul M. Markowski,True,Journal of the Atmospheric Sciences,journal,evaluation,direct,bibliographic,Not extracted in this bibliographic pass,Not extracted; consult the primary source,Topic indexed from title and venue; exact target and horizon require source review,"Bibliographic entry filed under evaluation, uncertainty & reviews. Open the primary source for the study's methods and findings.",已核对题名、作者、出版信息与 DOI；主题归入“评估、不确定性与综述”。具体方法、输入与结论待进一步阅读原文。,Not extracted in this bibliographic pass,10.1175/jas-d-25-0086.1,,https://doi.org/10.1175/jas-d-25-0086.1,,2026-09-29
ref-89a4c415f7fa,2025,Can a Global Climate Model Reproduce a Tornado Outbreak Atmospheric Pattern? Methodology and a Case Study,Paulina Ćwik; Renee A. McPherson; Funing Li; Jason C. Furtado,True,Atmosphere,journal,climatology,direct,bibliographic,Not extracted in this bibliographic pass,Not extracted; consult the primary source,Topic indexed from title and venue; exact target and horizon require source review,Bibliographic entry filed under climatology & environments. Open the primary source for the study's methods and findings.,已核对题名、作者、出版信息与 DOI；主题归入“气候统计、环境与区域研究”。具体方法、输入与结论待进一步阅读原文。,Not extracted in this bibliographic pass,10.3390/atmos16080923,,https://doi.org/10.3390/atmos16080923,,2026-09-29
ref-3c6abcad6370,2025,Challenges in radar-based non-supercell tornado detection using machine learning approaches,Kiki Kiki; Yonny Koesmaryono; Rahmat Hidayat; Donaldi Sukma Permana; Perdinan Perdinan; Abdullah Ali,True,TELKOMNIKA (Telecommunication Computing Electronics and Control),journal,evaluation,direct,bibliographic,Not extracted in this bibliographic pass,Not extracted; consult the primary source,Topic indexed from title and venue; exact target and horizon require source review,"Bibliographic entry filed under evaluation, uncertainty & reviews. Open the primary source for the study's methods and findings.",已核对题名、作者、出版信息与 DOI；主题归入“评估、不确定性与综述”。具体方法、输入与结论待进一步阅读原文。,Not extracted in this bibliographic pass,10.12928/telkomnika.v24i1.27451,,https://doi.org/10.12928/telkomnika.v24i1.27451,,2026-09-29
ref-9ea3722ec383,2025,Cladding pressure and load characteristics of a tall building under a simulated tornado-like vortex: An experimental study,Nayan Deep Tiwari; Partha P. Sarkar,True,Journal of Wind Engineering and Industrial Aerodynamics,journal,engineering,direct,bibliographic,Not extracted in this bibliographic pass,Not extracted; consult the primary source,Topic indexed from title and venue; exact target and horizon require source review,Bibliographic entry filed under wind engineering & structural resilience. Open the primary source for the study's methods and findings.,已核对题名、作者、出版信息与 DOI；主题归入“风工程、结构荷载与抗灾设计”。具体方法、输入与结论待进一步阅读原文。,Not extracted in this bibliographic pass,10.1016/j.jweia.2025.106059,,https://doi.org/10.1016/j.jweia.2025.106059,,2026-09-29
ref-dcc8213be420,2025,Climatology of tornado occurrences in southern Brazil,Murilo Machado Lopes; Ernani de Lima Nascimento,True,Ciência e Natura,journal,climatology,direct,bibliographic,Not extracted in this bibliographic pass,Not extracted; consult the primary source,Topic indexed from title and venue; exact target and horizon require source review,Bibliographic entry filed under climatology & environments. Open the primary source for the study's methods and findings.,已核对题名、作者、出版信息与 DOI；主题归入“气候统计、环境与区域研究”。具体方法、输入与结论待进一步阅读原文。,Not extracted in this bibliographic pass,10.5902/2179460x84051,,https://doi.org/10.5902/2179460x84051,,2026-09-29
ref-b6d40fb75e19,2025,Corrigendum to “Mid-century climate change impacts on tornado-producing tropical cyclones” [Weather Clim. Extr. 44 (2024) 100684],Dakota C. Forbis; Christina M. Patricola; Emily Bercos-Hickey; William A. Gallus Jr.,True,Weather and Climate Extremes,journal,climatology,direct,bibliographic,Not extracted in this bibliographic pass,Not extracted; consult the primary source,Topic indexed from title and venue; exact target and horizon require source review,Bibliographic entry filed under climatology & environments. Open the primary source for the study's methods and findings.,已核对题名、作者、出版信息与 DOI；主题归入“气候统计、环境与区域研究”。具体方法、输入与结论待进一步阅读原文。,Not extracted in this bibliographic pass,10.1016/j.wace.2025.100759,,https://doi.org/10.1016/j.wace.2025.100759,,2026-09-29
ref-2b99376e987a,2025,Damage Survey and Multisensor Analysis of a Cold Season Tornado Outbreak in Southern Brazil,Murilo Machado Lopes; Maurício Ilha de Oliveira; Vitor Goede; Vanessa Ferreira; Ernani de Lima Nascimento,True,Journal of Applied Meteorology and Climatology,journal,climatology,direct,bibliographic,Not extracted in this bibliographic pass,Not extracted; consult the primary source,Topic indexed from title and venue; exact target and horizon require source review,Bibliographic entry filed under climatology & environments. Open the primary source for the study's methods and findings.,已核对题名、作者、出版信息与 DOI；主题归入“气候统计、环境与区域研究”。具体方法、输入与结论待进一步阅读原文。,Not extracted in this bibliographic pass,10.1175/jamc-d-24-0146.1,,https://doi.org/10.1175/jamc-d-24-0146.1,,2026-09-29
ref-7593ea54943d,2025,Definition of a NaTech risk analysis methodology for assessing tornado-related risk for storage tanks,Fabrizio Santamato; Valentina Busini,True,Reliability Engineering & System Safety,journal,engineering,direct,bibliographic,Not extracted in this bibliographic pass,Not extracted; consult the primary source,Topic indexed from title and venue; exact target and horizon require source review,Bibliographic entry filed under wind engineering & structural resilience. Open the primary source for the study's methods and findings.,已核对题名、作者、出版信息与 DOI；主题归入“风工程、结构荷载与抗灾设计”。具体方法、输入与结论待进一步阅读原文。,Not extracted in this bibliographic pass,10.1016/j.ress.2025.111419,,https://doi.org/10.1016/j.ress.2025.111419,,2026-09-29
ref-404de46ce829,2025,Discussion on the Forecasting Techniques for a Water Tornado Process in Shenzhen Airport,锡斌 冯,True,Open Journal of Natural Science,journal,forecast,direct,bibliographic,Not extracted in this bibliographic pass,Not extracted; consult the primary source,Topic indexed from title and venue; exact target and horizon require source review,Bibliographic entry filed under probabilistic guidance & operations. Open the primary source for the study's methods and findings.,已核对题名、作者、出版信息与 DOI；主题归入“概率预报、数值模式与业务应用”。具体方法、输入与结论待进一步阅读原文。,Not extracted in this bibliographic pass,10.12677/ojns.2025.132039,,https://doi.org/10.12677/ojns.2025.132039,,2026-09-29
ref-68d1ca0f7c2b,2025,Dual‐Polarization Phased Array Radar Observations of Quasi‐Linear Convective System Tornadic Mesovortices,A. Addison Alford; Rachel L. Miller; Charles M. Kuster,True,Geophysical Research Letters,journal,radar,direct,bibliographic,Not extracted in this bibliographic pass,Not extracted; consult the primary source,Topic indexed from title and venue; exact target and horizon require source review,Bibliographic entry filed under radar signatures & tracking. Open the primary source for the study's methods and findings.,已核对题名、作者、出版信息与 DOI；主题归入“雷达特征、识别与追踪”。具体方法、输入与结论待进一步阅读原文。,Not extracted in this bibliographic pass,10.1029/2025gl115283,,https://doi.org/10.1029/2025gl115283,,2026-09-29
xie2025ts,2025,Enhancing multi-task learning-based Tornado identification using spatial and temporal information from weather radar images,Jinyang Xie; Kanghui Zhou; Lei Han; Liang Guan; Maoyu Wang; Yongguang Zheng; Hongjin Chen; Jiaqi Mao,True,Applied Soft Computing,journal,dl,direct,annotated,TS-MTINet spatiotemporal multi-task learning,Time sequences of weather-radar images,Tornado identification and number estimation,Extends multi-task tornado identification by incorporating temporal evolution alongside spatial radar information.,在多任务龙卷识别中加入雷达图像的时间演变信息，连接单时刻空间识别与连续观测建模。,China,10.1016/j.asoc.2025.113834,,https://doi.org/10.1016/j.asoc.2025.113834,,2026-09-29
ref-98e753bb27c6,2025,Environments of tornadic and non‐tornadic supercells in China and optimized significant tornado parameter for China region,Ruqian Zhang; Ming Xue; Xiaoding Yu,True,Quarterly Journal of the Royal Meteorological Society,journal,climatology,direct,bibliographic,Not extracted in this bibliographic pass,Not extracted; consult the primary source,Topic indexed from title and venue; exact target and horizon require source review,Bibliographic entry filed under climatology & environments. Open the primary source for the study's methods and findings.,已核对题名、作者、出版信息与 DOI；主题归入“气候统计、环境与区域研究”。具体方法、输入与结论待进一步阅读原文。,Not extracted in this bibliographic pass,10.1002/qj.5027,,https://doi.org/10.1002/qj.5027,,2026-09-29
ref-1f8d63e149d6,2025,Estimating tornado occurrence and tornado wind hazard in China,Y.X. Liu; Y. Zhang; H.P. Hong,True,Weather and Climate Extremes,journal,climatology,direct,bibliographic,Not extracted in this bibliographic pass,Not extracted; consult the primary source,Topic indexed from title and venue; exact target and horizon require source review,Bibliographic entry filed under climatology & environments. Open the primary source for the study's methods and findings.,已核对题名、作者、出版信息与 DOI；主题归入“气候统计、环境与区域研究”。具体方法、输入与结论待进一步阅读原文。,Not extracted in this bibliographic pass,10.1016/j.wace.2025.100834,,https://doi.org/10.1016/j.wace.2025.100834,,2026-09-29
ref-43c614a2bc12,2025,"Evaluating community-level tornado losses and the cost–benefit of enhanced residential building codes: A case study of Moore, Oklahoma",Xinyang Wu; Guangzhao Chen,True,Advances in Wind Engineering,journal,engineering,direct,bibliographic,Not extracted in this bibliographic pass,Not extracted; consult the primary source,Topic indexed from title and venue; exact target and horizon require source review,Bibliographic entry filed under wind engineering & structural resilience. Open the primary source for the study's methods and findings.,已核对题名、作者、出版信息与 DOI；主题归入“风工程、结构荷载与抗灾设计”。具体方法、输入与结论待进一步阅读原文。,Not extracted in this bibliographic pass,10.1016/j.awe.2025.100088,,https://doi.org/10.1016/j.awe.2025.100088,,2026-09-29
ref-861d0bf246ba,2025,"Examining Meteorological Benefits of Rapid-Scan, Fully Digital Phased Array Radar Observations for Detecting Tornado Formation and Intensification",Brandon K. Cohen; David J. Bodine; Mark B. Yeary; Jeffrey C. Snyder; Howard B. Bluestein,True,Journal of Atmospheric and Oceanic Technology,journal,radar,direct,bibliographic,Not extracted in this bibliographic pass,Not extracted; consult the primary source,Topic indexed from title and venue; exact target and horizon require source review,Bibliographic entry filed under radar signatures & tracking. Open the primary source for the study's methods and findings.,已核对题名、作者、出版信息与 DOI；主题归入“雷达特征、识别与追踪”。具体方法、输入与结论待进一步阅读原文。,Not extracted in this bibliographic pass,10.1175/jtech-d-24-0104.1,,https://doi.org/10.1175/jtech-d-24-0104.1,,2026-09-29
ref-4c2a234808f2,2025,Experimental investigation of vortex wandering dynamics in single-cell tornado-like vortices,Yumeng Zhang; Pengfei Lv; Sijie Dong; Yuxiang Liu; Bo Wang,True,Journal of Fluid Mechanics,journal,foundations,direct,bibliographic,Not extracted in this bibliographic pass,Not extracted; consult the primary source,Topic indexed from title and venue; exact target and horizon require source review,Bibliographic entry filed under foundations & dynamics. Open the primary source for the study's methods and findings.,已核对题名、作者、出版信息与 DOI；主题归入“物理基础与龙卷动力学”。具体方法、输入与结论待进一步阅读原文。,Not extracted in this bibliographic pass,10.1017/jfm.2025.10862,,https://doi.org/10.1017/jfm.2025.10862,,2026-09-29
ref-f84124e4e894,2025,Exploring couples’ information-seeking behaviors when faced with a rare tornado threat,Chih-Chun Lin; Shih-Kai Huang; Hao Zhang; Barend Stander; Hao-Che Wu; Haley Murphy,True,Natural Hazards,journal,social,direct,bibliographic,Not extracted in this bibliographic pass,Not extracted; consult the primary source,Topic indexed from title and venue; exact target and horizon require source review,"Bibliographic entry filed under warnings, health & social response. Open the primary source for the study's methods and findings.",已核对题名、作者、出版信息与 DOI；主题归入“预警传播、健康与社会响应”。具体方法、输入与结论待进一步阅读原文。,Not extracted in this bibliographic pass,10.1007/s11069-025-07425-7,,https://doi.org/10.1007/s11069-025-07425-7,,2026-09-29
ref-18693dd3ca56,2025,Favorability of Tornado-Like Vortex Formation and Duration as a Function of Surface Drag in Idealized Simulations,Qin Jiang; Daniel T. Dawson; Daniel R. Chavas,True,Monthly Weather Review,journal,foundations,direct,bibliographic,Not extracted in this bibliographic pass,Not extracted; consult the primary source,Topic indexed from title and venue; exact target and horizon require source review,Bibliographic entry filed under foundations & dynamics. Open the primary source for the study's methods and findings.,已核对题名、作者、出版信息与 DOI；主题归入“物理基础与龙卷动力学”。具体方法、输入与结论待进一步阅读原文。,Not extracted in this bibliographic pass,10.1175/mwr-d-24-0137.1,,https://doi.org/10.1175/mwr-d-24-0137.1,,2026-09-29
ref-9980dd5c6295,2025,Feature Selection with Support Vector Machines Applied on Tornado Detection,Budi Santosa,True,IPTEK The Journal for Technology and Science,journal,ml,direct,bibliographic,Not extracted in this bibliographic pass,Not extracted; consult the primary source,Topic indexed from title and venue; exact target and horizon require source review,Bibliographic entry filed under statistical & classical ml. Open the primary source for the study's methods and findings.,已核对题名、作者、出版信息与 DOI；主题归入“统计学习与传统机器学习”。具体方法、输入与结论待进一步阅读原文。,Not extracted in this bibliographic pass,10.12962/j20882033.v18i1.5938,,https://doi.org/10.12962/j20882033.v18i1.5938,,2026-09-29
ref-8f86257cb835,2025,Field Investigation and Analysis on the Damage to Steel Structure Buildings Caused by the “4·27” Tornado in Guangzhou Baiyun District,Taihui ZUO; Ye CHENG; Xugang HUA,True,Industrial Construction,journal,engineering,direct,bibliographic,Not extracted in this bibliographic pass,Not extracted; consult the primary source,Topic indexed from title and venue; exact target and horizon require source review,Bibliographic entry filed under wind engineering & structural resilience. Open the primary source for the study's methods and findings.,已核对题名、作者、出版信息与 DOI；主题归入“风工程、结构荷载与抗灾设计”。具体方法、输入与结论待进一步阅读原文。,Not extracted in this bibliographic pass,10.3724/j.gyjzg24063002,,https://doi.org/10.3724/j.gyjzg24063002,,2026-09-29
ref-f4f9aea50309,2025,Geographic constraints on rapid comprehension of tornado warning information,Jason C. Senkbeil; Kathleen Sherman-Morris; S.M. Asger Ali; Cole Vaughn; Bernard Abubakari; Daniella Alaso,True,Applied Geography,journal,foundations,direct,bibliographic,Not extracted in this bibliographic pass,Not extracted; consult the primary source,Topic indexed from title and venue; exact target and horizon require source review,Bibliographic entry filed under foundations & dynamics. Open the primary source for the study's methods and findings.,已核对题名、作者、出版信息与 DOI；主题归入“物理基础与龙卷动力学”。具体方法、输入与结论待进一步阅读原文。,Not extracted in this bibliographic pass,10.1016/j.apgeog.2025.103598,,https://doi.org/10.1016/j.apgeog.2025.103598,,2026-09-29
ref-664899e773e5,2025,Indonesia tornado database: tornado climatology of Indonesia,Irfans Maulana Firdaus; Takeshi Yamazaki; Muhammad Rais Abdillah; Edi Riawan,True,Natural Hazards and Earth System Sciences,journal,climatology,direct,bibliographic,Not extracted in this bibliographic pass,Not extracted; consult the primary source,Topic indexed from title and venue; exact target and horizon require source review,Bibliographic entry filed under climatology & environments. Open the primary source for the study's methods and findings.,已核对题名、作者、出版信息与 DOI；主题归入“气候统计、环境与区域研究”。具体方法、输入与结论待进一步阅读原文。,Not extracted in this bibliographic pass,10.5194/nhess-25-4331-2025,,https://doi.org/10.5194/nhess-25-4331-2025,,2026-09-29
ref-f6c93b45aa02,2025,Influence of swirl ratio on the structure and dynamics of tornado-like vortices,Soohyeon Kang; Rajesh Ramesh; Yulia Peet; Leonardo P. Chamorro,True,Physics of Fluids,journal,foundations,direct,bibliographic,Not extracted in this bibliographic pass,Not extracted; consult the primary source,Topic indexed from title and venue; exact target and horizon require source review,Bibliographic entry filed under foundations & dynamics. Open the primary source for the study's methods and findings.,已核对题名、作者、出版信息与 DOI；主题归入“物理基础与龙卷动力学”。具体方法、输入与结论待进一步阅读原文。,Not extracted in this bibliographic pass,10.1063/5.0270056,,https://doi.org/10.1063/5.0270056,,2026-09-29
ref-0527cfd7f39b,2025,"INVIERNO: 11 de febrero de 2025, Tornado en el litoral de Huelva",Carlos Manuel Jiménez-Cavero,True,Revista Tiempo y Clima,journal,foundations,direct,bibliographic,Not extracted in this bibliographic pass,Not extracted; consult the primary source,Topic indexed from title and venue; exact target and horizon require source review,Bibliographic entry filed under foundations & dynamics. Open the primary source for the study's methods and findings.,已核对题名、作者、出版信息与 DOI；主题归入“物理基础与龙卷动力学”。具体方法、输入与结论待进一步阅读原文。,Not extracted in this bibliographic pass,10.30859/ametycn88p36,,https://doi.org/10.30859/ametycn88p36,,2026-09-29
ref-b626e3bbb251,2025,KANs Layer Integration: Benchmarking Deep Learning Architectures for Tornado Prediction,Shuo (Luna) Yang; Ehsaneh Vilataj; Muhammad Faizan Raza; Satish Mahadevan Srinivasan,True,Big Data and Cognitive Computing,journal,data,direct,bibliographic,Not extracted in this bibliographic pass,Not extracted; consult the primary source,Topic indexed from title and venue; exact target and horizon require source review,Bibliographic entry filed under datasets & benchmarks. Open the primary source for the study's methods and findings.,已核对题名、作者、出版信息与 DOI；主题归入“数据集与基准”。具体方法、输入与结论待进一步阅读原文。,Not extracted in this bibliographic pass,10.3390/bdcc9120324,,https://doi.org/10.3390/bdcc9120324,,2026-09-29
ref-73dee5ea4ce0,2025,"Kinematic Structure of a Tornado Based on an Analysis of Lofted Debris Speeds, Debris Orientation, and Mobile Radar Data",Roger M. Wakimoto; David J. Bodine; Howard B. Bluestein; Trey Greenwood; Samuel Emmerson,True,Monthly Weather Review,journal,radar,direct,bibliographic,Not extracted in this bibliographic pass,Not extracted; consult the primary source,Topic indexed from title and venue; exact target and horizon require source review,Bibliographic entry filed under radar signatures & tracking. Open the primary source for the study's methods and findings.,已核对题名、作者、出版信息与 DOI；主题归入“雷达特征、识别与追踪”。具体方法、输入与结论待进一步阅读原文。,Not extracted in this bibliographic pass,10.1175/mwr-d-24-0176.1,,https://doi.org/10.1175/mwr-d-24-0176.1,,2026-09-29
ref-db1ceffd966e,2025,Linking weather regimes to the variability of warm-season tornado activity over the United States,Matthew Graber; Zhuo Wang; Robert J. Trapp,True,Weather and Climate Dynamics,journal,climatology,direct,bibliographic,Not extracted in this bibliographic pass,Not extracted; consult the primary source,Topic indexed from title and venue; exact target and horizon require source review,Bibliographic entry filed under climatology & environments. Open the primary source for the study's methods and findings.,已核对题名、作者、出版信息与 DOI；主题归入“气候统计、环境与区域研究”。具体方法、输入与结论待进一步阅读原文。,Not extracted in this bibliographic pass,10.5194/wcd-6-807-2025,,https://doi.org/10.5194/wcd-6-807-2025,,2026-09-29
ref-f696c5cc52c4,2025,Meteorological indices for potential occurrence of waterspout/tornado in Hong Kong,Y.T. Leung; K.F. Lam; T.K. Lau; Y.W. Chan; Pak Wai Chan,True,Meteorologische Zeitschrift,journal,climatology,direct,bibliographic,Not extracted in this bibliographic pass,Not extracted; consult the primary source,Topic indexed from title and venue; exact target and horizon require source review,Bibliographic entry filed under climatology & environments. Open the primary source for the study's methods and findings.,已核对题名、作者、出版信息与 DOI；主题归入“气候统计、环境与区域研究”。具体方法、输入与结论待进一步阅读原文。,Not extracted in this bibliographic pass,10.1127/metz/2025/1268,,https://doi.org/10.1127/metz/2025/1268,,2026-09-29
ref-30c19180ebfb,2025,Moving tornado-induced effects on a wind turbine: Insights into dynamic load responses,Jiahao Wen; Hongfu Zhang; Changyong Liu; Yong Xia; Xuhui He; Lei Zhou,True,Engineering Structures,journal,engineering,direct,bibliographic,Not extracted in this bibliographic pass,Not extracted; consult the primary source,Topic indexed from title and venue; exact target and horizon require source review,Bibliographic entry filed under wind engineering & structural resilience. Open the primary source for the study's methods and findings.,已核对题名、作者、出版信息与 DOI；主题归入“风工程、结构荷载与抗灾设计”。具体方法、输入与结论待进一步阅读原文。,Not extracted in this bibliographic pass,10.1016/j.engstruct.2025.120999,,https://doi.org/10.1016/j.engstruct.2025.120999,,2026-09-29
ref-ff2be40f6524,2025,Numerical Investigation of Wind-Wave Loads on Nuclear-Powered Icebreakers in Tornado Extreme Environments,Linlin Yin; Zhenju Chuang; Ankang Hu; Zhenze Yang; Jixu Yang,True,Journal of Marine Science and Engineering,journal,engineering,direct,bibliographic,Not extracted in this bibliographic pass,Not extracted; consult the primary source,Topic indexed from title and venue; exact target and horizon require source review,Bibliographic entry filed under wind engineering & structural resilience. Open the primary source for the study's methods and findings.,已核对题名、作者、出版信息与 DOI；主题归入“风工程、结构荷载与抗灾设计”。具体方法、输入与结论待进一步阅读原文。,Not extracted in this bibliographic pass,10.3390/jmse14010028,,https://doi.org/10.3390/jmse14010028,,2026-09-29
ref-9641a561677f,2025,Numerical Simulation of Tornado-like Vortices Induced by Small-Scale Cyclostrophic Wind Perturbations,Yuhan Liu; Yongqiang Jiang; Chaohui Chen; Yun Zhang; Hongrang He; Xiong Chen; Ruilin Zhong,True,Atmosphere,journal,foundations,direct,bibliographic,Not extracted in this bibliographic pass,Not extracted; consult the primary source,Topic indexed from title and venue; exact target and horizon require source review,Bibliographic entry filed under foundations & dynamics. Open the primary source for the study's methods and findings.,已核对题名、作者、出版信息与 DOI；主题归入“物理基础与龙卷动力学”。具体方法、输入与结论待进一步阅读原文。,Not extracted in this bibliographic pass,10.3390/atmos16010108,,https://doi.org/10.3390/atmos16010108,,2026-09-29
ref-057e17d72e6c,2025,On Discrete Convective Updrafts and Tornadoes in Quasi-Linear Convective Systems,Edward C. Wolff; Robert J. Trapp; Stephen W. Nesbitt; Matthew D. Parker; Karen A. Kosiba; Joshua Wurman,True,Weather and Forecasting,journal,foundations,direct,bibliographic,Not extracted in this bibliographic pass,Not extracted; consult the primary source,Topic indexed from title and venue; exact target and horizon require source review,Bibliographic entry filed under foundations & dynamics. Open the primary source for the study's methods and findings.,已核对题名、作者、出版信息与 DOI；主题归入“物理基础与龙卷动力学”。具体方法、输入与结论待进一步阅读原文。,Not extracted in this bibliographic pass,10.1175/waf-d-24-0080.1,,https://doi.org/10.1175/waf-d-24-0080.1,,2026-09-29
ref-df136cd923af,2025,On the Consistency between the Fujita and Enhanced Fujita Scales and Implications for the U.S. Tornado Climatology,Anthony W. Lyza,True,Monthly Weather Review,journal,rating,direct,bibliographic,Not extracted in this bibliographic pass,Not extracted; consult the primary source,Topic indexed from title and venue; exact target and horizon require source review,Bibliographic entry filed under intensity & damage-based rating. Open the primary source for the study's methods and findings.,已核对题名、作者、出版信息与 DOI；主题归入“强度估计与灾损分级”。具体方法、输入与结论待进一步阅读原文。,Not extracted in this bibliographic pass,10.1175/mwr-d-24-0265.1,,https://doi.org/10.1175/mwr-d-24-0265.1,,2026-09-29
ref-da579b74b16a,2025,"On the Convective Environments, Modes, and Warning Verifications of Tornado‐ and Flash Flood‐Warned Storms in the Southeast United States",Daniel Burow; Kelsey Kressler; Zoe Searcy,True,Meteorological Applications,journal,evaluation,direct,bibliographic,Not extracted in this bibliographic pass,Not extracted; consult the primary source,Topic indexed from title and venue; exact target and horizon require source review,"Bibliographic entry filed under evaluation, uncertainty & reviews. Open the primary source for the study's methods and findings.",已核对题名、作者、出版信息与 DOI；主题归入“评估、不确定性与综述”。具体方法、输入与结论待进一步阅读原文。,Not extracted in this bibliographic pass,10.1002/met.70062,,https://doi.org/10.1002/met.70062,,2026-09-29
ref-7886c93cc4d7,2025,"Post-tornado automated building damage evaluation and recovery prediction by integrating remote sensing, deep learning, and restoration models",Abdullah M. Braik; Maria Koliou,True,Sustainable Cities and Society,journal,impacts,direct,bibliographic,Not extracted in this bibliographic pass,Not extracted; consult the primary source,Topic indexed from title and venue; exact target and horizon require source review,Bibliographic entry filed under damage recognition & impacts. Open the primary source for the study's methods and findings.,已核对题名、作者、出版信息与 DOI；主题归入“灾后视觉识别与影响评估”。具体方法、输入与结论待进一步阅读原文。,Not extracted in this bibliographic pass,10.1016/j.scs.2025.106286,,https://doi.org/10.1016/j.scs.2025.106286,,2026-09-29
ref-ac905e96c8ed,2025,Post-tornado roadway debris detection from satellite images: An integrated GIS and image processing approach,Richard Boadu Antwi; Prince Lartey Lawson; Eren Erman Ozguven; Ren Moses,True,Remote Sensing Applications: Society and Environment,journal,foundations,direct,bibliographic,Not extracted in this bibliographic pass,Not extracted; consult the primary source,Topic indexed from title and venue; exact target and horizon require source review,Bibliographic entry filed under foundations & dynamics. Open the primary source for the study's methods and findings.,已核对题名、作者、出版信息与 DOI；主题归入“物理基础与龙卷动力学”。具体方法、输入与结论待进一步阅读原文。,Not extracted in this bibliographic pass,10.1016/j.rsase.2024.101439,,https://doi.org/10.1016/j.rsase.2024.101439,,2026-09-29
ref-81ab707b2712,2025,Predicting tornado-induced building damage: A comparative study of tree-based models and graph neural networks,Danrong Zhang; Nimisha Roy; Ruijia Wang; J. David Frost,True,International Journal of Disaster Risk Reduction,journal,impacts,direct,bibliographic,Not extracted in this bibliographic pass,Not extracted; consult the primary source,Topic indexed from title and venue; exact target and horizon require source review,Bibliographic entry filed under damage recognition & impacts. Open the primary source for the study's methods and findings.,已核对题名、作者、出版信息与 DOI；主题归入“灾后视觉识别与影响评估”。具体方法、输入与结论待进一步阅读原文。,Not extracted in this bibliographic pass,10.1016/j.ijdrr.2025.105525,,https://doi.org/10.1016/j.ijdrr.2025.105525,,2026-09-29
ref-c726ccef59a2,2025,Prediction of critical tornado load effects on multi-span transmission line–insulator systems: A framework integrated with analytical and optimization methods,Tao Chen; Dahai Wang; Zenghao Huang; Qingshan Yang; Guoqing Huang,True,Journal of Wind Engineering and Industrial Aerodynamics,journal,engineering,direct,bibliographic,Not extracted in this bibliographic pass,Not extracted; consult the primary source,Topic indexed from title and venue; exact target and horizon require source review,Bibliographic entry filed under wind engineering & structural resilience. Open the primary source for the study's methods and findings.,已核对题名、作者、出版信息与 DOI；主题归入“风工程、结构荷载与抗灾设计”。具体方法、输入与结论待进一步阅读原文。,Not extracted in this bibliographic pass,10.1016/j.jweia.2025.106136,,https://doi.org/10.1016/j.jweia.2025.106136,,2026-09-29
ref-1da72b294652,2025,Prediction of possible tornado strike using complex m-polar fuzzy information based on Dombi operators,M. Haris Mateen; Nazash Mustafa; Dragan Pamucar; Walid Emam,True,Ain Shams Engineering Journal,journal,ml,direct,bibliographic,Not extracted in this bibliographic pass,Not extracted; consult the primary source,Topic indexed from title and venue; exact target and horizon require source review,Bibliographic entry filed under statistical & classical ml. Open the primary source for the study's methods and findings.,已核对题名、作者、出版信息与 DOI；主题归入“统计学习与传统机器学习”。具体方法、输入与结论待进一步阅读原文。,Not extracted in this bibliographic pass,10.1016/j.asej.2025.103467,,https://doi.org/10.1016/j.asej.2025.103467,,2026-09-29
ref-00fe6657549b,2025,"Profile of Injuries and Conditions Treated in a Rural, Temporary Emergency Site Following an EF-4 Tornado",Unsa Arain; Ansu Edwards; Jeremy Benoit; Josh Symes; John McCarter; Leslie McKenzie; Sarah Sterling,True,Journal of the Mississippi State Medical Association,journal,social,direct,bibliographic,Not extracted in this bibliographic pass,Not extracted; consult the primary source,Topic indexed from title and venue; exact target and horizon require source review,"Bibliographic entry filed under warnings, health & social response. Open the primary source for the study's methods and findings.",已核对题名、作者、出版信息与 DOI；主题归入“预警传播、健康与社会响应”。具体方法、输入与结论待进一步阅读原文。,Not extracted in this bibliographic pass,10.67225/001c.151722,,https://doi.org/10.67225/001c.151722,,2026-09-29
radarqa2025,2025,RadarQA: Multi-modal Quality Analysis of Weather Radar Forecasts,Xuming He; Zhiyuan You; Junchao Gong; Couhua Liu; Xiaoyu Yue; Peiqin Zhuang; Wenlong Zhang; Lei Bai,True,arXiv,preprint,agents,transfer,annotated,Multimodal large language model,Radar forecast frames and sequences,Quality analysis and descriptive forecast assessment,Provides a radar-forecast assessment paradigm and the RQA-70K dataset.,评价雷达预报质量并生成描述性报告；不能当作已验证的龙卷识别模型。,Unspecified,,2508.12291,https://arxiv.org/abs/2508.12291,https://github.com/hexmSeeU/RadarQA,2026-09-29
ref-cbe2ef99925b,2025,Recovering of Biodiversity in Bottomland Hardwood Forests After a Tornado and Salvage Logging in Southern Illinois (USA),Laura A. Schammel; Eric J. Holzmueller; John W. Groninger; Charles M. Ruffner; John L. Nelson,True,Ecologies,journal,impacts,direct,bibliographic,Not extracted in this bibliographic pass,Not extracted; consult the primary source,Topic indexed from title and venue; exact target and horizon require source review,Bibliographic entry filed under damage recognition & impacts. Open the primary source for the study's methods and findings.,已核对题名、作者、出版信息与 DOI；主题归入“灾后视觉识别与影响评估”。具体方法、输入与结论待进一步阅读原文。,Not extracted in this bibliographic pass,10.3390/ecologies6020027,,https://doi.org/10.3390/ecologies6020027,,2026-09-29
ref-10c7b48a7af2,2025,"Repeated disaster and the economic valuation of place: temporal dynamics of tornado effects on housing prices in the United States, 1980–2010",Amy Read,True,Population and Environment,journal,social,direct,bibliographic,Not extracted in this bibliographic pass,Not extracted; consult the primary source,Topic indexed from title and venue; exact target and horizon require source review,"Bibliographic entry filed under warnings, health & social response. Open the primary source for the study's methods and findings.",已核对题名、作者、出版信息与 DOI；主题归入“预警传播、健康与社会响应”。具体方法、输入与结论待进一步阅读原文。,Not extracted in this bibliographic pass,10.1007/s11111-025-00502-w,,https://doi.org/10.1007/s11111-025-00502-w,,2026-09-29
ref-5d85a6618608,2025,Risk perception and the U-pattern of protective action changes: Analyzing responses to rare tornado threats,Barend Stander; Hao Zhang; Chih-Chun Lin; Hao-Che Wu; Haley Murphy; Shih-Kai Huang,True,International Journal of Disaster Risk Reduction,journal,social,direct,bibliographic,Not extracted in this bibliographic pass,Not extracted; consult the primary source,Topic indexed from title and venue; exact target and horizon require source review,"Bibliographic entry filed under warnings, health & social response. Open the primary source for the study's methods and findings.",已核对题名、作者、出版信息与 DOI；主题归入“预警传播、健康与社会响应”。具体方法、输入与结论待进一步阅读原文。,Not extracted in this bibliographic pass,10.1016/j.ijdrr.2025.105426,,https://doi.org/10.1016/j.ijdrr.2025.105426,,2026-09-29
ref-60eafd800706,2025,Shape-Aware Refinement of Deep Learning Detections from UAS Imagery for Tornado-Induced Treefall Mapping,Mitra Nasimi; Richard L. Wood,True,Remote Sensing,journal,dl,direct,bibliographic,Not extracted in this bibliographic pass,Not extracted; consult the primary source,Topic indexed from title and venue; exact target and horizon require source review,Bibliographic entry filed under deep tornado detection & prediction. Open the primary source for the study's methods and findings.,已核对题名、作者、出版信息与 DOI；主题归入“深度学习检测与发生预测”。具体方法、输入与结论待进一步阅读原文。,Not extracted in this bibliographic pass,10.3390/rs18010141,,https://doi.org/10.3390/rs18010141,,2026-09-29
ref-e8e428414b52,2025,Social Susceptibility–Driven Longitudinal Tornado Reconnaissance Methodology: 2021 Midwest Quad-State Tornado Outbreak,John W. van de Lindt; Wanting “Lisa” Wang; Blythe Johnston; P. Shane Crawford; Guirong Yan; Thang Dao; Trung Do; Katie Skakel; Mojtaba Harati; Tu Nguyen; Robinson Umeike; Silvana Croope,True,ASCE OPEN: Multidisciplinary Journal of Civil Engineering,journal,social,direct,bibliographic,Not extracted in this bibliographic pass,Not extracted; consult the primary source,Topic indexed from title and venue; exact target and horizon require source review,"Bibliographic entry filed under warnings, health & social response. Open the primary source for the study's methods and findings.",已核对题名、作者、出版信息与 DOI；主题归入“预警传播、健康与社会响应”。具体方法、输入与结论待进一步阅读原文。,Not extracted in this bibliographic pass,10.1061/aomjah.aoeng-0065,,https://doi.org/10.1061/aomjah.aoeng-0065,,2026-09-29
ref-09b553d923fa,2025,Southeastern U.S. Residents’ Perceptions and Responses to Evolving Probabilistic Tornado Forecasts and Warnings,Christopher D. Wirz; Julie L. Demuth; Robert Prestley; Rebecca Morss; Susan L. Joslyn; Chao Qin; Sonia Savelli,True,Weather and Forecasting,journal,social,direct,bibliographic,Not extracted in this bibliographic pass,Not extracted; consult the primary source,Topic indexed from title and venue; exact target and horizon require source review,"Bibliographic entry filed under warnings, health & social response. Open the primary source for the study's methods and findings.",已核对题名、作者、出版信息与 DOI；主题归入“预警传播、健康与社会响应”。具体方法、输入与结论待进一步阅读原文。,Not extracted in this bibliographic pass,10.1175/waf-d-25-0086.1,,https://doi.org/10.1175/waf-d-25-0086.1,,2026-09-29
ref-bed133a0a9de,2025,Spatiotemporal Analyses of Lightning and Tornado Exposure to Large Outdoor Gatherings in the Conterminous United States,Stephen M. Strader; Jack H. Deppman,True,"Weather, Climate, and Society",journal,social,direct,bibliographic,Not extracted in this bibliographic pass,Not extracted; consult the primary source,Topic indexed from title and venue; exact target and horizon require source review,"Bibliographic entry filed under warnings, health & social response. Open the primary source for the study's methods and findings.",已核对题名、作者、出版信息与 DOI；主题归入“预警传播、健康与社会响应”。具体方法、输入与结论待进一步阅读原文。,Not extracted in this bibliographic pass,10.1175/wcas-d-24-0064.1,,https://doi.org/10.1175/wcas-d-24-0064.1,,2026-09-29
ref-867cac21ad21,2025,Storm Chasing: The 1840 Natchez Tornado and an Atmospheric Understanding of Place,Caroline Peyton,True,Agricultural History,journal,foundations,context,bibliographic,Not extracted in this bibliographic pass,Not extracted; consult the primary source,Topic indexed from title and venue; exact target and horizon require source review,Bibliographic entry filed under foundations & dynamics. Open the primary source for the study's methods and findings.,已核对题名、作者、出版信息与 DOI；主题归入“物理基础与龙卷动力学”。具体方法、输入与结论待进一步阅读原文。,Not extracted in this bibliographic pass,10.1215/00021482-11923121,,https://doi.org/10.1215/00021482-11923121,,2026-09-29
ref-bb9ade0d7ad3,2025,Structure and Dynamics of Axisymmetric Tornado-like Vortices Simulated with a Semislip Lower Boundary,Stefano Giove; Richard Rotunno; Carlo Cintolesi; Mario Marcello Miglietta,True,Journal of the Atmospheric Sciences,journal,evaluation,direct,bibliographic,Not extracted in this bibliographic pass,Not extracted; consult the primary source,Topic indexed from title and venue; exact target and horizon require source review,"Bibliographic entry filed under evaluation, uncertainty & reviews. Open the primary source for the study's methods and findings.",已核对题名、作者、出版信息与 DOI；主题归入“评估、不确定性与综述”。具体方法、输入与结论待进一步阅读原文。,Not extracted in this bibliographic pass,10.1175/jas-d-24-0096.1,,https://doi.org/10.1175/jas-d-24-0096.1,,2026-09-29
ref-47dc69fa2af7,2025,Supercell Environments Using GridRad-Severe and the HRRR: Addressing Discrepancies between Prior Tornado Datasets,Brice E. Coffer; Matthew D. Parker; Michael C. Coniglio; Cameron R. Homeyer,True,Weather and Forecasting,journal,climatology,direct,bibliographic,Not extracted in this bibliographic pass,Not extracted; consult the primary source,Topic indexed from title and venue; exact target and horizon require source review,Bibliographic entry filed under climatology & environments. Open the primary source for the study's methods and findings.,已核对题名、作者、出版信息与 DOI；主题归入“气候统计、环境与区域研究”。具体方法、输入与结论待进一步阅读原文。,Not extracted in this bibliographic pass,10.1175/waf-d-24-0251.1,,https://doi.org/10.1175/waf-d-24-0251.1,,2026-09-29
ref-772d7a80001e,2025,Synthetic Aperture Radar as a Tool for Tornado Classification in Forested Areas,Sophia G. Slabon; Catherine D. Neish; Connell S. Miller,True,Canadian Journal of Remote Sensing,journal,impacts,direct,bibliographic,Not extracted in this bibliographic pass,Not extracted; consult the primary source,Topic indexed from title and venue; exact target and horizon require source review,Bibliographic entry filed under damage recognition & impacts. Open the primary source for the study's methods and findings.,已核对题名、作者、出版信息与 DOI；主题归入“灾后视觉识别与影响评估”。具体方法、输入与结论待进一步阅读原文。,Not extracted in this bibliographic pass,10.1080/07038992.2025.2579315,,https://doi.org/10.1080/07038992.2025.2579315,,2026-09-29
ref-3dcd0e0e2661,2025,Targeted decomposition of tornado records reveals long-term trends in the Great Plains and Southeast United States,Todd W. Moore,True,Scientific Reports,journal,climatology,direct,bibliographic,Not extracted in this bibliographic pass,Not extracted; consult the primary source,Topic indexed from title and venue; exact target and horizon require source review,Bibliographic entry filed under climatology & environments. Open the primary source for the study's methods and findings.,已核对题名、作者、出版信息与 DOI；主题归入“气候统计、环境与区域研究”。具体方法、输入与结论待进一步阅读原文。,Not extracted in this bibliographic pass,10.1038/s41598-025-20868-z,,https://doi.org/10.1038/s41598-025-20868-z,,2026-09-29
ref-6dc86025b2d7,2025,The 2024 Tornado Season: An Extremely Active and Impactful Year,Jared Guyer,True,Weatherwise,journal,climatology,direct,bibliographic,Not extracted in this bibliographic pass,Not extracted; consult the primary source,Topic indexed from title and venue; exact target and horizon require source review,Bibliographic entry filed under climatology & environments. Open the primary source for the study's methods and findings.,已核对题名、作者、出版信息与 DOI；主题归入“气候统计、环境与区域研究”。具体方法、输入与结论待进一步阅读原文。,Not extracted in this bibliographic pass,10.1080/00431672.2025.2502307,,https://doi.org/10.1080/00431672.2025.2502307,,2026-09-29
sessa2025,2025,The Prediction of Potential Tornado Damage Intensity Using Machine Learning,Michael F. Sessa; Robert J. Trapp,True,Artificial Intelligence for the Earth Systems,journal,rating,direct,annotated,Comparison of nine ML classifiers,Pretornadic mesocyclone attributes and environmental analyses,"Significant versus nonsignificant damage, conditional on tornadogenesis; radar about 30 min before onset",Compares statistical and tree-based classifiers for potential tornado damage intensity using pre-onset radar and environmental predictors.,以发生前的中气旋特征和环境分析比较多种分类器，预测在龙卷发生条件下的显著或非显著灾损强度。,United States,10.1175/aies-d-23-0113.1,,https://doi.org/10.1175/aies-d-23-0113.1,,2026-09-29
ref-b94cae552ef6,2025,The Utility of InSAR Coherence for Tornado Damage Track Identification from the 2–3 March 2020 Tennessee Tornado Outbreak,Hannah G. Pankratz; Andrew L. Molthan; Alexander Melancon; Jordan R. Bell,True,Journal of Applied Meteorology and Climatology,journal,impacts,direct,bibliographic,Not extracted in this bibliographic pass,Not extracted; consult the primary source,Topic indexed from title and venue; exact target and horizon require source review,Bibliographic entry filed under damage recognition & impacts. Open the primary source for the study's methods and findings.,已核对题名、作者、出版信息与 DOI；主题归入“灾后视觉识别与影响评估”。具体方法、输入与结论待进一步阅读原文。,Not extracted in this bibliographic pass,10.1175/jamc-d-25-0024.1,,https://doi.org/10.1175/jamc-d-25-0024.1,,2026-09-29
ref-8385c196ef83,2025,Tornado Sheltering: The Viewpoint among Broadcast Meteorologists,Craig D. Croskery; Kathleen Sherman-Morris,True,"Weather, Climate, and Society",journal,social,direct,bibliographic,Not extracted in this bibliographic pass,Not extracted; consult the primary source,Topic indexed from title and venue; exact target and horizon require source review,"Bibliographic entry filed under warnings, health & social response. Open the primary source for the study's methods and findings.",已核对题名、作者、出版信息与 DOI；主题归入“预警传播、健康与社会响应”。具体方法、输入与结论待进一步阅读原文。,Not extracted in this bibliographic pass,10.1175/wcas-d-24-0139.1,,https://doi.org/10.1175/wcas-d-24-0139.1,,2026-09-29
ref-c09170d3f486,2025,Tornado-induced wind loads on a community of low-rise buildings,Ruijia Yang; Djordje Romanic; Horia Hangan,True,Journal of Fluids and Structures,journal,engineering,direct,bibliographic,Not extracted in this bibliographic pass,Not extracted; consult the primary source,Topic indexed from title and venue; exact target and horizon require source review,Bibliographic entry filed under wind engineering & structural resilience. Open the primary source for the study's methods and findings.,已核对题名、作者、出版信息与 DOI；主题归入“风工程、结构荷载与抗灾设计”。具体方法、输入与结论待进一步阅读原文。,Not extracted in this bibliographic pass,10.1016/j.jfluidstructs.2025.104369,,https://doi.org/10.1016/j.jfluidstructs.2025.104369,,2026-09-29
ref-c912793810a9,2025,Two-stage robust optimization approach for enhanced community resilience under tornado hazards,Mehdi Ansari; Juan S. Borrero; Andrés D. González,True,European Journal of Operational Research,journal,engineering,direct,bibliographic,Not extracted in this bibliographic pass,Not extracted; consult the primary source,Topic indexed from title and venue; exact target and horizon require source review,Bibliographic entry filed under wind engineering & structural resilience. Open the primary source for the study's methods and findings.,已核对题名、作者、出版信息与 DOI；主题归入“风工程、结构荷载与抗灾设计”。具体方法、输入与结论待进一步阅读原文。,Not extracted in this bibliographic pass,10.1016/j.ejor.2025.03.001,,https://doi.org/10.1016/j.ejor.2025.03.001,,2026-09-29
ref-47c791659359,2025,Understanding the relationship between structural failure and fatalities in Tornadoes: A quantitative investigation of the 2021 Midwest Tornado Outbreak,Yi Zhao; Ruwen Qin; John W. van de Lindt; Justin Sharpe; Grace Yan,True,Advances in Wind Engineering,journal,social,direct,bibliographic,Not extracted in this bibliographic pass,Not extracted; consult the primary source,Topic indexed from title and venue; exact target and horizon require source review,"Bibliographic entry filed under warnings, health & social response. Open the primary source for the study's methods and findings.",已核对题名、作者、出版信息与 DOI；主题归入“预警传播、健康与社会响应”。具体方法、输入与结论待进一步阅读原文。,Not extracted in this bibliographic pass,10.1016/j.awe.2025.100070,,https://doi.org/10.1016/j.awe.2025.100070,,2026-09-29
ref-a85747089237,2025,Using Neural Network Models and Synoptic Circulation Patterns to Project Future Changes in US Tornado Activity,Cameron C. Lee; Omon A. Obarein; Erik Tyler Smith,True,Journal of Geophysical Research: Machine Learning and Computation,journal,dl,direct,bibliographic,Not extracted in this bibliographic pass,Not extracted; consult the primary source,Topic indexed from title and venue; exact target and horizon require source review,Bibliographic entry filed under deep tornado detection & prediction. Open the primary source for the study's methods and findings.,已核对题名、作者、出版信息与 DOI；主题归入“深度学习检测与发生预测”。具体方法、输入与结论待进一步阅读原文。,Not extracted in this bibliographic pass,10.1029/2025jh000629,,https://doi.org/10.1029/2025jh000629,,2026-09-29
ref-f952818d0a4a,2025,Vortex characteristics of a large-scale Ward-type tornado simulator at Central South University,Haiquan Jing; Shiqin Zeng; Xuhui He; Dongqin Zhang; Baole Li,True,Advances in Wind Engineering,journal,foundations,direct,bibliographic,Not extracted in this bibliographic pass,Not extracted; consult the primary source,Topic indexed from title and venue; exact target and horizon require source review,Bibliographic entry filed under foundations & dynamics. Open the primary source for the study's methods and findings.,已核对题名、作者、出版信息与 DOI；主题归入“物理基础与龙卷动力学”。具体方法、输入与结论待进一步阅读原文。,Not extracted in this bibliographic pass,10.1016/j.awe.2025.100038,,https://doi.org/10.1016/j.awe.2025.100038,,2026-09-29
ref-6f37b75fe58c,2025,What Defines a Relatively Normal Tornado Day? Exploring the Relative Risk of Tornadoes Using Practically Perfect Hindcasts for All U.S. Tornado Days from 1950 to 2021,Sean R. Ernst; Makenzie J. Krocak; Harold Brooks; Joseph Ripberger,True,Weather and Forecasting,journal,foundations,direct,bibliographic,Not extracted in this bibliographic pass,Not extracted; consult the primary source,Topic indexed from title and venue; exact target and horizon require source review,Bibliographic entry filed under foundations & dynamics. Open the primary source for the study's methods and findings.,已核对题名、作者、出版信息与 DOI；主题归入“物理基础与龙卷动力学”。具体方法、输入与结论待进一步阅读原文。,Not extracted in this bibliographic pass,10.1175/waf-d-24-0168.1,,https://doi.org/10.1175/waf-d-24-0168.1,,2026-09-29
ref-d5e63252047f,2025,What Forces the Rapid Vertical Acceleration and Vorticity Intensification near Ground in Tornadoes? Diagnostic Analysis Based on a Numerically Simulated Real Tornado,Wei Huang; Ming Xue,True,Journal of the Atmospheric Sciences,journal,foundations,direct,bibliographic,Not extracted in this bibliographic pass,Not extracted; consult the primary source,Topic indexed from title and venue; exact target and horizon require source review,Bibliographic entry filed under foundations & dynamics. Open the primary source for the study's methods and findings.,已核对题名、作者、出版信息与 DOI；主题归入“物理基础与龙卷动力学”。具体方法、输入与结论待进一步阅读原文。,Not extracted in this bibliographic pass,10.1175/jas-d-25-0033.1,,https://doi.org/10.1175/jas-d-25-0033.1,,2026-09-29
wofscast2025,2025,WoFSCast: A Machine Learning Model for Predicting Thunderstorms at Watch-to-Warning Scales,Montgomery L. Flora; Corey Potvin,True,Geophysical Research Letters,journal,forecast,context,annotated,Learned thunderstorm emulator,Convection-allowing model states,Thunderstorm evolution at watch-to-warning scales,A regional storm-evolution modeling route relevant to future hazard systems.,雷暴演变的学习式模拟器，可为灾害系统提供背景，但不等同于已解决龙卷发生预测。,US,10.1029/2024GL112383,,https://agupubs.onlinelibrary.wiley.com/doi/full/10.1029/2024GL112383,https://github.com/NOAA-National-Severe-Storms-Laboratory/frdd-wofs-cast,2026-09-29
ref-39ff0658e196,2025,“Just a severe thunderstorm”: Tracing tornado threat information from NOAA to broadcast meteorologists and to the public during a multi-hazard event,Kelsey N. Ellis; Melanie Faizer; Cooper P. Corey; Jennifer M. First,True,Journal of Operational Meteorology,journal,foundations,direct,bibliographic,Not extracted in this bibliographic pass,Not extracted; consult the primary source,Topic indexed from title and venue; exact target and horizon require source review,Bibliographic entry filed under foundations & dynamics. Open the primary source for the study's methods and findings.,已核对题名、作者、出版信息与 DOI；主题归入“物理基础与龙卷动力学”。具体方法、输入与结论待进一步阅读原文。,Not extracted in this bibliographic pass,10.15191/nwajom.2025.1307,,https://doi.org/10.15191/nwajom.2025.1307,,2026-09-29
ref-ce490048bbfb,2024,A Comparison between the Only Two Documented Tornado Outbreak Events in China: Tropical Cyclone versus Extratropical Cyclone Environments,Jingyi Wen; Zhiyong Meng; Lanqiang Bai; Ruilin Zhou,True,Weather and Forecasting,journal,climatology,direct,bibliographic,Not extracted in this bibliographic pass,Not extracted; consult the primary source,Topic indexed from title and venue; exact target and horizon require source review,Bibliographic entry filed under climatology & environments. Open the primary source for the study's methods and findings.,已核对题名、作者、出版信息与 DOI；主题归入“气候统计、环境与区域研究”。具体方法、输入与结论待进一步阅读原文。,Not extracted in this bibliographic pass,10.1175/waf-d-23-0083.1,,https://doi.org/10.1175/waf-d-23-0083.1,,2026-09-29
zhou2024,2024,A Novel Hybrid Approach for Tornado Prediction in the United States: Kalman-Convolutional BiLSTM with Multi-Head Attention,Jiawei Zhou,True,arXiv,preprint,dl,direct,annotated,Kalman; CNN; BiLSTM; attention,MRMS radar-derived inputs,Tornado prediction; inspect causal horizon,A hybrid sequence-model entry whose temporal protocol deserves careful reading.,覆盖卷积、双向时序网络与注意力组合；阅读时重点核对因果输入、划分与提前量。,US,,2408.02751,https://arxiv.org/abs/2408.02751,,2026-09-29
ref-cfd5ab87f798,2024,An LSTM deep learning framework for history-based tornado prediction using meteorological data and damage assessment using NDVI anomalies,Omid Memarian Sorkhabi,True,Results in Earth Sciences,journal,dl,direct,bibliographic,Not extracted in this bibliographic pass,Not extracted; consult the primary source,Topic indexed from title and venue; exact target and horizon require source review,Bibliographic entry filed under deep tornado detection & prediction. Open the primary source for the study's methods and findings.,已核对题名、作者、出版信息与 DOI；主题归入“深度学习检测与发生预测”。具体方法、输入与结论待进一步阅读原文。,Not extracted in this bibliographic pass,10.1016/j.rines.2024.100040,,https://doi.org/10.1016/j.rines.2024.100040,,2026-09-29
ref-4c2370322111,2024,Assessment of Tornado Alerting Performance for Canada,David M.L. Sills; Lesley Elliott,True,Atmosphere-Ocean,journal,evaluation,direct,bibliographic,Not extracted in this bibliographic pass,Not extracted; consult the primary source,Topic indexed from title and venue; exact target and horizon require source review,"Bibliographic entry filed under evaluation, uncertainty & reviews. Open the primary source for the study's methods and findings.",已核对题名、作者、出版信息与 DOI；主题归入“评估、不确定性与综述”。具体方法、输入与结论待进一步阅读原文。,Not extracted in this bibliographic pass,10.1080/07055900.2023.2257163,,https://doi.org/10.1080/07055900.2023.2257163,,2026-09-29
ref-aed5162ec87f,2024,Changes in tornado risk and societal vulnerability leading to greater tornado impact potential,Stephen M. Strader; Victor A. Gensini; Walker S. Ashley; Amanda N. Wagner,True,npj Natural Hazards,journal,foundations,direct,bibliographic,Not extracted in this bibliographic pass,Not extracted; consult the primary source,Topic indexed from title and venue; exact target and horizon require source review,Bibliographic entry filed under foundations & dynamics. Open the primary source for the study's methods and findings.,已核对题名、作者、出版信息与 DOI；主题归入“物理基础与龙卷动力学”。具体方法、输入与结论待进一步阅读原文。,Not extracted in this bibliographic pass,10.1038/s44304-024-00019-6,,https://doi.org/10.1038/s44304-024-00019-6,,2026-09-29
ref-589ed3078e70,2024,Characterization of tornado-induced wind pressures on a multi-span light steel industrial building,Jiachen Xin; Jinxin Cao; Shuyang Cao,True,Journal of Wind Engineering and Industrial Aerodynamics,journal,engineering,direct,bibliographic,Not extracted in this bibliographic pass,Not extracted; consult the primary source,Topic indexed from title and venue; exact target and horizon require source review,Bibliographic entry filed under wind engineering & structural resilience. Open the primary source for the study's methods and findings.,已核对题名、作者、出版信息与 DOI；主题归入“风工程、结构荷载与抗灾设计”。具体方法、输入与结论待进一步阅读原文。,Not extracted in this bibliographic pass,10.1016/j.jweia.2024.105867,,https://doi.org/10.1016/j.jweia.2024.105867,,2026-09-29
ref-6d2a6ea8bc58,2024,Comparison of Tornado Damage Characteristics to Low-Altitude WSR-88D Radar Observations and Implications for Tornado Intensity Estimation,Anthony W. Lyza; Matthew D. Flournoy; A. Addison Alford,True,Monthly Weather Review,journal,rating,direct,bibliographic,Not extracted in this bibliographic pass,Not extracted; consult the primary source,Topic indexed from title and venue; exact target and horizon require source review,Bibliographic entry filed under intensity & damage-based rating. Open the primary source for the study's methods and findings.,已核对题名、作者、出版信息与 DOI；主题归入“强度估计与灾损分级”。具体方法、输入与结论待进一步阅读原文。,Not extracted in this bibliographic pass,10.1175/mwr-d-23-0242.1,,https://doi.org/10.1175/mwr-d-23-0242.1,,2026-09-29
ref-8fef19114195,2024,Improving Tornado Intensity Prediction by Assimilating Radar-Retrieved Vortex Winds After Vortex Relocation,Qin Xu; Kang Nai; Li Wei; Nathan Snook; Yunheng Wang; Ming Xue,True,Remote Sensing,journal,rating,direct,bibliographic,Not extracted in this bibliographic pass,Not extracted; consult the primary source,Topic indexed from title and venue; exact target and horizon require source review,Bibliographic entry filed under intensity & damage-based rating. Open the primary source for the study's methods and findings.,已核对题名、作者、出版信息与 DOI；主题归入“强度估计与灾损分级”。具体方法、输入与结论待进一步阅读原文。,Not extracted in this bibliographic pass,10.3390/rs16244628,,https://doi.org/10.3390/rs16244628,,2026-09-29
ref-9ed9532cda45,2024,Mid-century climate change impacts on tornado-producing tropical cyclones,Dakota C. Forbis; Christina M. Patricola; Emily Bercos-Hickey; William A. Gallus Jr.,True,Weather and Climate Extremes,journal,climatology,direct,bibliographic,Not extracted in this bibliographic pass,Not extracted; consult the primary source,Topic indexed from title and venue; exact target and horizon require source review,Bibliographic entry filed under climatology & environments. Open the primary source for the study's methods and findings.,已核对题名、作者、出版信息与 DOI；主题归入“气候统计、环境与区域研究”。具体方法、输入与结论待进一步阅读原文。,Not extracted in this bibliographic pass,10.1016/j.wace.2024.100684,,https://doi.org/10.1016/j.wace.2024.100684,,2026-09-29
xie2024,2024,Multi‐Task Learning for Tornado Identification Using Doppler Radar Data,Jinyang Xie; Kanghui Zhou; Haonan Chen; Lei Han; Liang Guan; Maoyu Wang; Yongguang Zheng; Hongjin Chen; Jiaqi Mao,True,Geophysical Research Letters,journal,dl,direct,annotated,Multi-task identification network (MTI-Net),Doppler weather-radar data,Tornado detection and count estimation,Jointly learns tornado identification and count estimation with attention-based spatial and variable interactions.,通过空间与通道注意力联合学习龙卷识别和数量估计，补入中国雷达深度学习研究中的MTI-Net方法。,China,10.1029/2024gl108809,,https://doi.org/10.1029/2024gl108809,,2026-09-29
ref-6c45c03b06a8,2024,Polarimetric radar observations of the Jersey tornadic supercell on 1–2 November 2023,Matthew R. Clark,True,Weather,journal,evaluation,direct,bibliographic,Not extracted in this bibliographic pass,Not extracted; consult the primary source,Topic indexed from title and venue; exact target and horizon require source review,"Bibliographic entry filed under evaluation, uncertainty & reviews. Open the primary source for the study's methods and findings.",已核对题名、作者、出版信息与 DOI；主题归入“评估、不确定性与综述”。具体方法、输入与结论待进一步阅读原文。,Not extracted in this bibliographic pass,10.1002/wea.7619,,https://doi.org/10.1002/wea.7619,,2026-09-29
ref-bfa4572775a8,2024,Predicting the Severity of Tornado Events by Learning a Statistical Manifold for Tornado Property Losses,Thilini V. Mahanama; Pushpi Paranamana; Dimitri Volchenkov,True,Journal of Environmental Accounting and Management,journal,ml,direct,bibliographic,Not extracted in this bibliographic pass,Not extracted; consult the primary source,Topic indexed from title and venue; exact target and horizon require source review,Bibliographic entry filed under statistical & classical ml. Open the primary source for the study's methods and findings.,已核对题名、作者、出版信息与 DOI；主题归入“统计学习与传统机器学习”。具体方法、输入与结论待进一步阅读原文。,Not extracted in this bibliographic pass,10.5890/jeam.2024.06.002,,https://doi.org/10.5890/jeam.2024.06.002,,2026-09-29
cintineo2024,2024,ProbSevere Version 3: Improved Exploitation of Data Fusion and Machine Learning for Nowcasting Severe Weather,John L. Cintineo; Michael J. Pavolonis; Justin M. Sieglaff,True,Weather and Forecasting,journal,forecast,direct,annotated,Gradient-boosted decision trees; data fusion,"Radar, lightning, satellite and NWP","Next-hour hail, wind and tornado probabilities","Updates hazard-specific operational guidance with multi-platform, multiscale predictors.",业务路线的新版本：多源、多尺度风暴特征与梯度提升树，而不是只追逐模型体积。,US,10.1175/WAF-D-24-0076.1,,https://repository.library.noaa.gov/view/noaa/67694,,2026-09-29
ref-ac2e709a8203,2024,Risk and Protective Factors Associated with Post-Tornado Distress among Persons with Disabilities,Sangwon Lee; Jennifer M. First,True,Journal of Loss and Trauma,journal,social,direct,bibliographic,Not extracted in this bibliographic pass,Not extracted; consult the primary source,Topic indexed from title and venue; exact target and horizon require source review,"Bibliographic entry filed under warnings, health & social response. Open the primary source for the study's methods and findings.",已核对题名、作者、出版信息与 DOI；主题归入“预警传播、健康与社会响应”。具体方法、输入与结论待进一步阅读原文。,Not extracted in this bibliographic pass,10.1080/15325024.2023.2236010,,https://doi.org/10.1080/15325024.2023.2236010,,2026-09-29
perils2024,2024,"The Propagation, Evolution, and Rotation in Linear Storms (PERiLS) Project",Karen A. Kosiba; Anthony W. Lyza; Robert J. Trapp; Erik N. Rasmussen; Matthew Parker; Michael I. Biggerstaff; Stephen W. Nesbitt; Christopher C. Weiss; Joshua Wurman; Kevin R. Knupp; Brice Coffer; Vanna C. Chmielewski; Daniel T. Dawson; Eric Bruning; Tyler M. Bell; Michael C. Coniglio; Todd A. Murphy; Michael French; Leanne Blind-Doskocil; Anthony E. Reinhart; Edward Wolff; Morgan E. Schneider; Miranda Silcott; Elizabeth Smith; Joshua Aikins; Melissa Wagner; Paul Robinson; James M. Wilczak; Trevor White; Madeline R. Diedrichsen; David Bodine; Matthew R. Kumjian; Sean M. Waugh; A. Addison Alford; Kim Elmore; Pavlos Kollias; David D. Turner,True,Bulletin of the American Meteorological Society,journal,sensing,direct,annotated,Field observation campaign,Multi-instrument observations of QLCSs,QLCS tornadogenesis and evolution,An observation-focused entry for tornadoes embedded in linear convective systems.,面向准线性对流系统的观测实验，补齐 QLCS 龙卷及多传感器观测分支。,US,10.1175/BAMS-D-22-0064.1,,https://repository.library.noaa.gov/view/noaa/66398,,2026-09-29
maas2024,2024,"The Tornado Archive: Compiling and Visualizing a Worldwide, Digitized Tornado Database",Malcolm Maas; Timothy Supinie; Andrew Berrington; Samuel Emmerson; Ava Aidala; Michael Gavan,True,Bulletin of the American Meteorological Society,journal,data,direct,annotated,Global data curation and visualization,Multi-source tornado reports,Worldwide event archive,A reference for reconciling heterogeneous tornado records across the world.,全球龙卷事件汇编与可视化，为事件去重、来源追踪和跨区域数据整理提供参考。,Global,10.1175/BAMS-D-23-0123.1,,https://repository.library.noaa.gov/view/noaa/69259,,2026-09-29
ref-91a04a417d6c,2024,Tornado sheltering: Challenges and solutions including public storm shelters,Craig D. Croskery; Kathleen Sherman-Morris,True,Journal of Emergency Management,journal,social,direct,bibliographic,Not extracted in this bibliographic pass,Not extracted; consult the primary source,Topic indexed from title and venue; exact target and horizon require source review,"Bibliographic entry filed under warnings, health & social response. Open the primary source for the study's methods and findings.",已核对题名、作者、出版信息与 DOI；主题归入“预警传播、健康与社会响应”。具体方法、输入与结论待进一步阅读原文。,Not extracted in this bibliographic pass,10.5055/jem.0850,,https://doi.org/10.5055/jem.0850,,2026-09-29
ref-6ba8eba76cda,2024,Using Deep Learning and Advanced Image Processing for the Automated Estimation of Tornado-Induced Treefall,Mitra Nasimi; Richard L. Wood,True,Remote Sensing,journal,dl,direct,bibliographic,Not extracted in this bibliographic pass,Not extracted; consult the primary source,Topic indexed from title and venue; exact target and horizon require source review,Bibliographic entry filed under deep tornado detection & prediction. Open the primary source for the study's methods and findings.,已核对题名、作者、出版信息与 DOI；主题归入“深度学习检测与发生预测”。具体方法、输入与结论待进一步阅读原文。,Not extracted in this bibliographic pass,10.3390/rs16071130,,https://doi.org/10.3390/rs16071130,,2026-09-29
weatherbench22024,2024,WeatherBench 2: A Benchmark for the Next Generation of Data-Driven Global Weather Models,Stephan Rasp; Stephan Hoyer; Alexander Merose; Ian Langmore; Peter Battaglia; Tyler Russell; Alvaro Sanchez‐Gonzalez; Vivian Yang; Rob Carver; Shreya Agrawal; Matthew Chantry; Zied Ben Bouallegue; Peter Dueben; Carla Bromberg; Jared Sisk; Luke Barrington; Aaron Bell; Fei Sha,True,Journal of Advances in Modeling Earth Systems,journal,data,transfer,annotated,Multi-metric forecast benchmark,Global forecasts and reference fields,Medium-range global forecasting evaluation,"Read for metric design, baselines and reproducible forecast comparison.",学习多指标、强基线与可复现比较，不把全球天气榜单当作龙卷模型榜单。,Global,10.1029/2023MS004019,2308.15560,https://agupubs.onlinelibrary.wiley.com/doi/10.1029/2023MS004019,https://github.com/google-research/weatherbench2,2026-09-29
weatherqa2024,2024,WeatherQA: Can Multimodal Language Models Reason about Severe Weather?,Chengqian Ma; Zhanxiang Hua; Alexandra Anderson-Frey; Vikram Iyer; Xin Liu; Lianhui Qin,True,arXiv,preprint,agents,context,annotated,Vision-language evaluation,Diagnostic images and expert forecast text,Severe-weather reasoning and QA,"A benchmark for ingredient-based multimodal reasoning, not raw-volume tornado detection.",多张诊断图与专家文本上的强对流推理评测；不是原始体扫龙卷检测。,Unspecified,,2406.11217,https://arxiv.org/abs/2406.11217,https://github.com/chengqianma/WeatherQA,2026-09-29
ref-3f5b744c4b54,2023,A Comparative Analysis of Two Mediterranean Tornado Hotspots,Elenio Avolio; Mario Marcello Miglietta,True,Atmosphere,journal,foundations,direct,bibliographic,Not extracted in this bibliographic pass,Not extracted; consult the primary source,Topic indexed from title and venue; exact target and horizon require source review,Bibliographic entry filed under foundations & dynamics. Open the primary source for the study's methods and findings.,已核对题名、作者、出版信息与 DOI；主题归入“物理基础与龙卷动力学”。具体方法、输入与结论待进一步阅读原文。,Not extracted in this bibliographic pass,10.3390/atmos14010189,,https://doi.org/10.3390/atmos14010189,,2026-09-29
chase2023,2023,A Machine Learning Tutorial for Operational Meteorology. Part II: Neural Networks and Deep Learning,Randy J. Chase; David R. Harrison; Gary M. Lackmann; Amy McGovern,True,Weather and Forecasting,journal,evaluation,context,annotated,Tutorial,Meteorological examples,Neural-network and deep-learning education,An accessible bridge for meteorologists entering deep learning.,为从气象业务进入深度学习的读者提供基础概念和实践入口。,Unspecified,10.1175/WAF-D-22-0187.1,2211.00147,https://doi.org/10.1175/WAF-D-22-0187.1,,2026-09-29
hill2023,2023,A New Paradigm for Medium-Range Severe Weather Forecasts: Probabilistic Random Forest–Based Predictions,Aaron J. Hill; Russ S. Schumacher; Israel L. Jirak,True,Weather and Forecasting,journal,forecast,context,annotated,Random forest,GEFSv12 reforecasts and reports,Days 4–8 severe-weather probabilities,Extends the map to medium-range hazard guidance rather than only near-storm detection.,将研究范围扩展至第 4–8 天强对流风险预报，不与分钟级龙卷检测混排。,US,10.1175/WAF-D-22-0143.1,,https://repository.library.noaa.gov/view/noaa/53429,,2026-09-29
ref-e8d07b2043d3,2023,A numerical investigation of debris initialisation in tornado-like wind fields,Shuan Huo; Hassan Hemida; Mark Sterling,True,Journal of Fluids and Structures,journal,foundations,direct,bibliographic,Not extracted in this bibliographic pass,Not extracted; consult the primary source,Topic indexed from title and venue; exact target and horizon require source review,Bibliographic entry filed under foundations & dynamics. Open the primary source for the study's methods and findings.,已核对题名、作者、出版信息与 DOI；主题归入“物理基础与龙卷动力学”。具体方法、输入与结论待进一步阅读原文。,Not extracted in this bibliographic pass,10.1016/j.jfluidstructs.2023.103938,,https://doi.org/10.1016/j.jfluidstructs.2023.103938,,2026-09-29
mcgovern2023,2023,A Review of Machine Learning for Convective Weather,Amy McGovern; Randy J. Chase; Montgomery Flora; David J. Gagne; Ryan Lagerquist; Corey K. Potvin; Nathan Snook; Eric Loken,True,Artificial Intelligence for the Earth Systems,journal,evaluation,context,annotated,Review,Convective-weather ML literature,"Survey; tornado, hail, wind and lightning",A broad map for locating tornado research inside convective-weather machine learning.,用综述建立强对流机器学习全景，再进入龙卷专门分支。,Unspecified,10.1175/AIES-D-22-0077.1,,https://repository.library.noaa.gov/view/noaa/52401,,2026-09-29
ref-dc6bb5fbcaca,2023,Analyzing Tornado Warning Performance during Individual Storm Life Cycles,Josué U. Chamberlain; Matthew D. Flournoy; Makenzie J. Krocak; Harold E. Brooks; Alexandra K. Anderson-Frey,True,Weather and Forecasting,journal,evaluation,direct,bibliographic,Not extracted in this bibliographic pass,Not extracted; consult the primary source,Topic indexed from title and venue; exact target and horizon require source review,"Bibliographic entry filed under evaluation, uncertainty & reviews. Open the primary source for the study's methods and findings.",已核对题名、作者、出版信息与 DOI；主题归入“评估、不确定性与综述”。具体方法、输入与结论待进一步阅读原文。,Not extracted in this bibliographic pass,10.1175/waf-d-22-0142.1,,https://doi.org/10.1175/waf-d-22-0142.1,,2026-09-29
climax2023,2023,ClimaX: A foundation model for weather and climate,Tung Nguyen; Johannes Brandstetter; Ashish Kapoor; Jayesh K. Gupta; Aditya Grover,True,ICML / PMLR,conference,transfer,transfer,annotated,Transformer foundation model,Heterogeneous weather/climate variables,General weather and climate transfer,Read for variable-aware pretraining and adaptation across datasets.,变量感知预训练与跨数据集迁移的参考，不宣称能直接解析龙卷尺度。,Unspecified,,2301.10343,https://proceedings.mlr.press/v202/nguyen23a.html,https://github.com/microsoft/ClimaX,2026-09-29
ref-64892226c700,2023,Digitizing and Geocoding Historical Records to Improve an Understanding of Tornado Climatology,Tyler Fricker; Taylor Wells; John Thomas Allemeier; Amelia Baxter,True,The Professional Geographer,journal,climatology,direct,bibliographic,Not extracted in this bibliographic pass,Not extracted; consult the primary source,Topic indexed from title and venue; exact target and horizon require source review,Bibliographic entry filed under climatology & environments. Open the primary source for the study's methods and findings.,已核对题名、作者、出版信息与 DOI；主题归入“气候统计、环境与区域研究”。具体方法、输入与结论待进一步阅读原文。,Not extracted in this bibliographic pass,10.1080/00330124.2023.2169176,,https://doi.org/10.1080/00330124.2023.2169176,,2026-09-29
ref-4d06b6be2f37,2023,Environmental and Radar-Derived Predictors of Tornado Intensity within Ongoing Convective Storms,Michael Sessa; Robert Trapp,True,Journal of Operational Meteorology,journal,rating,direct,bibliographic,Not extracted in this bibliographic pass,Not extracted; consult the primary source,Topic indexed from title and venue; exact target and horizon require source review,Bibliographic entry filed under intensity & damage-based rating. Open the primary source for the study's methods and findings.,已核对题名、作者、出版信息与 DOI；主题归入“强度估计与灾损分级”。具体方法、输入与结论待进一步阅读原文。,Not extracted in this bibliographic pass,10.15191/nwajom.2023.1105,,https://doi.org/10.15191/nwajom.2023.1105,,2026-09-29
ref-2d2b7730762b,2023,Exploring Tornadic Debris Signature Hypotheses Using Radar Simulations and Large-Eddy Simulations,Rachael N. Cross; David J. Bodine; Robert D. Palmer; Casey Griffin; Boonleng Cheong; Sebastian Torres; Caleb Fulton; Javier Lujan; Takashi Maruyama,True,Journal of Atmospheric and Oceanic Technology,journal,radar,direct,bibliographic,Not extracted in this bibliographic pass,Not extracted; consult the primary source,Topic indexed from title and venue; exact target and horizon require source review,Bibliographic entry filed under radar signatures & tracking. Open the primary source for the study's methods and findings.,已核对题名、作者、出版信息与 DOI；主题归入“雷达特征、识别与追踪”。具体方法、输入与结论待进一步阅读原文。,Not extracted in this bibliographic pass,10.1175/jtech-d-22-0141.1,,https://doi.org/10.1175/jtech-d-22-0141.1,,2026-09-29
ref-3c856779d1b8,2023,Heuristic and Bayesian Tornado Prediction in Complex Terrain of Southern Wyoming,Thomas A. Andretta,True,Meteorology,journal,ml,direct,bibliographic,Not extracted in this bibliographic pass,Not extracted; consult the primary source,Topic indexed from title and venue; exact target and horizon require source review,Bibliographic entry filed under statistical & classical ml. Open the primary source for the study's methods and findings.,已核对题名、作者、出版信息与 DOI；主题归入“统计学习与传统机器学习”。具体方法、输入与结论待进一步阅读原文。,Not extracted in this bibliographic pass,10.3390/meteorology2020015,,https://doi.org/10.3390/meteorology2020015,,2026-09-29
ref-a1568a0be0b2,2023,Investigating the Relationship between Polarimetric Radar Signatures of Hydrometeor Size Sorting and Tornadic Potential in Simulated Supercells,Scott D. Loeffler; Matthew R. Kumjian; Paul M. Markowski; Brice E. Coffer; Matthew D. Parker,True,Monthly Weather Review,journal,evaluation,direct,bibliographic,Not extracted in this bibliographic pass,Not extracted; consult the primary source,Topic indexed from title and venue; exact target and horizon require source review,"Bibliographic entry filed under evaluation, uncertainty & reviews. Open the primary source for the study's methods and findings.",已核对题名、作者、出版信息与 DOI；主题归入“评估、不确定性与综述”。具体方法、输入与结论待进一步阅读原文。,Not extracted in this bibliographic pass,10.1175/mwr-d-22-0228.1,,https://doi.org/10.1175/mwr-d-22-0228.1,,2026-09-29
ref-57f2972e699b,2023,Laboratory study of tornado-like loading on a low-rise building model,Qiang Chen; Zhuo Tang; Xinyang Wu; Delong Zuo; Darryl James,True,Journal of Wind Engineering and Industrial Aerodynamics,journal,engineering,direct,bibliographic,Not extracted in this bibliographic pass,Not extracted; consult the primary source,Topic indexed from title and venue; exact target and horizon require source review,Bibliographic entry filed under wind engineering & structural resilience. Open the primary source for the study's methods and findings.,已核对题名、作者、出版信息与 DOI；主题归入“风工程、结构荷载与抗灾设计”。具体方法、输入与结论待进一步阅读原文。,Not extracted in this bibliographic pass,10.1016/j.jweia.2023.105443,,https://doi.org/10.1016/j.jweia.2023.105443,,2026-09-29
graphcast2023,2023,Learning skillful medium-range global weather forecasting,Remi Lam; Alvaro Sanchez-Gonzalez; Matthew Willson; Peter Wirnsberger; Meire Fortunato; Ferran Alet; Suman Ravuri; Timo Ewalds; Zach Eaton-Rosen; Weihua Hu; Alexander Merose; Stephan Hoyer; George Holland; Oriol Vinyals; Jacklynn Stott; Alexander Pritzel; Shakir Mohamed; Peter Battaglia,True,Science,journal,transfer,transfer,annotated,Graph neural network; GraphCast,Global reanalysis,Medium-range global weather,"A graph-based Earth-system modeling reference, not a resolved tornado model.",图神经网络全球天气预报代表方法，可借鉴结构，但不等于能解析龙卷。,Global,10.1126/science.adi2336,2212.12794,https://www.science.org/doi/10.1126/science.adi2336,https://github.com/google-deepmind/graphcast,2026-09-29
ref-75e5fb20c86f,2023,Lightning forcing of tornado,Prabhat Kumar,True,Acta Geophysica,journal,sensing,direct,bibliographic,Not extracted in this bibliographic pass,Not extracted; consult the primary source,Topic indexed from title and venue; exact target and horizon require source review,Bibliographic entry filed under novel sensing & observation. Open the primary source for the study's methods and findings.,已核对题名、作者、出版信息与 DOI；主题归入“新型观测与传感”。具体方法、输入与结论待进一步阅读原文。,Not extracted in this bibliographic pass,10.1007/s11600-022-00984-4,,https://doi.org/10.1007/s11600-022-00984-4,,2026-09-29
ref-4585d81dfc46,2023,On the Origins of Vorticity in a Simulated Tornado-Like Vortex,Johannes M. L. Dahl; Jannick Fischer,True,Journal of the Atmospheric Sciences,journal,foundations,direct,bibliographic,Not extracted in this bibliographic pass,Not extracted; consult the primary source,Topic indexed from title and venue; exact target and horizon require source review,Bibliographic entry filed under foundations & dynamics. Open the primary source for the study's methods and findings.,已核对题名、作者、出版信息与 DOI；主题归入“物理基础与龙卷动力学”。具体方法、输入与结论待进一步阅读原文。,Not extracted in this bibliographic pass,10.1175/jas-d-22-0145.1,,https://doi.org/10.1175/jas-d-22-0145.1,,2026-09-29
ref-d5a497b2ac46,2023,Outbreak of a Tornado with Tropical Cyclone Yaas (2021) Formed over the Bay of Bengal,Nasreen Akter; M. Rafiuddin,True,Asia-Pacific Journal of Atmospheric Sciences,journal,foundations,direct,bibliographic,Not extracted in this bibliographic pass,Not extracted; consult the primary source,Topic indexed from title and venue; exact target and horizon require source review,Bibliographic entry filed under foundations & dynamics. Open the primary source for the study's methods and findings.,已核对题名、作者、出版信息与 DOI；主题归入“物理基础与龙卷动力学”。具体方法、输入与结论待进一步阅读原文。,Not extracted in this bibliographic pass,10.1007/s13143-022-00302-4,,https://doi.org/10.1007/s13143-022-00302-4,,2026-09-29
ref-aa20570f16f3,2023,Remote linkage of record-breaking U.S. Tornado outbreaks to the tropical cyclone in western North Pacific in December 2021,Ning Jiang; Boqi Liu; Congwen Zhu; Yanying Chen,True,Environmental Research Letters,journal,foundations,direct,bibliographic,Not extracted in this bibliographic pass,Not extracted; consult the primary source,Topic indexed from title and venue; exact target and horizon require source review,Bibliographic entry filed under foundations & dynamics. Open the primary source for the study's methods and findings.,已核对题名、作者、出版信息与 DOI；主题归入“物理基础与龙卷动力学”。具体方法、输入与结论待进一步阅读原文。,Not extracted in this bibliographic pass,10.1088/1748-9326/acc880,,https://doi.org/10.1088/1748-9326/acc880,,2026-09-29
nowcastnet2023,2023,Skilful nowcasting of extreme precipitation with NowcastNet,Yuchen Zhang; Mingsheng Long; Kaiyuan Chen; Lanxiang Xing; Ronghua Jin; Michael I. Jordan; Jianmin Wang,True,Nature,journal,transfer,transfer,annotated,Physics-conditioned generative modeling,Radar precipitation fields,Extreme-precipitation nowcasting,A transfer-method reference for combining physical constraints with generative prediction.,物理约束与生成模型融合的参考，不将强降水预测包装成龙卷发生预测。,Unspecified,10.1038/s41586-023-06184-4,,https://www.nature.com/articles/s41586-023-06184-4,https://doi.org/10.24433/CO.0832447.v1,2026-09-29
xue2023,2023,Spatial-temporal characteristics of tornadoes in China based on observational data of meteorological stations,Xiaoying Xue; Guoyu Ren; Xiangde Xu; Siqi Zhang,True,Climate Research,journal,climatology,direct,annotated,Station-record climatology,Meteorological-station tornado observations,Spatial and temporal climatology,Adds a station-observation perspective on Chinese tornado climatology.,补充中国气象站观测口径下的时空统计，需与其他报告来源的统计口径区分。,China,10.3354/cr01725,,https://www.int-res.com/journals/cr/articles/cr01725,,2026-09-29
sandmael2023hwt,2023,The 2021 Hazardous Weather Testbed Experimental Warning Program Radar Convective Applications Experiment: A Forecaster Evaluation of the Tornado Probability Algorithm and the New Mesocyclone Detection Algorithm,Thea N. Sandmæl; Brandon R. Smith; Jonathan G. Madden; Justin W. Monroe; Patrick T. Hyland; Benjamin A. Schenkel; Tiffany C. Meyer,True,Weather and Forecasting,journal,evaluation,direct,annotated,Human-in-the-loop evaluation,Forecaster experiments and radar guidance,Operational usefulness and forecaster evaluation,Measures usefulness to forecasters rather than treating offline model scores as deployment success.,从预报员使用效果评价算法，避免把离线分数直接当成业务价值。,US,10.1175/WAF-D-23-0042.1,,https://repository.library.noaa.gov/view/noaa/54565,,2026-09-29
sandmael2023,2023,The Tornado Probability Algorithm: A Probabilistic Machine Learning Tornadic Circulation Detection Algorithm,Thea N. Sandmæl; Brandon R. Smith; Anthony E. Reinhart; Isaiah M. Schick; Marcus C. Ake; Jonathan G. Madden; Rebecca B. Steeves; Skylar S. Williams; Kimberly L. Elmore; Tiffany C. Meyer,True,Weather and Forecasting,journal,ml,direct,annotated,Random forest,Single-radar circulation features,Tornadic circulation probability,"A direct probabilistic tornado-circulation detector, distinct from long-lead environmental risk.",面向龙卷环流的概率检测，须与提前数小时的环境风险预报区分。,US,10.1175/WAF-D-22-0123.1,,https://repository.library.noaa.gov/view/noaa/48189,,2026-09-29
ref-5a87b7a1a3a0,2023,Tornado Impacts in the US from 1950-2015: A GIS-Based Analysis of Vulnerability and Evolving Risk Zones for Human Casualties,Seong Nam Hwang; Kayla Meier,True,Journal of Geographic Information System,journal,social,direct,bibliographic,Not extracted in this bibliographic pass,Not extracted; consult the primary source,Topic indexed from title and venue; exact target and horizon require source review,"Bibliographic entry filed under warnings, health & social response. Open the primary source for the study's methods and findings.",已核对题名、作者、出版信息与 DOI；主题归入“预警传播、健康与社会响应”。具体方法、输入与结论待进一步阅读原文。,Not extracted in this bibliographic pass,10.4236/jgis.2023.155028,,https://doi.org/10.4236/jgis.2023.155028,,2026-09-29
ref-0252b76f1ee0,2023,Tornado infrasound: Observations and potential mechanisms,Brian R. Elbing; Trevor C. Wilson; Chris Petrin; Real J. KC; Taylor Swaim; Bryce B. Lindsey,True,The Journal of the Acoustical Society of America,journal,sensing,direct,bibliographic,Not extracted in this bibliographic pass,Not extracted; consult the primary source,Topic indexed from title and venue; exact target and horizon require source review,Bibliographic entry filed under novel sensing & observation. Open the primary source for the study's methods and findings.,已核对题名、作者、出版信息与 DOI；主题归入“新型观测与传感”。具体方法、输入与结论待进一步阅读原文。,Not extracted in this bibliographic pass,10.1121/10.0018441,,https://doi.org/10.1121/10.0018441,,2026-09-29
huang2023,2023,一次关于龙卷的天气雷达识别技术研究,黄严,True,运筹与模糊学 / Operations Research and Fuzziology,journal,radar,direct,annotated,Mesocyclone identification and DBSCAN storm clustering,Single- and dual-polarization radar variables,Radar identification in selected tornado cases,Combines mesocyclone recognition with clustered storm-cell features in radar case studies.,结合中气旋识别与DBSCAN单体聚类，在阜宁和三水龙卷资料中研究联合识别方法。,China,10.12677/ORF.2023.133202,,https://www.hanspub.org/journal/PaperInformation?paperID=67657,,2026-09-29
ref-7cfd5e0538dc,2022,"A Numerical Simulation of the “1907” Kaiyuan Tornado Weather Process in Liaoning, Northeast China",Yiping Wang; Tong Wang; Pu Yang; Wei Xue,True,Atmosphere,journal,foundations,direct,bibliographic,Not extracted in this bibliographic pass,Not extracted; consult the primary source,Topic indexed from title and venue; exact target and horizon require source review,Bibliographic entry filed under foundations & dynamics. Open the primary source for the study's methods and findings.,已核对题名、作者、出版信息与 DOI；主题归入“物理基础与龙卷动力学”。具体方法、输入与结论待进一步阅读原文。,Not extracted in this bibliographic pass,10.3390/atmos13020219,,https://doi.org/10.3390/atmos13020219,,2026-09-29
ref-c62696b3d297,2022,"A place-based analysis of tornado activity and casualties in Shreveport, Louisiana",Tyler Fricker; Douglas L. Allen,True,Natural Hazards,journal,social,direct,bibliographic,Not extracted in this bibliographic pass,Not extracted; consult the primary source,Topic indexed from title and venue; exact target and horizon require source review,"Bibliographic entry filed under warnings, health & social response. Open the primary source for the study's methods and findings.",已核对题名、作者、出版信息与 DOI；主题归入“预警传播、健康与社会响应”。具体方法、输入与结论待进一步阅读原文。,Not extracted in this bibliographic pass,10.1007/s11069-022-05373-0,,https://doi.org/10.1007/s11069-022-05373-0,,2026-09-29
ref-ae1c968ab45e,2022,A Study of the Effects of Tornado Translation on Wind Loading Using a Potential Flow Model,Shuan Huo; Jin Wang; Fred L. Haan; Gregory A. Kopp; Mark Sterling,True,Frontiers in Built Environment,journal,engineering,direct,bibliographic,Not extracted in this bibliographic pass,Not extracted; consult the primary source,Topic indexed from title and venue; exact target and horizon require source review,Bibliographic entry filed under wind engineering & structural resilience. Open the primary source for the study's methods and findings.,已核对题名、作者、出版信息与 DOI；主题归入“风工程、结构荷载与抗灾设计”。具体方法、输入与结论待进一步阅读原文。,Not extracted in this bibliographic pass,10.3389/fbuil.2022.840812,,https://doi.org/10.3389/fbuil.2022.840812,,2026-09-29
qing2022,2022,ADASYN-LOF Algorithm for Imbalanced Tornado Samples,Zhipeng Qing; Qiangyu Zeng; Hao Wang; Yin Liu; Taisong Xiong; Shihao Zhang,True,Atmosphere,journal,ml,direct,annotated,Resampling and outlier detection,Imbalanced tornado samples,Class-imbalance treatment,A focused entry for class imbalance and training-data preparation.,专门讨论龙卷样本不平衡；重采样必须限制在训练集内以防泄漏。,Unspecified,10.3390/atmos13040544,,https://www.mdpi.com/2073-4433/13/4/544,,2026-09-29
ref-ec6850b85b80,2022,Analysis and numerical simulation of a supercell tornado at the Hong Kong adjacent waters,P. W. Chan; K. K. Hon; P. Robinson; K. Kosiba; J. Wurman; Q. S. Li,True,Meteorological Applications,journal,foundations,direct,bibliographic,Not extracted in this bibliographic pass,Not extracted; consult the primary source,Topic indexed from title and venue; exact target and horizon require source review,Bibliographic entry filed under foundations & dynamics. Open the primary source for the study's methods and findings.,已核对题名、作者、出版信息与 DOI；主题归入“物理基础与龙卷动力学”。具体方法、输入与结论待进一步阅读原文。,Not extracted in this bibliographic pass,10.1002/met.2056,,https://doi.org/10.1002/met.2056,,2026-09-29
ref-a3e5e340aacd,2022,Analysis of significant tornado events in Central Europe: synoptic situation and convective development,Kathrin Wapler; Marcus Beyer,True,Meteorologische Zeitschrift,journal,foundations,direct,bibliographic,Not extracted in this bibliographic pass,Not extracted; consult the primary source,Topic indexed from title and venue; exact target and horizon require source review,Bibliographic entry filed under foundations & dynamics. Open the primary source for the study's methods and findings.,已核对题名、作者、出版信息与 DOI；主题归入“物理基础与龙卷动力学”。具体方法、输入与结论待进一步阅读原文。,Not extracted in this bibliographic pass,10.1127/metz/2022/1126,,https://doi.org/10.1127/metz/2022/1126,,2026-09-29
zeng2022,2022,Application of Random Forest Algorithm on Tornado Detection,Qiangyu Zeng; Zhipeng Qing; Ming Zhu; Fugui Zhang; Hao Wang; Yin Liu; Zhao Shi; Qiu Yu,True,Remote Sensing,journal,ml,direct,annotated,Random forest tornado detection,"CINRAD-SA velocity, reflectivity and spectrum-width features",Tornado identification from radar observations,Develops TDA-RF using Chinese radar observations and tests it on later tornado cases with a range of intensities and radar distances.,利用中国雷达的速度、反射率和谱宽特征构建TDA-RF，并在后续不同强度、不同探测距离的龙卷个例上测试。,China,10.3390/rs14194909,,https://doi.org/10.3390/rs14194909,,2026-09-29
dueben2022,2022,"Challenges and Benchmark Datasets for Machine Learning in the Atmospheric Sciences: Definition, Status, and Outlook",Peter D. Dueben; Martin G. Schultz; Matthew Chantry; David J. Gagne; David M. Hall; Amy McGovern,True,Artificial Intelligence for the Earth Systems,journal,evaluation,transfer,annotated,Benchmark methodology review,Atmospheric ML benchmark literature,Dataset and evaluation design,A methods reference for designing defensible atmospheric benchmarks.,为龙卷基准设计提供方法论参考：先定义任务与观测，再组织指标。,Unspecified,10.1175/AIES-D-21-0002.1,,https://doi.org/10.1175/AIES-D-21-0002.1,,2026-09-29
ref-118896839164,2022,Climatology and Trends of Tornado-Favorable Atmospheric Ingredients in the United States,Todd W. Moore; Jennifer M. St. Clair; Michael P. McGuire,True,Annals of the American Association of Geographers,journal,climatology,direct,bibliographic,Not extracted in this bibliographic pass,Not extracted; consult the primary source,Topic indexed from title and venue; exact target and horizon require source review,Bibliographic entry filed under climatology & environments. Open the primary source for the study's methods and findings.,已核对题名、作者、出版信息与 DOI；主题归入“气候统计、环境与区域研究”。具体方法、输入与结论待进一步阅读原文。,Not extracted in this bibliographic pass,10.1080/24694452.2021.1910479,,https://doi.org/10.1080/24694452.2021.1910479,,2026-09-29
ref-5085a53b356f,2022,Comparison of infrasound emissions from tornadic and non-tornadic storms,Garth Frazier; Roger M. Waxler; Carrick Talmadge; Claus Hetzer; Hank Buchanan,True,The Journal of the Acoustical Society of America,journal,sensing,direct,bibliographic,Not extracted in this bibliographic pass,Not extracted; consult the primary source,Topic indexed from title and venue; exact target and horizon require source review,Bibliographic entry filed under novel sensing & observation. Open the primary source for the study's methods and findings.,已核对题名、作者、出版信息与 DOI；主题归入“新型观测与传感”。具体方法、输入与结论待进一步阅读原文。,Not extracted in this bibliographic pass,10.1121/10.0010972,,https://doi.org/10.1121/10.0010972,,2026-09-29
ref-85c1d71a8353,2022,Development of Tornado Detection Technique with Doppler Radar using Deep Learning,Kenichi KUSUNOKI; Naoki ISHITSU; Toru ADACHI; Osamu SUZUKI; Ken-ichiro ARAI; Chusei FUJIWARA; Hiroto SUZUKI,True,"Wind Engineers, JAWE",journal,dl,direct,bibliographic,Not extracted in this bibliographic pass,Not extracted; consult the primary source,Topic indexed from title and venue; exact target and horizon require source review,Bibliographic entry filed under deep tornado detection & prediction. Open the primary source for the study's methods and findings.,已核对题名、作者、出版信息与 DOI；主题归入“深度学习检测与发生预测”。具体方法、输入与结论待进一步阅读原文。,Not extracted in this bibliographic pass,10.5359/jawe.47.218,,https://doi.org/10.5359/jawe.47.218,,2026-09-29
ref-24f483b17043,2022,Experimental study of tornado-like loading on rectangular prisms,Zhuo Tang; Delong Zuo; Darryl James; Yuzuru Eguchi; Yasuo Hattori,True,Journal of Fluids and Structures,journal,engineering,direct,bibliographic,Not extracted in this bibliographic pass,Not extracted; consult the primary source,Topic indexed from title and venue; exact target and horizon require source review,Bibliographic entry filed under wind engineering & structural resilience. Open the primary source for the study's methods and findings.,已核对题名、作者、出版信息与 DOI；主题归入“风工程、结构荷载与抗灾设计”。具体方法、输入与结论待进一步阅读原文。,Not extracted in this bibliographic pass,10.1016/j.jfluidstructs.2022.103672,,https://doi.org/10.1016/j.jfluidstructs.2022.103672,,2026-09-29
ref-9e952f0ce503,2022,Experimental Study on Wind Loading Characteristics of Trains under Stationary Tornado-like Vortices,Peng Li; Bo Li; Xiaoyu Han; Yuji Tian; Ruoqi Li,True,Buildings,journal,engineering,direct,bibliographic,Not extracted in this bibliographic pass,Not extracted; consult the primary source,Topic indexed from title and venue; exact target and horizon require source review,Bibliographic entry filed under wind engineering & structural resilience. Open the primary source for the study's methods and findings.,已核对题名、作者、出版信息与 DOI；主题归入“风工程、结构荷载与抗灾设计”。具体方法、输入与结论待进一步阅读原文。,Not extracted in this bibliographic pass,10.3390/buildings12091377,,https://doi.org/10.3390/buildings12091377,,2026-09-29
ref-23b6362f7ba2,2022,Fire-Generated Tornadic Vortices,Neil P. Lareau; Nicholas J. Nauslar; Evan Bentley; Matthew Roberts; Samuel Emmerson; Brian Brong; Matthew Mehle; James Wallman,True,Bulletin of the American Meteorological Society,journal,foundations,context,bibliographic,Not extracted in this bibliographic pass,Not extracted; consult the primary source,Topic indexed from title and venue; exact target and horizon require source review,Bibliographic entry filed under foundations & dynamics. Open the primary source for the study's methods and findings.,已核对题名、作者、出版信息与 DOI；主题归入“物理基础与龙卷动力学”。具体方法、输入与结论待进一步阅读原文。,Not extracted in this bibliographic pass,10.1175/bams-d-21-0199.1,,https://doi.org/10.1175/bams-d-21-0199.1,,2026-09-29
ref-156a5ff7f9d0,2022,Infrasound measurement system for real-time in situ tornado measurements,Brandon C. White; Brian R. Elbing; Imraan A. Faruque,True,Atmospheric Measurement Techniques,journal,sensing,direct,bibliographic,Not extracted in this bibliographic pass,Not extracted; consult the primary source,Topic indexed from title and venue; exact target and horizon require source review,Bibliographic entry filed under novel sensing & observation. Open the primary source for the study's methods and findings.,已核对题名、作者、出版信息与 DOI；主题归入“新型观测与传感”。具体方法、输入与结论待进一步阅读原文。,Not extracted in this bibliographic pass,10.5194/amt-15-2923-2022,,https://doi.org/10.5194/amt-15-2923-2022,,2026-09-29
ref-b83136218a83,2022,"Integrated damage, visual, remote sensing, and environmental analysis of a strong tornado in southern Brazil",Maurício I. Oliveira; Franciano S. Puhales; Ernani L. Nascimento; Vagner Anabor,True,Atmospheric Research,journal,climatology,direct,bibliographic,Not extracted in this bibliographic pass,Not extracted; consult the primary source,Topic indexed from title and venue; exact target and horizon require source review,Bibliographic entry filed under climatology & environments. Open the primary source for the study's methods and findings.,已核对题名、作者、出版信息与 DOI；主题归入“气候统计、环境与区域研究”。具体方法、输入与结论待进一步阅读原文。,Not extracted in this bibliographic pass,10.1016/j.atmosres.2022.106188,,https://doi.org/10.1016/j.atmosres.2022.106188,,2026-09-29
ref-95a736f65df2,2022,Numerical simulation of wind loads and aerodynamic characteristics of streamlined bridge decks under tornado-like vortices,Yuhui Qin; Jinxin Cao; Shuyang Cao; Yaojun Ge,True,Journal of Fluids and Structures,journal,engineering,direct,bibliographic,Not extracted in this bibliographic pass,Not extracted; consult the primary source,Topic indexed from title and venue; exact target and horizon require source review,Bibliographic entry filed under wind engineering & structural resilience. Open the primary source for the study's methods and findings.,已核对题名、作者、出版信息与 DOI；主题归入“风工程、结构荷载与抗灾设计”。具体方法、输入与结论待进一步阅读原文。,Not extracted in this bibliographic pass,10.1016/j.jfluidstructs.2022.103623,,https://doi.org/10.1016/j.jfluidstructs.2022.103623,,2026-09-29
ref-65764eddd12a,2022,Observation of a Tornado using Phased Array Weather Radar,Kazuomi MOROTOMI; Shigeharu SHIMAMURA,True,"Wind Engineers, JAWE",journal,radar,direct,bibliographic,Not extracted in this bibliographic pass,Not extracted; consult the primary source,Topic indexed from title and venue; exact target and horizon require source review,Bibliographic entry filed under radar signatures & tracking. Open the primary source for the study's methods and findings.,已核对题名、作者、出版信息与 DOI；主题归入“雷达特征、识别与追踪”。具体方法、输入与结论待进一步阅读原文。,Not extracted in this bibliographic pass,10.5359/jawe.47.134,,https://doi.org/10.5359/jawe.47.134,,2026-09-29
ref-b0d4e3d0a241,2022,On the potential use of infrasound for tornado detection and monitoring,Roger M. Waxler; Garth Frazier; Carrick Talmadge; Claus Hetzer; Bin Liang; Hank Buchanan,True,The Journal of the Acoustical Society of America,journal,sensing,direct,bibliographic,Not extracted in this bibliographic pass,Not extracted; consult the primary source,Topic indexed from title and venue; exact target and horizon require source review,Bibliographic entry filed under novel sensing & observation. Open the primary source for the study's methods and findings.,已核对题名、作者、出版信息与 DOI；主题归入“新型观测与传感”。具体方法、输入与结论待进一步阅读原文。,Not extracted in this bibliographic pass,10.1121/10.0015979,,https://doi.org/10.1121/10.0015979,,2026-09-29
ref-c742a6f7c296,2022,Polarimetric Radar and VHF Lightning Observations in a Significantly Tornadic Supercell,Jacob Bruss,True,The Journal of Purdue Undergraduate Research,journal,evaluation,direct,bibliographic,Not extracted in this bibliographic pass,Not extracted; consult the primary source,Topic indexed from title and venue; exact target and horizon require source review,"Bibliographic entry filed under evaluation, uncertainty & reviews. Open the primary source for the study's methods and findings.",已核对题名、作者、出版信息与 DOI；主题归入“评估、不确定性与综述”。具体方法、输入与结论待进一步阅读原文。,Not extracted in this bibliographic pass,10.7771/2158-4052.1559,,https://doi.org/10.7771/2158-4052.1559,,2026-09-29
ref-d9c6450ad1d0,2022,Remodeling of computer codes to evaluate tornado-borne missile hazard for tornado PRA,Yuzuru EGUCHI; Yasuo HATTORI; Takahiro MURAKAMI; Kosuke NAMBA,True,The Proceedings of the National Symposium on Power and Energy Systems,conference,engineering,direct,bibliographic,Not extracted in this bibliographic pass,Not extracted; consult the primary source,Topic indexed from title and venue; exact target and horizon require source review,Bibliographic entry filed under wind engineering & structural resilience. Open the primary source for the study's methods and findings.,已核对题名、作者、出版信息与 DOI；主题归入“风工程、结构荷载与抗灾设计”。具体方法、输入与结论待进一步阅读原文。,Not extracted in this bibliographic pass,10.1299/jsmepes.2022.26.a241,,https://doi.org/10.1299/jsmepes.2022.26.a241,,2026-09-29
ref-a66e1196a88f,2022,Rethinking Warning Compliance and Complacency by Examining How People Manage Risk and Vulnerability during Real-World Tornado Threats,Julie L. Demuth; Jamie Vickery; Heather Lazrus; Jen Henderson; Rebecca E. Morss; Kevin D. Ash,True,Bulletin of the American Meteorological Society,journal,foundations,direct,bibliographic,Not extracted in this bibliographic pass,Not extracted; consult the primary source,Topic indexed from title and venue; exact target and horizon require source review,Bibliographic entry filed under foundations & dynamics. Open the primary source for the study's methods and findings.,已核对题名、作者、出版信息与 DOI；主题归入“物理基础与龙卷动力学”。具体方法、输入与结论待进一步阅读原文。,Not extracted in this bibliographic pass,10.1175/bams-d-21-0072.1,,https://doi.org/10.1175/bams-d-21-0072.1,,2026-09-29
ref-0daff446b71e,2022,Revealing Bluff-Body Aerodynamics on Low-Rise Buildings under Tornadic Winds Using Numerical Laboratory Tornado Simulator,Ryan Honerkamp; Guirong “Grace” Yan; John van de Lindt,True,Journal of Structural Engineering,journal,engineering,direct,bibliographic,Not extracted in this bibliographic pass,Not extracted; consult the primary source,Topic indexed from title and venue; exact target and horizon require source review,Bibliographic entry filed under wind engineering & structural resilience. Open the primary source for the study's methods and findings.,已核对题名、作者、出版信息与 DOI；主题归入“风工程、结构荷载与抗灾设计”。具体方法、输入与结论待进一步阅读原文。,Not extracted in this bibliographic pass,10.1061/(asce)st.1943-541x.0003283,,https://doi.org/10.1061/%28asce%29st.1943-541x.0003283,,2026-09-29
ref-9f4dd9803405,2022,Revisiting U.S. Nocturnal Tornado Vulnerability and Its Influence on Tornado Impacts,Stephen M. Strader; Walker S. Ashley; Alex M. Haberlie; Kristie Kaminski,True,"Weather, Climate, and Society",journal,impacts,direct,bibliographic,Not extracted in this bibliographic pass,Not extracted; consult the primary source,Topic indexed from title and venue; exact target and horizon require source review,Bibliographic entry filed under damage recognition & impacts. Open the primary source for the study's methods and findings.,已核对题名、作者、出版信息与 DOI；主题归入“灾后视觉识别与影响评估”。具体方法、输入与结论待进一步阅读原文。,Not extracted in this bibliographic pass,10.1175/wcas-d-22-0020.1,,https://doi.org/10.1175/wcas-d-22-0020.1,,2026-09-29
ref-e1c26368207c,2022,Semantic segmentation recognition model for tornado-induced building damage based on satellite images,Fengguang Xiong; Haijia Wen; Chi Zhang; Chenhao Song; Xinzhi Zhou,True,Journal of Building Engineering,journal,impacts,direct,bibliographic,Not extracted in this bibliographic pass,Not extracted; consult the primary source,Topic indexed from title and venue; exact target and horizon require source review,Bibliographic entry filed under damage recognition & impacts. Open the primary source for the study's methods and findings.,已核对题名、作者、出版信息与 DOI；主题归入“灾后视觉识别与影响评估”。具体方法、输入与结论待进一步阅读原文。,Not extracted in this bibliographic pass,10.1016/j.jobe.2022.105321,,https://doi.org/10.1016/j.jobe.2022.105321,,2026-09-29
ref-375cef7a901b,2022,Storm-Scale Polarimetric Radar Signatures Associated with Tornado Dissipation in Supercells,Jacob H. Segall; Michael M. French; Darrel M. Kingfield; Scott D. Loeffler; Matthew R. Kumjian,True,Weather and Forecasting,journal,evaluation,direct,bibliographic,Not extracted in this bibliographic pass,Not extracted; consult the primary source,Topic indexed from title and venue; exact target and horizon require source review,"Bibliographic entry filed under evaluation, uncertainty & reviews. Open the primary source for the study's methods and findings.",已核对题名、作者、出版信息与 DOI；主题归入“评估、不确定性与综述”。具体方法、输入与结论待进一步阅读原文。,Not extracted in this bibliographic pass,10.1175/waf-d-21-0067.1,,https://doi.org/10.1175/waf-d-21-0067.1,,2026-09-29
ref-81e667093d28,2022,Tornado climatology and potentially severe convective environments in Mexico,JF León-Cruz; LF Pineda-Martínez; N Carbajal,True,Climate Research,journal,climatology,direct,bibliographic,Not extracted in this bibliographic pass,Not extracted; consult the primary source,Topic indexed from title and venue; exact target and horizon require source review,Bibliographic entry filed under climatology & environments. Open the primary source for the study's methods and findings.,已核对题名、作者、出版信息与 DOI；主题归入“气候统计、环境与区域研究”。具体方法、输入与结论待进一步阅读原文。,Not extracted in this bibliographic pass,10.3354/cr01692,,https://doi.org/10.3354/cr01692,,2026-09-29
ref-50022c3ced11,2022,"Tornado Property Loss Scale: Up to $8 Billion by 2025: Classification, Dependence, and Prediction of Tornado Events in the U.S.",Thilini Mahanama; Dimitri Volchenkov,True,Journal of Environmental Accounting and Management,journal,forecast,direct,bibliographic,Not extracted in this bibliographic pass,Not extracted; consult the primary source,Topic indexed from title and venue; exact target and horizon require source review,Bibliographic entry filed under probabilistic guidance & operations. Open the primary source for the study's methods and findings.,已核对题名、作者、出版信息与 DOI；主题归入“概率预报、数值模式与业务应用”。具体方法、输入与结论待进一步阅读原文。,Not extracted in this bibliographic pass,10.5890/jeam.2022.06.002,,https://doi.org/10.5890/jeam.2022.06.002,,2026-09-29
ref-d6b194c9148a,2022,Wind Gusts Associated with Tornado-Scale Vortices in the Tropical Cyclone Boundary Layer: A Numerical Simulation,Qingyuan Liu; Liguang Wu; Nannan Qin; Jinjie Song; Na Wei,True,Frontiers in Earth Science,journal,foundations,direct,bibliographic,Not extracted in this bibliographic pass,Not extracted; consult the primary source,Topic indexed from title and venue; exact target and horizon require source review,Bibliographic entry filed under foundations & dynamics. Open the primary source for the study's methods and findings.,已核对题名、作者、出版信息与 DOI；主题归入“物理基础与龙卷动力学”。具体方法、输入与结论待进一步阅读原文。,Not extracted in this bibliographic pass,10.3389/feart.2022.945058,,https://doi.org/10.3389/feart.2022.945058,,2026-09-29
cai2022,2022,冷涡背景下辽宁龙卷气候特征和环境条件,Kuizhi Cai; Xiuping Yao; Xiaowei Sun; Pan Cheng,True,气象学报 / Acta Meteorologica Sinica,journal,climatology,direct,annotated,Cold-vortex environment and climatology analysis,"1951–2020 tornado observations, damage records and ERA5",Occurrence and intensity-group environments; retrospective,Examines Liaoning tornadoes associated with cold vortices and compares environmental parameters between intensity groups.,整理1951—2020年冷涡背景下辽宁龙卷记录，并比较不同强度组的环境参数，补充东北地区龙卷研究。,"Liaoning, China",10.11676/qxxb2021.063,,https://qxxb.cmsjournal.net/cn/article/pdf/preview/10.11676/qxxb2021.063.pdf,,2026-09-29
ref-0b2da7265264,2021,1925 Tri-State Tornado Damage Path and Associated Storm System,Robert H. Johns; Donald W. Burgess; Charles A. Doswell III; Matthew S. Gilmore; John A. Hart; Steven F. Piltz,True,E-Journal of Severe Storms Meteorology,journal,impacts,direct,bibliographic,Not extracted in this bibliographic pass,Not extracted; consult the primary source,Topic indexed from title and venue; exact target and horizon require source review,Bibliographic entry filed under damage recognition & impacts. Open the primary source for the study's methods and findings.,已核对题名、作者、出版信息与 DOI；主题归入“灾后视觉识别与影响评估”。具体方法、输入与结论待进一步阅读原文。,Not extracted in this bibliographic pass,10.55599/ejssm.v8i2.47,,https://doi.org/10.55599/ejssm.v8i2.47,,2026-09-29
ref-c0947ee849c3,2021,A Significant Tornado in a Heterogeneous Environment During VORTEX-SE,Timothy A. Coleman; Anthony W. Lyza; Wes Wyatt,True,E-Journal of Severe Storms Meteorology,journal,climatology,direct,bibliographic,Not extracted in this bibliographic pass,Not extracted; consult the primary source,Topic indexed from title and venue; exact target and horizon require source review,Bibliographic entry filed under climatology & environments. Open the primary source for the study's methods and findings.,已核对题名、作者、出版信息与 DOI；主题归入“气候统计、环境与区域研究”。具体方法、输入与结论待进一步阅读原文。,Not extracted in this bibliographic pass,10.55599/ejssm.v13i2.70,,https://doi.org/10.55599/ejssm.v13i2.70,,2026-09-29
ref-e77f91cbfda5,2021,An analysis of tornado warning reception and response across time: leveraging respondent's confidence and a nocturnal tornado climatology,Makenzie J. Krocak; Jinan N. Allan; Joseph T. Ripberger; Carol L. Silva; Hank C. Jenkins-Smith,True,Weather and Forecasting,journal,social,direct,bibliographic,Not extracted in this bibliographic pass,Not extracted; consult the primary source,Topic indexed from title and venue; exact target and horizon require source review,"Bibliographic entry filed under warnings, health & social response. Open the primary source for the study's methods and findings.",已核对题名、作者、出版信息与 DOI；主题归入“预警传播、健康与社会响应”。具体方法、输入与结论待进一步阅读原文。,Not extracted in this bibliographic pass,10.1175/waf-d-20-0207.1,,https://doi.org/10.1175/waf-d-20-0207.1,,2026-09-29
ref-bdc5d825f1d1,2021,"Assessment of NWS County Warning Area Tornado Risk, Exposure, and Vulnerability",Stephen M. Strader; Alex M. Haberlie; Alexandra G. Loitz,True,"Weather, Climate, and Society",journal,foundations,direct,bibliographic,Not extracted in this bibliographic pass,Not extracted; consult the primary source,Topic indexed from title and venue; exact target and horizon require source review,Bibliographic entry filed under foundations & dynamics. Open the primary source for the study's methods and findings.,已核对题名、作者、出版信息与 DOI；主题归入“物理基础与龙卷动力学”。具体方法、输入与结论待进一步阅读原文。,Not extracted in this bibliographic pass,10.1175/wcas-d-20-0107.1,,https://doi.org/10.1175/wcas-d-20-0107.1,,2026-09-29
ref-0c65f16054b8,2021,Changes in Tornado Climatology Accompanying the Enhanced Fujita Scale,Roger Edwards; Harold E. Brooks; Hannah Cohn,True,Journal of Applied Meteorology and Climatology,journal,rating,direct,bibliographic,Not extracted in this bibliographic pass,Not extracted; consult the primary source,Topic indexed from title and venue; exact target and horizon require source review,Bibliographic entry filed under intensity & damage-based rating. Open the primary source for the study's methods and findings.,已核对题名、作者、出版信息与 DOI；主题归入“强度估计与灾损分级”。具体方法、输入与结论待进一步阅读原文。,Not extracted in this bibliographic pass,10.1175/jamc-d-21-0058.1,,https://doi.org/10.1175/jamc-d-21-0058.1,,2026-09-29
ref-858eec51d284,2021,Characteristics of compact debris induced by a tornado studied using large eddy simulations,Zhenqing Liu; Yiwen Cao; Yize Wang; Jinxin Cao; Xugang Hua; Shuyang Cao,True,Journal of Wind Engineering and Industrial Aerodynamics,journal,foundations,direct,bibliographic,Not extracted in this bibliographic pass,Not extracted; consult the primary source,Topic indexed from title and venue; exact target and horizon require source review,Bibliographic entry filed under foundations & dynamics. Open the primary source for the study's methods and findings.,已核对题名、作者、出版信息与 DOI；主题归入“物理基础与龙卷动力学”。具体方法、输入与结论待进一步阅读原文。,Not extracted in this bibliographic pass,10.1016/j.jweia.2020.104422,,https://doi.org/10.1016/j.jweia.2020.104422,,2026-09-29
ref-dcf8f4110fd9,2021,Characteristics of tornado wind loads and examinations of tornado wind load provisions in ASCE 7–16,Jin Wang; Shuyang Cao,True,Engineering Structures,journal,engineering,direct,bibliographic,Not extracted in this bibliographic pass,Not extracted; consult the primary source,Topic indexed from title and venue; exact target and horizon require source review,Bibliographic entry filed under wind engineering & structural resilience. Open the primary source for the study's methods and findings.,已核对题名、作者、出版信息与 DOI；主题归入“风工程、结构荷载与抗灾设计”。具体方法、输入与结论待进一步阅读原文。,Not extracted in this bibliographic pass,10.1016/j.engstruct.2021.112451,,https://doi.org/10.1016/j.engstruct.2021.112451,,2026-09-29
ref-137c289309b3,2021,Cold Pool Characteristics of Tornadic Quasi-Linear Convective Systems and Other Convective Modes Observed during VORTEX-SE,Jessica M. McDonald; Christopher C. Weiss,True,Monthly Weather Review,journal,climatology,direct,bibliographic,Not extracted in this bibliographic pass,Not extracted; consult the primary source,Topic indexed from title and venue; exact target and horizon require source review,Bibliographic entry filed under climatology & environments. Open the primary source for the study's methods and findings.,已核对题名、作者、出版信息与 DOI；主题归入“气候统计、环境与区域研究”。具体方法、输入与结论待进一步阅读原文。,Not extracted in this bibliographic pass,10.1175/mwr-d-20-0226.1,,https://doi.org/10.1175/mwr-d-20-0226.1,,2026-09-29
ref-cc2de2d085bf,2021,Controls of Quasi-Linear Convective System Tornado Intensity,Geoffrey R. Marion; Robert J. Trapp,True,Journal of the Atmospheric Sciences,journal,rating,direct,bibliographic,Not extracted in this bibliographic pass,Not extracted; consult the primary source,Topic indexed from title and venue; exact target and horizon require source review,Bibliographic entry filed under intensity & damage-based rating. Open the primary source for the study's methods and findings.,已核对题名、作者、出版信息与 DOI；主题归入“强度估计与灾损分级”。具体方法、输入与结论待进一步阅读原文。,Not extracted in this bibliographic pass,10.1175/jas-d-20-0164.1,,https://doi.org/10.1175/jas-d-20-0164.1,,2026-09-29
ref-8f4563e00278,2021,Disaster simulation: Patient evacuation during a tornado,Tauna Gulley; Bethany Sullivan; Connie R. Workman,True,Teaching and Learning in Nursing,journal,social,direct,bibliographic,Not extracted in this bibliographic pass,Not extracted; consult the primary source,Topic indexed from title and venue; exact target and horizon require source review,"Bibliographic entry filed under warnings, health & social response. Open the primary source for the study's methods and findings.",已核对题名、作者、出版信息与 DOI；主题归入“预警传播、健康与社会响应”。具体方法、输入与结论待进一步阅读原文。,Not extracted in this bibliographic pass,10.1016/j.teln.2020.05.009,,https://doi.org/10.1016/j.teln.2020.05.009,,2026-09-29
ref-5d9a7433c794,2021,Discriminating between Tornadic and Non-Tornadic Supercells: A New Hodograph Technique,John M. Esterheld; Donald J. Giuliano,True,E-Journal of Severe Storms Meteorology,journal,foundations,direct,bibliographic,Not extracted in this bibliographic pass,Not extracted; consult the primary source,Topic indexed from title and venue; exact target and horizon require source review,Bibliographic entry filed under foundations & dynamics. Open the primary source for the study's methods and findings.,已核对题名、作者、出版信息与 DOI；主题归入“物理基础与龙卷动力学”。具体方法、输入与结论待进一步阅读原文。,Not extracted in this bibliographic pass,10.55599/ejssm.v3i2.15,,https://doi.org/10.55599/ejssm.v3i2.15,,2026-09-29
ref-a2a77a6d8f7c,2021,Environmental analysis on the first documented tornado outbreak in China,Lanqiang Bai,True,Atmospheric Science Letters,journal,climatology,direct,bibliographic,Not extracted in this bibliographic pass,Not extracted; consult the primary source,Topic indexed from title and venue; exact target and horizon require source review,Bibliographic entry filed under climatology & environments. Open the primary source for the study's methods and findings.,已核对题名、作者、出版信息与 DOI；主题归入“气候统计、环境与区域研究”。具体方法、输入与结论待进一步阅读原文。,Not extracted in this bibliographic pass,10.1002/asl.1057,,https://doi.org/10.1002/asl.1057,,2026-09-29
ref-b637a8a31094,2021,Estimating ‘outbreak’-level tornado counts and casualties from environmental variables,Zoe Schroder; James B. Elsner,True,"Weather, Climate, and Society",journal,social,direct,bibliographic,Not extracted in this bibliographic pass,Not extracted; consult the primary source,Topic indexed from title and venue; exact target and horizon require source review,"Bibliographic entry filed under warnings, health & social response. Open the primary source for the study's methods and findings.",已核对题名、作者、出版信息与 DOI；主题归入“预警传播、健康与社会响应”。具体方法、输入与结论待进一步阅读原文。,Not extracted in this bibliographic pass,10.1175/wcas-d-20-0130.1,,https://doi.org/10.1175/wcas-d-20-0130.1,,2026-09-29
ref-119315d1a998,2021,Examining Tornado Vulnerability in Kansas with Recent Findings from an EF4 Tornado,Elaina J. Sutley; Jae H. Kim; William J. Kirkham; Remy D. Lequesne,True,Natural Hazards Review,journal,foundations,direct,bibliographic,Not extracted in this bibliographic pass,Not extracted; consult the primary source,Topic indexed from title and venue; exact target and horizon require source review,Bibliographic entry filed under foundations & dynamics. Open the primary source for the study's methods and findings.,已核对题名、作者、出版信息与 DOI；主题归入“物理基础与龙卷动力学”。具体方法、输入与结论待进一步阅读原文。,Not extracted in this bibliographic pass,10.1061/(asce)nh.1527-6996.0000476,,https://doi.org/10.1061/%28asce%29nh.1527-6996.0000476,,2026-09-29
ref-4adfdcda5957,2021,Geographic Shift and Environment Change of U.S. Tornado Activities in a Warming Climate,Zuohao Cao; Huaqing Cai; Guang J. Zhang,True,Atmosphere,journal,climatology,direct,bibliographic,Not extracted in this bibliographic pass,Not extracted; consult the primary source,Topic indexed from title and venue; exact target and horizon require source review,Bibliographic entry filed under climatology & environments. Open the primary source for the study's methods and findings.,已核对题名、作者、出版信息与 DOI；主题归入“气候统计、环境与区域研究”。具体方法、输入与结论待进一步阅读原文。,Not extracted in this bibliographic pass,10.3390/atmos12050567,,https://doi.org/10.3390/atmos12050567,,2026-09-29
ref-8e862ccc6db0,2021,Improving Tornado Warning Communication for Deaf and Hard of Hearing Audiences,Jason C. Senkbeil; Darrin J. Griffin; Kathleen Sherman-Morris; Jennifer Saari; Kimberly Brothers,True,Journal of Operational Meteorology,journal,social,direct,bibliographic,Not extracted in this bibliographic pass,Not extracted; consult the primary source,Topic indexed from title and venue; exact target and horizon require source review,"Bibliographic entry filed under warnings, health & social response. Open the primary source for the study's methods and findings.",已核对题名、作者、出版信息与 DOI；主题归入“预警传播、健康与社会响应”。具体方法、输入与结论待进一步阅读原文。,Not extracted in this bibliographic pass,10.15191/nwajom.2021.0902,,https://doi.org/10.15191/nwajom.2021.0902,,2026-09-29
gensini2021,2021,Machine learning classification of significant tornadoes and hail in the U.S. using ERA5 proximity soundings,Vittorio A. Gensini; Cody Converse; Walker S. Ashley; Mateusz Taszarek,True,Weather and Forecasting,journal,ml,direct,annotated,Environmental ML classification,ERA5 profiles near tornado and hail reports,Severe versus significant-severe event classification,Compares classifiers using reanalysis proximity profiles to distinguish significant tornado and hail reports from less severe reports.,用事件附近的ERA5垂直廓线比较分类器，区分普通强天气与显著龙卷、冰雹事件。,United States,10.1175/waf-d-21-0056.1,,https://doi.org/10.1175/waf-d-21-0056.1,,2026-09-29
ref-2117bcf006c7,2021,Multivariate Analysis and Warning of a Tornado Embedded in Tropical Cyclone in Southern China,Zhaoming Li; Haonan Chen; Hongxing Chu; Haobo Tan; V. Chandrasekar; Xianxiang Huang; Shuofu Wang,True,IEEE Journal of Selected Topics in Applied Earth Observations and Remote Sensing,journal,foundations,direct,bibliographic,Not extracted in this bibliographic pass,Not extracted; consult the primary source,Topic indexed from title and venue; exact target and horizon require source review,Bibliographic entry filed under foundations & dynamics. Open the primary source for the study's methods and findings.,已核对题名、作者、出版信息与 DOI；主题归入“物理基础与龙卷动力学”。具体方法、输入与结论待进一步阅读原文。,Not extracted in this bibliographic pass,10.1109/jstars.2021.3125269,,https://doi.org/10.1109/jstars.2021.3125269,,2026-09-29
ref-93b1ed1da5cb,2021,Negative Pressure Perturbations Associated With Tornado‐Scale Vortices in the Tropical Cyclone Boundary Layer,Yecheng Feng; Liguang Wu; Qingyuan Liu; Weican Zhou,True,Geophysical Research Letters,journal,foundations,direct,bibliographic,Not extracted in this bibliographic pass,Not extracted; consult the primary source,Topic indexed from title and venue; exact target and horizon require source review,Bibliographic entry filed under foundations & dynamics. Open the primary source for the study's methods and findings.,已核对题名、作者、出版信息与 DOI；主题归入“物理基础与龙卷动力学”。具体方法、输入与结论待进一步阅读原文。,Not extracted in this bibliographic pass,10.1029/2020gl091339,,https://doi.org/10.1029/2020gl091339,,2026-09-29
ref-27ac9d5186ef,2021,Numerical simulation of a violent supercell tornado over Vienna airport initialized and initiated with a cloud model,Vlado Spiridonov; Mladjen Ćurić; Goran Velinov; Boro Jakimovski,True,Atmospheric Research,journal,foundations,direct,bibliographic,Not extracted in this bibliographic pass,Not extracted; consult the primary source,Topic indexed from title and venue; exact target and horizon require source review,Bibliographic entry filed under foundations & dynamics. Open the primary source for the study's methods and findings.,已核对题名、作者、出版信息与 DOI；主题归入“物理基础与龙卷动力学”。具体方法、输入与结论待进一步阅读原文。,Not extracted in this bibliographic pass,10.1016/j.atmosres.2021.105758,,https://doi.org/10.1016/j.atmosres.2021.105758,,2026-09-29
ref-0d5f43170134,2021,Numerical study of tornado-borne debris on a low-rise building through large eddy simulation,Zhenqing Liu; Yiwen Cao; Jinxin Cao; Yize Wang; Shuyang Cao,True,Journal of Fluids and Structures,journal,engineering,direct,bibliographic,Not extracted in this bibliographic pass,Not extracted; consult the primary source,Topic indexed from title and venue; exact target and horizon require source review,Bibliographic entry filed under wind engineering & structural resilience. Open the primary source for the study's methods and findings.,已核对题名、作者、出版信息与 DOI；主题归入“风工程、结构荷载与抗灾设计”。具体方法、输入与结论待进一步阅读原文。,Not extracted in this bibliographic pass,10.1016/j.jfluidstructs.2021.103379,,https://doi.org/10.1016/j.jfluidstructs.2021.103379,,2026-09-29
ref-37449ae127d8,2021,Performance Benchmarking of Parallel Hyperparameter Tuning for Deep Learning Based Tornado Predictions,Jonathan N. Basalyga; Carlos A. Barajas; Matthias K. Gobbert; Jianwu Wang,True,Big Data Research,journal,data,direct,bibliographic,Not extracted in this bibliographic pass,Not extracted; consult the primary source,Topic indexed from title and venue; exact target and horizon require source review,Bibliographic entry filed under datasets & benchmarks. Open the primary source for the study's methods and findings.,已核对题名、作者、出版信息与 DOI；主题归入“数据集与基准”。具体方法、输入与结论待进一步阅读原文。,Not extracted in this bibliographic pass,10.1016/j.bdr.2021.100212,,https://doi.org/10.1016/j.bdr.2021.100212,,2026-09-29
ref-940cd96e19d0,2021,"Polarimetric and Electrical Structure of the 19 May 2013 Edmond–Carney, Oklahoma, Tornadic Supercell",Milind Sharma; Robin L. Tanamachi; Eric C. Bruning; Kristin M. Calhoun,True,Monthly Weather Review,journal,evaluation,direct,bibliographic,Not extracted in this bibliographic pass,Not extracted; consult the primary source,Topic indexed from title and venue; exact target and horizon require source review,"Bibliographic entry filed under evaluation, uncertainty & reviews. Open the primary source for the study's methods and findings.",已核对题名、作者、出版信息与 DOI；主题归入“评估、不确定性与综述”。具体方法、输入与结论待进一步阅读原文。,Not extracted in this bibliographic pass,10.1175/mwr-d-20-0280.1,,https://doi.org/10.1175/mwr-d-20-0280.1,,2026-09-29
ref-7b108b51054b,2021,Population Bias on Tornado Reports in Europe,Răzvan Pîrloagă; Dragoş Ene; Bogdan Antonescu,True,Applied Sciences,journal,climatology,direct,bibliographic,Not extracted in this bibliographic pass,Not extracted; consult the primary source,Topic indexed from title and venue; exact target and horizon require source review,Bibliographic entry filed under climatology & environments. Open the primary source for the study's methods and findings.,已核对题名、作者、出版信息与 DOI；主题归入“气候统计、环境与区域研究”。具体方法、输入与结论待进一步阅读原文。,Not extracted in this bibliographic pass,10.3390/app112311485,,https://doi.org/10.3390/app112311485,,2026-09-29
ref-4d0e464baf79,2021,Recent Research on Tornado Associated with Typhoon Using Modern Radar Technology,Toru ADACHI,True,"Wind Engineers, JAWE",journal,radar,direct,bibliographic,Not extracted in this bibliographic pass,Not extracted; consult the primary source,Topic indexed from title and venue; exact target and horizon require source review,Bibliographic entry filed under radar signatures & tracking. Open the primary source for the study's methods and findings.,已核对题名、作者、出版信息与 DOI；主题归入“雷达特征、识别与追踪”。具体方法、输入与结论待进一步阅读原文。,Not extracted in this bibliographic pass,10.5359/jawe.46.19,,https://doi.org/10.5359/jawe.46.19,,2026-09-29
ref-82ce21b1ecba,2021,Simulating the storm environment responsible for Nepal's first observed tornado,Jonathan David Douglas Meyer; Binod Pokharel; Robert R. Gillies,True,Weather and Climate Extremes,journal,climatology,direct,bibliographic,Not extracted in this bibliographic pass,Not extracted; consult the primary source,Topic indexed from title and venue; exact target and horizon require source review,Bibliographic entry filed under climatology & environments. Open the primary source for the study's methods and findings.,已核对题名、作者、出版信息与 DOI；主题归入“气候统计、环境与区域研究”。具体方法、输入与结论待进一步阅读原文。,Not extracted in this bibliographic pass,10.1016/j.wace.2021.100368,,https://doi.org/10.1016/j.wace.2021.100368,,2026-09-29
dgmr2021,2021,Skilful precipitation nowcasting using deep generative models of radar,Suman Ravuri; Karel Lenc; Matthew Willson; Dmitry Kangin; Remi Lam; Piotr Mirowski; Megan Fitzsimons; Maria Athanassiadou; Sheleem Kashem; Sam Madge; Rachel Prudden; Amol Mandhane; Aidan Clark; Andrew Brock; Karen Simonyan; Raia Hadsell; Niall Robinson; Ellen Clancy; Alberto Arribas; Shakir Mohamed,True,Nature,journal,transfer,transfer,annotated,Deep generative radar nowcasting,Weather radar,Precipitation nowcasting,A transferable generative forecasting and human-evaluation reference.,生成式雷达临近预报与人工评价的参考路线；降水技巧不代表龙卷预报技巧。,Unspecified,10.1038/s41586-021-03854-z,,https://www.nature.com/articles/s41586-021-03854-z,https://github.com/deepmind/deepmind-research/tree/master/nowcasting,2026-09-29
wurman2021,2021,Supercell tornadoes are much stronger and wider than damage-based ratings indicate,Joshua Wurman; Karen Kosiba; Trevor White; Paul Robinson,True,Proceedings of the National Academy of Sciences,journal,rating,direct,annotated,Mobile Doppler observations,Doppler-on-Wheels and damage ratings,Observed wind versus damage-based estimates,Read the observational comparison together with its 2025 correction.,对比移动雷达风速观测与灾损等级；已附 2025 年更正，不能仅凭标题外推。,US,10.1073/pnas.2021535118,,https://www.pnas.org/doi/10.1073/pnas.2021535118,,2026-09-29
ref-bfbeb1fdff19,2021,Tornado Climatology and Risk Perception in Central Oklahoma,Victoria A. Johnson; Kimberly E. Klockow-McClain; Randy A. Peppler; Angela M. Person,True,"Weather, Climate, and Society",journal,social,direct,bibliographic,Not extracted in this bibliographic pass,Not extracted; consult the primary source,Topic indexed from title and venue; exact target and horizon require source review,"Bibliographic entry filed under warnings, health & social response. Open the primary source for the study's methods and findings.",已核对题名、作者、出版信息与 DOI；主题归入“预警传播、健康与社会响应”。具体方法、输入与结论待进一步阅读原文。,Not extracted in this bibliographic pass,10.1175/wcas-d-20-0137.1,,https://doi.org/10.1175/wcas-d-20-0137.1,,2026-09-29
ref-3baf12dcb522,2021,Tornado Formation and Intensity Prediction Using Polarimetric Radar Estimates of Updraft Area,Michael M. French; Darrel M. Kingfield,True,Weather and Forecasting,journal,evaluation,direct,bibliographic,Not extracted in this bibliographic pass,Not extracted; consult the primary source,Topic indexed from title and venue; exact target and horizon require source review,"Bibliographic entry filed under evaluation, uncertainty & reviews. Open the primary source for the study's methods and findings.",已核对题名、作者、出版信息与 DOI；主题归入“评估、不确定性与综述”。具体方法、输入与结论待进一步阅读原文。,Not extracted in this bibliographic pass,10.1175/waf-d-21-0087.1,,https://doi.org/10.1175/waf-d-21-0087.1,,2026-09-29
ref-c787f3207f0e,2021,Tornado Warning Guidance and Graphics: Implications of the Inclusion of Protective Action Information on Perceptions and Efficacy,Jeannette Sutton; Laura Fischer; Michele M. Wood,True,"Weather, Climate, and Society",journal,social,direct,bibliographic,Not extracted in this bibliographic pass,Not extracted; consult the primary source,Topic indexed from title and venue; exact target and horizon require source review,"Bibliographic entry filed under warnings, health & social response. Open the primary source for the study's methods and findings.",已核对题名、作者、出版信息与 DOI；主题归入“预警传播、健康与社会响应”。具体方法、输入与结论待进一步阅读原文。,Not extracted in this bibliographic pass,10.1175/wcas-d-21-0097.1,,https://doi.org/10.1175/wcas-d-21-0097.1,,2026-09-29
ref-8c2bb4ec2030,2021,Tornado wind hazard mapping and equivalent tornado design wind profile for Canada,H.P. Hong; Q. Huang; W.J. Jiang; Q. Tang; P. Jarrett,True,Structural Safety,journal,engineering,direct,bibliographic,Not extracted in this bibliographic pass,Not extracted; consult the primary source,Topic indexed from title and venue; exact target and horizon require source review,Bibliographic entry filed under wind engineering & structural resilience. Open the primary source for the study's methods and findings.,已核对题名、作者、出版信息与 DOI；主题归入“风工程、结构荷载与抗灾设计”。具体方法、输入与结论待进一步阅读原文。,Not extracted in this bibliographic pass,10.1016/j.strusafe.2021.102078,,https://doi.org/10.1016/j.strusafe.2021.102078,,2026-09-29
ref-39e524bf378d,2021,Tornado-resisting design speeds of nuclear power plants in China,Yuji Tian; Bo Li; Qingshan Yang; Min Liu,True,Natural Hazards,journal,engineering,direct,bibliographic,Not extracted in this bibliographic pass,Not extracted; consult the primary source,Topic indexed from title and venue; exact target and horizon require source review,Bibliographic entry filed under wind engineering & structural resilience. Open the primary source for the study's methods and findings.,已核对题名、作者、出版信息与 DOI；主题归入“风工程、结构荷载与抗灾设计”。具体方法、输入与结论待进一步阅读原文。,Not extracted in this bibliographic pass,10.1007/s11069-021-04627-7,,https://doi.org/10.1007/s11069-021-04627-7,,2026-09-29
flora2021,2021,Using Machine Learning to Generate Storm-Scale Probabilistic Guidance of Severe Weather Hazards in the Warn-on-Forecast System,Montgomery L. Flora; Corey K. Potvin; Patrick S. Skinner; Shawn Handler; Amy McGovern,True,Monthly Weather Review,journal,forecast,context,annotated,Calibrated ML postprocessing,WoFS convection-allowing ensemble,Short-range severe-weather guidance,"Links numerical ensembles, machine learning and calibrated hazard probabilities.",数值集合提供天气演变，机器学习负责灾害概率后处理与校准。,US,10.1175/MWR-D-20-0194.1,,https://repository.library.noaa.gov/view/noaa/31660,,2026-09-29
honerkamp2020,2020,A review of the characteristics of tornadic wind fields through observations and simulations,Ryan Honerkamp; Guirong Yan; Jeffrey C. Snyder,True,Journal of Wind Engineering and Industrial Aerodynamics,journal,rating,direct,annotated,Observation and wind-engineering review,"Measured, laboratory and simulated tornadic wind fields",Interpretation of wind-field structure and intensity,"Reviews tornado wind-field characteristics across observations and simulations, including how intensity relates to damage and engineering representations.",综合观测、实验室和数值模拟中的龙卷风场特征，讨论强度、灾损与工程表示之间的关系。,Review,10.1016/j.jweia.2020.104195,,https://doi.org/10.1016/j.jweia.2020.104195,,2026-09-29
bai2020,2020,Climatology of tropical cyclone tornadoes in China from 2006 to 2018,Lanqiang Bai; Zhiyong Meng; Kenta Sueki; Guixing Chen; Ruilin Zhou,True,Science China Earth Sciences,journal,climatology,direct,annotated,Tropical-cyclone tornado climatology,Tropical cyclone and tornado observations,Tropical cyclone tornado environments,Separates tropical-cyclone tornado environments from other tornado regimes.,补齐中国台风龙卷分支，不能简单与大陆超级单体场景混为一谈。,China,10.1007/s11430-019-9391-1,,https://link.springer.com/article/10.1007/s11430-019-9391-1,,2026-09-29
ref-9880eb714368,2020,Constructing an Efficient Machine Learning Model for Tornado Prediction,Fuad Aleskerov; Sergey Demin; Michael B. Richman; Sergey Shvydun; Theodore B. Trafalis; Vyacheslav Yakuba,True,International Journal of Information Technology & Decision Making,journal,ml,direct,bibliographic,Not extracted in this bibliographic pass,Not extracted; consult the primary source,Topic indexed from title and venue; exact target and horizon require source review,Bibliographic entry filed under statistical & classical ml. Open the primary source for the study's methods and findings.,已核对题名、作者、出版信息与 DOI；主题归入“统计学习与传统机器学习”。具体方法、输入与结论待进一步阅读原文。,Not extracted in this bibliographic pass,10.1142/s0219622020500261,,https://doi.org/10.1142/s0219622020500261,,2026-09-29
lagerquist2020,2020,Deep Learning on Three-Dimensional Multiscale Data for Next-Hour Tornado Prediction,Ryan Lagerquist; Amy McGovern; Cameron R. Homeyer; David John Gagne II; Travis Smith,True,Monthly Weather Review,journal,dl,direct,annotated,Convolutional neural networks,3D radar and environmental soundings,Next-hour tornado prediction,A key multiscale deep-learning reference combining storm structure and environment.,结合三维风暴结构和环境信息，研究下一小时龙卷预测，是从检测走向预报的重要文献。,US,10.1175/MWR-D-19-0372.1,,https://repository.library.noaa.gov/view/noaa/60124,,2026-09-29
ref-6032ec991b2b,2020,Differentiating Between Tornadic and Nontornadic Supercells Using Polarimetric Radar Signatures of Hydrometeor Size Sorting,Scott D. Loeffler; Matthew R. Kumjian; Michael Jurewicz; Michael M. French,True,Geophysical Research Letters,journal,evaluation,direct,bibliographic,Not extracted in this bibliographic pass,Not extracted; consult the primary source,Topic indexed from title and venue; exact target and horizon require source review,"Bibliographic entry filed under evaluation, uncertainty & reviews. Open the primary source for the study's methods and findings.",已核对题名、作者、出版信息与 DOI；主题归入“评估、不确定性与综述”。具体方法、输入与结论待进一步阅读原文。,Not extracted in this bibliographic pass,10.1029/2020gl088242,,https://doi.org/10.1029/2020gl088242,,2026-09-29
ref-db45f0711536,2020,"Discrete-Outcome Analysis of Tornado Damage Following the 2011 Tuscaloosa, Alabama, Tornado",P. Shane Crawford; Alexander M. Hainen; Andrew J. Graettinger; John W. van de Lindt; Lawrence Powell,True,Natural Hazards Review,journal,impacts,direct,bibliographic,Not extracted in this bibliographic pass,Not extracted; consult the primary source,Topic indexed from title and venue; exact target and horizon require source review,Bibliographic entry filed under damage recognition & impacts. Open the primary source for the study's methods and findings.,已核对题名、作者、出版信息与 DOI；主题归入“灾后视觉识别与影响评估”。具体方法、输入与结论待进一步阅读原文。,Not extracted in this bibliographic pass,10.1061/(asce)nh.1527-6996.0000396,,https://doi.org/10.1061/%28asce%29nh.1527-6996.0000396,,2026-09-29
ref-f90a58503c81,2020,Engineering-Based Tornado Damage Assessment: Numerical Tool for Assessing Tornado Vulnerability of Residential Structures,Anant Jain; Arpit A. Bhusar; David B. Roueche; David O. Prevatt,True,Frontiers in Built Environment,journal,social,direct,bibliographic,Not extracted in this bibliographic pass,Not extracted; consult the primary source,Topic indexed from title and venue; exact target and horizon require source review,"Bibliographic entry filed under warnings, health & social response. Open the primary source for the study's methods and findings.",已核对题名、作者、出版信息与 DOI；主题归入“预警传播、健康与社会响应”。具体方法、输入与结论待进一步阅读原文。,Not extracted in this bibliographic pass,10.3389/fbuil.2020.00089,,https://doi.org/10.3389/fbuil.2020.00089,,2026-09-29
ref-7a2000a894c5,2020,Forecasting Tornado Activity Weeks in Advance,Vittorio A. Gensini; Bradford S. Barrett; John T. Allen; David Gold; Paul Sirvatka,True,Bulletin of the American Meteorological Society,journal,forecast,direct,bibliographic,Not extracted in this bibliographic pass,Not extracted; consult the primary source,Topic indexed from title and venue; exact target and horizon require source review,Bibliographic entry filed under probabilistic guidance & operations. Open the primary source for the study's methods and findings.,已核对题名、作者、出版信息与 DOI；主题归入“概率预报、数值模式与业务应用”。具体方法、输入与结论待进一步阅读原文。,Not extracted in this bibliographic pass,10.1175/bams-d-19-0188.a,,https://doi.org/10.1175/bams-d-19-0188.a,,2026-09-29
ref-09bb472c7ca8,2020,Hindcasting the First Tornado Forecast in Europe: 25 June 1967,Bogdan Antonescu; Tomáš Púçik; David M. Schultz,True,Weather and Forecasting,journal,forecast,direct,bibliographic,Not extracted in this bibliographic pass,Not extracted; consult the primary source,Topic indexed from title and venue; exact target and horizon require source review,Bibliographic entry filed under probabilistic guidance & operations. Open the primary source for the study's methods and findings.,已核对题名、作者、出版信息与 DOI；主题归入“概率预报、数值模式与业务应用”。具体方法、输入与结论待进一步阅读原文。,Not extracted in this bibliographic pass,10.1175/waf-d-19-0173.1,,https://doi.org/10.1175/waf-d-19-0173.1,,2026-09-29
ref-a75120ea51c8,2020,"Mobile Radar Observations of the Evolving Debris Field Compared with a Damage Survey of the Shawnee, Oklahoma, Tornado of 19 May 2013",Roger M. Wakimoto; Zachary Wienhoff; Howard B. Bluestein; David J. Bodine; James M. Kurdzo,True,Monthly Weather Review,journal,impacts,direct,bibliographic,Not extracted in this bibliographic pass,Not extracted; consult the primary source,Topic indexed from title and venue; exact target and horizon require source review,Bibliographic entry filed under damage recognition & impacts. Open the primary source for the study's methods and findings.,已核对题名、作者、出版信息与 DOI；主题归入“灾后视觉识别与影响评估”。具体方法、输入与结论待进一步阅读原文。,Not extracted in this bibliographic pass,10.1175/mwr-d-19-0215.1,,https://doi.org/10.1175/mwr-d-19-0215.1,,2026-09-29
ref-c699489c6519,2020,Modeling infrasound propagation from Tornado producing storms,Trevor C. Wilson; Real J. KC; Brian R. Elbing; Matthew S. Van Den Broeke,True,The Journal of the Acoustical Society of America,journal,sensing,direct,bibliographic,Not extracted in this bibliographic pass,Not extracted; consult the primary source,Topic indexed from title and venue; exact target and horizon require source review,Bibliographic entry filed under novel sensing & observation. Open the primary source for the study's methods and findings.,已核对题名、作者、出版信息与 DOI；主题归入“新型观测与传感”。具体方法、输入与结论待进一步阅读原文。,Not extracted in this bibliographic pass,10.1121/1.5147607,,https://doi.org/10.1121/1.5147607,,2026-09-29
ref-6f767fbbebb8,2020,"Modeling resilience, meaning in life, posttraumatic growth, and disaster preparedness with two samples of tornado survivors.",Marcela C. Weber; Jeffrey M. Pavlacic; Emily A. Gawlik; Stefan E. Schulenberg; Erin M. Buchanan,True,Traumatology,journal,social,direct,bibliographic,Not extracted in this bibliographic pass,Not extracted; consult the primary source,Topic indexed from title and venue; exact target and horizon require source review,"Bibliographic entry filed under warnings, health & social response. Open the primary source for the study's methods and findings.",已核对题名、作者、出版信息与 DOI；主题归入“预警传播、健康与社会响应”。具体方法、输入与结论待进一步阅读原文。,Not extracted in this bibliographic pass,10.1037/trm0000210,,https://doi.org/10.1037/trm0000210,,2026-09-29
cintineo2020,2020,"NOAA ProbSevere v2.0—ProbHail, ProbWind, and ProbTor",John L. Cintineo; Michael J. Pavolonis; Justin M. Sieglaff; Lee Cronce; Jason Brunner,True,Weather and Forecasting,journal,forecast,direct,annotated,Hazard-specific probabilistic ML,Multi-source storm and environmental predictors,ProbTor alongside hail/wind probabilities,An important reference for separating tornado risk from a generic severe-weather probability.,ProbTor 将龙卷概率与冰雹、大风概率分开；适合研究业务多灾种输出。,US,10.1175/WAF-D-19-0242.1,,https://repository.library.noaa.gov/view/noaa/43217,,2026-09-29
ref-36ee32c0deac,2020,Numerical study of debris flight in a tornado-like vortex,Shuan Huo; Hassan Hemida; Mark Sterling,True,Journal of Fluids and Structures,journal,foundations,direct,bibliographic,Not extracted in this bibliographic pass,Not extracted; consult the primary source,Topic indexed from title and venue; exact target and horizon require source review,Bibliographic entry filed under foundations & dynamics. Open the primary source for the study's methods and findings.,已核对题名、作者、出版信息与 DOI；主题归入“物理基础与龙卷动力学”。具体方法、输入与结论待进一步阅读原文。,Not extracted in this bibliographic pass,10.1016/j.jfluidstructs.2020.103134,,https://doi.org/10.1016/j.jfluidstructs.2020.103134,,2026-09-29
ref-c20cb69974bf,2020,Observed Relationship between Tornado Intensity and Pretornadic Mesocyclone Characteristics,Michael F. Sessa; Robert J. Trapp,True,Weather and Forecasting,journal,rating,direct,bibliographic,Not extracted in this bibliographic pass,Not extracted; consult the primary source,Topic indexed from title and venue; exact target and horizon require source review,Bibliographic entry filed under intensity & damage-based rating. Open the primary source for the study's methods and findings.,已核对题名、作者、出版信息与 DOI；主题归入“强度估计与灾损分级”。具体方法、输入与结论待进一步阅读原文。,Not extracted in this bibliographic pass,10.1175/waf-d-19-0099.1,,https://doi.org/10.1175/waf-d-19-0099.1,,2026-09-29
ref-7ec7c367a1bd,2020,Selection of Residential Building Design Requirements to Achieve Community Functionality Goals under Tornado Loading,Karim Farokhnia; John W. van de Lindt; Maria Koliou,True,Practice Periodical on Structural Design and Construction,journal,engineering,direct,bibliographic,Not extracted in this bibliographic pass,Not extracted; consult the primary source,Topic indexed from title and venue; exact target and horizon require source review,Bibliographic entry filed under wind engineering & structural resilience. Open the primary source for the study's methods and findings.,已核对题名、作者、出版信息与 DOI；主题归入“风工程、结构荷载与抗灾设计”。具体方法、输入与结论待进一步阅读原文。,Not extracted in this bibliographic pass,10.1061/(asce)sc.1943-5576.0000464,,https://doi.org/10.1061/%28asce%29sc.1943-5576.0000464,,2026-09-29
ref-34cd9451d709,2020,Synoptic-Scale Environments and Precipitation Morphologies of Tornado Outbreaks from Quasi-Linear Convective Systems in the United Kingdom,Ty J. Buckingham; David M. Schultz,True,Weather and Forecasting,journal,climatology,direct,bibliographic,Not extracted in this bibliographic pass,Not extracted; consult the primary source,Topic indexed from title and venue; exact target and horizon require source review,Bibliographic entry filed under climatology & environments. Open the primary source for the study's methods and findings.,已核对题名、作者、出版信息与 DOI；主题归入“气候统计、环境与区域研究”。具体方法、输入与结论待进一步阅读原文。,Not extracted in this bibliographic pass,10.1175/waf-d-20-0021.1,,https://doi.org/10.1175/waf-d-20-0021.1,,2026-09-29
ref-34e61d3bf8e9,2020,The Northern Tornadoes Project: Uncovering Canada’s True Tornado Climatology,David M. L. Sills; Gregory A. Kopp; Lesley Elliott; Aaron L. Jaffe; Liz Sutherland; Connell S. Miller; Joanne M. Kunkel; Emilio Hong; Sarah A. Stevenson; William Wang,True,Bulletin of the American Meteorological Society,journal,climatology,direct,bibliographic,Not extracted in this bibliographic pass,Not extracted; consult the primary source,Topic indexed from title and venue; exact target and horizon require source review,Bibliographic entry filed under climatology & environments. Open the primary source for the study's methods and findings.,已核对题名、作者、出版信息与 DOI；主题归入“气候统计、环境与区域研究”。具体方法、输入与结论待进一步阅读原文。,Not extracted in this bibliographic pass,10.1175/bams-d-20-0012.1,,https://doi.org/10.1175/bams-d-20-0012.1,,2026-09-29
ref-c51153aba71b,2020,Thinking outside the polygon: a study of tornado warning perception outside of warning polygon bounds,Makenzie J. Krocak; Sean Ernst; Jinan N. Allan; Wesley Wehde; Joseph T. Ripberger; Carol L. Silva; Hank C. Jenkins-Smith,True,Natural Hazards,journal,social,direct,bibliographic,Not extracted in this bibliographic pass,Not extracted; consult the primary source,Topic indexed from title and venue; exact target and horizon require source review,"Bibliographic entry filed under warnings, health & social response. Open the primary source for the study's methods and findings.",已核对题名、作者、出版信息与 DOI；主题归入“预警传播、健康与社会响应”。具体方法、输入与结论待进一步阅读原文。,Not extracted in this bibliographic pass,10.1007/s11069-020-03970-5,,https://doi.org/10.1007/s11069-020-03970-5,,2026-09-29
ref-67972a5d7268,2020,Tornado Disaster Casualties Admitted to a County Hospital in the Jiangsu Province of China,Junqiang Dong; Bing Wang; Qiangyu Deng; Wenya Yu; Haiping Chen; Lulu Zhang,True,Disaster Medicine and Public Health Preparedness,journal,social,direct,bibliographic,Not extracted in this bibliographic pass,Not extracted; consult the primary source,Topic indexed from title and venue; exact target and horizon require source review,"Bibliographic entry filed under warnings, health & social response. Open the primary source for the study's methods and findings.",已核对题名、作者、出版信息与 DOI；主题归入“预警传播、健康与社会响应”。具体方法、输入与结论待进一步阅读原文。,Not extracted in this bibliographic pass,10.1017/dmp.2019.86,,https://doi.org/10.1017/dmp.2019.86,,2026-09-29
ref-02c23425b260,2020,Tornado Risk Climatology in Europe,Jürgen Grieser; Phil Haines,True,Atmosphere,journal,climatology,direct,bibliographic,Not extracted in this bibliographic pass,Not extracted; consult the primary source,Topic indexed from title and venue; exact target and horizon require source review,Bibliographic entry filed under climatology & environments. Open the primary source for the study's methods and findings.,已核对题名、作者、出版信息与 DOI；主题归入“气候统计、环境与区域研究”。具体方法、输入与结论待进一步阅读原文。,Not extracted in this bibliographic pass,10.3390/atmos11070768,,https://doi.org/10.3390/atmos11070768,,2026-09-29
ref-a59c261e2cd4,2020,"Tornado warning awareness, information needs and the barriers to protective action of individuals who are blind",Kathleen Sherman-Morris; Taylor Pechacek; Darrin J. Griffin; Jason Senkbeil,True,International Journal of Disaster Risk Reduction,journal,social,direct,bibliographic,Not extracted in this bibliographic pass,Not extracted; consult the primary source,Topic indexed from title and venue; exact target and horizon require source review,"Bibliographic entry filed under warnings, health & social response. Open the primary source for the study's methods and findings.",已核对题名、作者、出版信息与 DOI；主题归入“预警传播、健康与社会响应”。具体方法、输入与结论待进一步阅读原文。,Not extracted in this bibliographic pass,10.1016/j.ijdrr.2020.101709,,https://doi.org/10.1016/j.ijdrr.2020.101709,,2026-09-29
ref-3eb9faa82ebc,2020,Tornado warning: Understanding the National Weather Service’s communication strategies,Brooke Fisher Liu; Anita Atwell Seate; Irina Iles; Emina Herovic,True,Public Relations Review,journal,social,direct,bibliographic,Not extracted in this bibliographic pass,Not extracted; consult the primary source,Topic indexed from title and venue; exact target and horizon require source review,"Bibliographic entry filed under warnings, health & social response. Open the primary source for the study's methods and findings.",已核对题名、作者、出版信息与 DOI；主题归入“预警传播、健康与社会响应”。具体方法、输入与结论待进一步阅读原文。,Not extracted in this bibliographic pass,10.1016/j.pubrev.2019.101879,,https://doi.org/10.1016/j.pubrev.2019.101879,,2026-09-29
ref-78bb5a223002,2020,Tornado-Induced and Straight-Line Wind Loads on a Low-Rise Building With Consideration of Internal Pressure,David Brett Roueche; David O. Prevatt; Frederick L. Haan,True,Frontiers in Built Environment,journal,engineering,direct,bibliographic,Not extracted in this bibliographic pass,Not extracted; consult the primary source,Topic indexed from title and venue; exact target and horizon require source review,Bibliographic entry filed under wind engineering & structural resilience. Open the primary source for the study's methods and findings.,已核对题名、作者、出版信息与 DOI；主题归入“风工程、结构荷载与抗灾设计”。具体方法、输入与结论待进一步阅读原文。,Not extracted in this bibliographic pass,10.3389/fbuil.2020.00018,,https://doi.org/10.3389/fbuil.2020.00018,,2026-09-29
ref-9e23f7e3b0d3,2020,Tornado-like-vortex-induced wind pressure on a low-rise building with opening in roof corner,Mengen Wang; Shuyang Cao; Jinxin Cao,True,Journal of Wind Engineering and Industrial Aerodynamics,journal,engineering,direct,bibliographic,Not extracted in this bibliographic pass,Not extracted; consult the primary source,Topic indexed from title and venue; exact target and horizon require source review,Bibliographic entry filed under wind engineering & structural resilience. Open the primary source for the study's methods and findings.,已核对题名、作者、出版信息与 DOI；主题归入“风工程、结构荷载与抗灾设计”。具体方法、输入与结论待进一步阅读原文。,Not extracted in this bibliographic pass,10.1016/j.jweia.2020.104308,,https://doi.org/10.1016/j.jweia.2020.104308,,2026-09-29
ref-90f3dd02eb70,2020,Understanding How Complex Terrain Impacts Tornado Dynamics Using a Suite of High-Resolution Numerical Simulations,Martin A. Satrio; David J. Bodine; Anthony E. Reinhart; Takashi Maruyama; Franklin T. Lombardo,True,Journal of the Atmospheric Sciences,journal,impacts,direct,bibliographic,Not extracted in this bibliographic pass,Not extracted; consult the primary source,Topic indexed from title and venue; exact target and horizon require source review,Bibliographic entry filed under damage recognition & impacts. Open the primary source for the study's methods and findings.,已核对题名、作者、出版信息与 DOI；主题归入“灾后视觉识别与影响评估”。具体方法、输入与结论待进一步阅读原文。,Not extracted in this bibliographic pass,10.1175/jas-d-19-0321.1,,https://doi.org/10.1175/jas-d-19-0321.1,,2026-09-29
weatherbench2020,2020,WeatherBench: A benchmark data set for data-driven weather forecasting,Stephan Rasp; Peter D. Dueben; Sebastian Scher; Jonathan A. Weyn; Soukayna Mouatadid; Nils Thuerey,True,Journal of Advances in Modeling Earth Systems,journal,data,transfer,annotated,Benchmark design,Global reanalysis fields,Global weather forecasting evaluation,"A benchmark-design reference, not a tornado dataset.",学习公开基准、数据划分与基线设计；它不是龙卷数据集。,Global,10.1029/2020MS002203,2002.00469,https://doi.org/10.1029/2020MS002203,https://github.com/pangeo-data/WeatherBench,2026-09-29
ref-764a33cd8180,2020,Windborne debris trajectories in tornado-like flow field initiated from a low-rise building,Frederick Bourriez; Mark Sterling; Chris Baker,True,Journal of Wind Engineering and Industrial Aerodynamics,journal,engineering,direct,bibliographic,Not extracted in this bibliographic pass,Not extracted; consult the primary source,Topic indexed from title and venue; exact target and horizon require source review,Bibliographic entry filed under wind engineering & structural resilience. Open the primary source for the study's methods and findings.,已核对题名、作者、出版信息与 DOI；主题归入“风工程、结构荷载与抗灾设计”。具体方法、输入与结论待进一步阅读原文。,Not extracted in this bibliographic pass,10.1016/j.jweia.2020.104358,,https://doi.org/10.1016/j.jweia.2020.104358,,2026-09-29
ref-640c5a7eee9a,2020,WSR-88D Tornado Intensity Estimates. Part I: Real-Time Probabilities of Peak Tornado Wind Speeds,Bryan T. Smith; Richard L. Thompson; Douglas A. Speheger; Andrew R. Dean; Christopher D. Karstens; Alexandra K. Anderson-Frey,True,Weather and Forecasting,journal,rating,direct,bibliographic,Not extracted in this bibliographic pass,Not extracted; consult the primary source,Topic indexed from title and venue; exact target and horizon require source review,Bibliographic entry filed under intensity & damage-based rating. Open the primary source for the study's methods and findings.,已核对题名、作者、出版信息与 DOI；主题归入“强度估计与灾损分级”。具体方法、输入与结论待进一步阅读原文。,Not extracted in this bibliographic pass,10.1175/waf-d-20-0010.1,,https://doi.org/10.1175/waf-d-20-0010.1,,2026-09-29
ref-42028af2ad06,2020,WSR-88D Tornado Intensity Estimates. Part II: Real-Time Applications to Tornado Warning Time Scales,Bryan T. Smith; Richard L. Thompson; Douglas A. Speheger; Andrew R. Dean; Christopher D. Karstens; Alexandra K. Anderson-Frey,True,Weather and Forecasting,journal,rating,direct,bibliographic,Not extracted in this bibliographic pass,Not extracted; consult the primary source,Topic indexed from title and venue; exact target and horizon require source review,Bibliographic entry filed under intensity & damage-based rating. Open the primary source for the study's methods and findings.,已核对题名、作者、出版信息与 DOI；主题归入“强度估计与灾损分级”。具体方法、输入与结论待进一步阅读原文。,Not extracted in this bibliographic pass,10.1175/waf-d-20-0011.1,,https://doi.org/10.1175/waf-d-20-0011.1,,2026-09-29
yu2020review,2020,中国当代强对流天气研究与业务进展,俞小鼎; 郑永光,True,气象学报 / Acta Meteorologica Sinica,journal,evaluation,context,annotated,Review of Chinese severe-convective research and operations,"Storm observations, environmental diagnostics and forecasting literature",Historical and contemporary severe-weather research,"Reviews severe-convective science and operations in China, including tornado environments, radar recognition and forecasting approaches.",梳理中国强对流研究与业务进展，包含龙卷环境、雷达识别及预报方法，为阅读中文龙卷文献提供综述入口。,China,10.11676/qxxb2020.035,,https://qxxb.cmsjournal.net/cn/article/pdf/preview/10.11676/qxxb2020.035.pdf,,2026-09-29
ref-e894b3407b1f,2020,中国热带气旋龙卷的气候统计特征(2006~2018),SUEKI Kenta; 瑞琳 周; 兰强 白; 智勇 孟; 桂兴 陈,True,SCIENTIA SINICA Terrae,journal,foundations,direct,bibliographic,Not extracted in this bibliographic pass,Not extracted; consult the primary source,Topic indexed from title and venue; exact target and horizon require source review,Bibliographic entry filed under foundations & dynamics. Open the primary source for the study's methods and findings.,已核对题名、作者、出版信息与 DOI；主题归入“物理基础与龙卷动力学”。具体方法、输入与结论待进一步阅读原文。,Not extracted in this bibliographic pass,10.1360/sste-2020-0041,,https://doi.org/10.1360/sste-2020-0041,,2026-09-29
brooks2019history,2019,A Century of Progress in Severe Convective Storm Research and Forecasting,Harold E. Brooks; Charles A. Doswell III; Xiaoling Zhang; A. M. Alexander Chernokulsky; Eigo Tochimoto; Barry Hanstrum; Ernani de Lima Nascimento; David M. L. Sills; Bogdan Antonescu; Brad Barrett,True,Meteorological Monographs,journal,evaluation,context,annotated,Historical review,"Severe-storm observation, theory and forecasting literature",Evolution of severe-convective research and operations,"Traces how observing systems, physical understanding and numerical prediction changed severe-storm research and forecasting.",回顾观测系统、物理认识和数值预测如何推动强对流研究与业务演进，为从传统方法读到智能方法建立时间脉络。,International review,10.1175/amsmonographs-d-18-0026.1,,https://doi.org/10.1175/amsmonographs-d-18-0026.1,,2026-09-29
ref-90ea1a7ab319,2019,An Updated Severe Hail and Tornado Climatology for Eastern Colorado,Samuel J. Childs; Russ S. Schumacher,True,Journal of Applied Meteorology and Climatology,journal,climatology,direct,bibliographic,Not extracted in this bibliographic pass,Not extracted; consult the primary source,Topic indexed from title and venue; exact target and horizon require source review,Bibliographic entry filed under climatology & environments. Open the primary source for the study's methods and findings.,已核对题名、作者、出版信息与 DOI；主题归入“气候统计、环境与区域研究”。具体方法、输入与结论待进一步阅读原文。,Not extracted in this bibliographic pass,10.1175/jamc-d-19-0098.1,,https://doi.org/10.1175/jamc-d-19-0098.1,,2026-09-29
ref-d59b3b55d478,2019,Are Tornado Vortex Generators fit for purpose?,Chris Baker; Mark Sterling,True,Journal of Wind Engineering and Industrial Aerodynamics,journal,foundations,direct,bibliographic,Not extracted in this bibliographic pass,Not extracted; consult the primary source,Topic indexed from title and venue; exact target and horizon require source review,Bibliographic entry filed under foundations & dynamics. Open the primary source for the study's methods and findings.,已核对题名、作者、出版信息与 DOI；主题归入“物理基础与龙卷动力学”。具体方法、输入与结论待进一步阅读原文。,Not extracted in this bibliographic pass,10.1016/j.jweia.2019.05.011,,https://doi.org/10.1016/j.jweia.2019.05.011,,2026-09-29
ref-a3c4e437d822,2019,Comparison of infrasound emissions observed during a tornado with potential fluid mechanisms,Christopher Petrin; Brian R. Elbing,True,The Journal of the Acoustical Society of America,journal,sensing,direct,bibliographic,Not extracted in this bibliographic pass,Not extracted; consult the primary source,Topic indexed from title and venue; exact target and horizon require source review,Bibliographic entry filed under novel sensing & observation. Open the primary source for the study's methods and findings.,已核对题名、作者、出版信息与 DOI；主题归入“新型观测与传感”。具体方法、输入与结论待进一步阅读原文。,Not extracted in this bibliographic pass,10.1121/1.5101896,,https://doi.org/10.1121/1.5101896,,2026-09-29
ref-1607b782c641,2019,Computer modelling of close-to-ground tornado wind-fields for different tornado widths,M. Hossein Kashefizadeh; Sumit Verma; R. Panneer Selvam,True,Journal of Wind Engineering and Industrial Aerodynamics,journal,foundations,direct,bibliographic,Not extracted in this bibliographic pass,Not extracted; consult the primary source,Topic indexed from title and venue; exact target and horizon require source review,Bibliographic entry filed under foundations & dynamics. Open the primary source for the study's methods and findings.,已核对题名、作者、出版信息与 DOI；主题归入“物理基础与龙卷动力学”。具体方法、输入与结论待进一步阅读原文。,Not extracted in this bibliographic pass,10.1016/j.jweia.2019.05.008,,https://doi.org/10.1016/j.jweia.2019.05.008,,2026-09-29
ref-59eb2fcf352f,2019,Development of Multi-Parameter Phased Array Weather Radar (MP-PAWR) and Early Detection of Torrential Rainfall and Tornado Risk,"Nobuhiro Takahashi; Tomoo Ushio; Katsuhiro Nakagawa; Fumihiko Mizutani; Koyuru Iwanami; Akihiko Yamaji; Takeshi Kawagoe; Masahiko Osada; Takehiro Ohta; Masaki Kawasaki; Nagoya University Furo-cho, Chikusaku, Nagoya, Aichi 464-8601, Japan; Tokyo Metropolitan University, Tokyo, Japan; National Institute of Information and Communications Technology, Tokyo, Japan; Toshiba Infrastructure Systems and Solutions Corporation, Kanagawa, Japan; National Research Institute for Earth Science and Disaster Resilience, Ibaraki, Japan; Japan Weather Association, Tokyo, Japan; Railway Technical Research Institute, Tokyo, Japan; Saitama University, Saitama, Japan; Yamaguchi University, Yamaguchi, Japan; National Institute for Land and Infrastructure Management, Ibaraki, Japan",True,Journal of Disaster Research,journal,radar,direct,bibliographic,Not extracted in this bibliographic pass,Not extracted; consult the primary source,Topic indexed from title and venue; exact target and horizon require source review,Bibliographic entry filed under radar signatures & tracking. Open the primary source for the study's methods and findings.,已核对题名、作者、出版信息与 DOI；主题归入“雷达特征、识别与追踪”。具体方法、输入与结论待进一步阅读原文。,Not extracted in this bibliographic pass,10.20965/jdr.2019.p0235,,https://doi.org/10.20965/jdr.2019.p0235,,2026-09-29
ref-d568a73650e4,2019,Effect of Tornado Outbreaks on Morbidity and Mortality in Texas,A. Swienton; Daniel Goldberg; Tracy Hammond; Andrew Klein; Jennifer Horney,True,Prehospital and Disaster Medicine,journal,social,direct,bibliographic,Not extracted in this bibliographic pass,Not extracted; consult the primary source,Topic indexed from title and venue; exact target and horizon require source review,"Bibliographic entry filed under warnings, health & social response. Open the primary source for the study's methods and findings.",已核对题名、作者、出版信息与 DOI；主题归入“预警传播、健康与社会响应”。具体方法、输入与结论待进一步阅读原文。,Not extracted in this bibliographic pass,10.1017/s1049023x19001171,,https://doi.org/10.1017/s1049023x19001171,,2026-09-29
ref-af2948d1c924,2019,Ensemble Kalman Filter Assimilation of Polarimetric Radar Observations for the 20 May 2013 Oklahoma Tornadic Supercell Case,Bryan Putnam; Ming Xue; Youngsun Jung; Nathan Snook; Guifu Zhang,True,Monthly Weather Review,journal,evaluation,direct,bibliographic,Not extracted in this bibliographic pass,Not extracted; consult the primary source,Topic indexed from title and venue; exact target and horizon require source review,"Bibliographic entry filed under evaluation, uncertainty & reviews. Open the primary source for the study's methods and findings.",已核对题名、作者、出版信息与 DOI；主题归入“评估、不确定性与综述”。具体方法、输入与结论待进一步阅读原文。,Not extracted in this bibliographic pass,10.1175/mwr-d-18-0251.1,,https://doi.org/10.1175/mwr-d-18-0251.1,,2026-09-29
mahalik2019,2019,Estimates of Gradients in Radar Moments Using a Linear Least Squares Derivative Technique,Michael C. Mahalik; Brandon R. Smith; Kimberly L. Elmore; Darryl M. Kingfield; Kiel L. Ortega; Travis M. Smith,True,Weather and Forecasting,journal,radar,context,annotated,Linear least-squares derivatives,Radar moments,Radar gradient estimation,A feature-engineering reference for physically interpretable radar gradients.,雷达矩梯度估计的基础方法，适合研究方位切变等可解释特征。,Unspecified,10.1175/WAF-D-18-0095.1,,https://journals.ametsoc.org/view/journals/wefo/34/2/waf-d-18-0095_1.xml,,2026-09-29
ref-78701c9bbfd7,2019,Fragility analysis of the roof structure of low-rise buildings subjected to tornado vortices,Jin Wang; Weichiang Pang; Shuyang Cao; Qiang Zhou; Haili Liao,True,Journal of Wind Engineering and Industrial Aerodynamics,journal,engineering,direct,bibliographic,Not extracted in this bibliographic pass,Not extracted; consult the primary source,Topic indexed from title and venue; exact target and horizon require source review,Bibliographic entry filed under wind engineering & structural resilience. Open the primary source for the study's methods and findings.,已核对题名、作者、出版信息与 DOI；主题归入“风工程、结构荷载与抗灾设计”。具体方法、输入与结论待进一步阅读原文。,Not extracted in this bibliographic pass,10.1016/j.jweia.2019.03.006,,https://doi.org/10.1016/j.jweia.2019.03.006,,2026-09-29
ref-d21efaf4af8e,2019,Infrasound observations from the 2019 Tornado Season,Brian R. Elbing; Christopher Petrin; Matthew S. Van Den Broeke; Erik Green,True,The Journal of the Acoustical Society of America,journal,climatology,direct,bibliographic,Not extracted in this bibliographic pass,Not extracted; consult the primary source,Topic indexed from title and venue; exact target and horizon require source review,Bibliographic entry filed under climatology & environments. Open the primary source for the study's methods and findings.,已核对题名、作者、出版信息与 DOI；主题归入“气候统计、环境与区域研究”。具体方法、输入与结论待进一步阅读原文。,Not extracted in this bibliographic pass,10.1121/1.5136639,,https://doi.org/10.1121/1.5136639,,2026-09-29
elbing2019,2019,Measurement and characterization of infrasound from a tornado producing storm,Brian R. Elbing; Christopher E. Petrin; Matthew S. Van Den Broeke,True,The Journal of the Acoustical Society of America,journal,sensing,direct,annotated,Infrasound field measurement,Microphone-array observations near a tornado-producing storm,Characterization of storm-related infrasound,Characterizes acoustic signals associated with a tornado-producing storm while examining wind-noise contamination and source direction.,分析产龙卷风暴附近的次声信号，同时考察风噪污染和声源方向，补充新型观测证据。,"Oklahoma, United States",10.1121/1.5124486,,https://doi.org/10.1121/1.5124486,,2026-09-29
ref-207630cb244a,2019,Numerical simulation of a strong tornado in eastern China with different microphysical schemes,Jingyuan Li; Fan Ping; Shunwu Zhou; Xinyong Shen,True,Atmospheric Science Letters,journal,foundations,direct,bibliographic,Not extracted in this bibliographic pass,Not extracted; consult the primary source,Topic indexed from title and venue; exact target and horizon require source review,Bibliographic entry filed under foundations & dynamics. Open the primary source for the study's methods and findings.,已核对题名、作者、出版信息与 DOI；主题归入“物理基础与龙卷动力学”。具体方法、输入与结论待进一步阅读原文。,Not extracted in this bibliographic pass,10.1002/asl.875,,https://doi.org/10.1002/asl.875,,2026-09-29
ref-479c946aa76d,2019,Numerical simulation of laboratory tornado simulator that can produce translating tornado-like wind flow,Fangping Yuan; Guirong Yan; Ryan Honerkamp; Kakkattukuzhy M. Isaac; Ming Zhao; Xiaoyong Mao,True,Journal of Wind Engineering and Industrial Aerodynamics,journal,foundations,direct,bibliographic,Not extracted in this bibliographic pass,Not extracted; consult the primary source,Topic indexed from title and venue; exact target and horizon require source review,Bibliographic entry filed under foundations & dynamics. Open the primary source for the study's methods and findings.,已核对题名、作者、出版信息与 DOI；主题归入“物理基础与龙卷动力学”。具体方法、输入与结论待进一步阅读原文。,Not extracted in this bibliographic pass,10.1016/j.jweia.2019.05.001,,https://doi.org/10.1016/j.jweia.2019.05.001,,2026-09-29
ref-3e0a19a61ec3,2019,Numerical tornado modeling for common interpretation of experimental simulators,Anant Gairola; Girma Bitsuamlak,True,Journal of Wind Engineering and Industrial Aerodynamics,journal,foundations,direct,bibliographic,Not extracted in this bibliographic pass,Not extracted; consult the primary source,Topic indexed from title and venue; exact target and horizon require source review,Bibliographic entry filed under foundations & dynamics. Open the primary source for the study's methods and findings.,已核对题名、作者、出版信息与 DOI；主题归入“物理基础与龙卷动力学”。具体方法、输入与结论待进一步阅读原文。,Not extracted in this bibliographic pass,10.1016/j.jweia.2018.12.013,,https://doi.org/10.1016/j.jweia.2018.12.013,,2026-09-29
ref-53efbb6db2e1,2019,Physical simulations on wind loading characteristics of streamlined bridge decks under tornado-like vortices,Jinxin Cao; Shaolan Ren; Shuyang Cao; Yaojun Ge,True,Journal of Wind Engineering and Industrial Aerodynamics,journal,engineering,direct,bibliographic,Not extracted in this bibliographic pass,Not extracted; consult the primary source,Topic indexed from title and venue; exact target and horizon require source review,Bibliographic entry filed under wind engineering & structural resilience. Open the primary source for the study's methods and findings.,已核对题名、作者、出版信息与 DOI；主题归入“风工程、结构荷载与抗灾设计”。具体方法、输入与结论待进一步阅读原文。,Not extracted in this bibliographic pass,10.1016/j.jweia.2019.03.019,,https://doi.org/10.1016/j.jweia.2019.03.019,,2026-09-29
ref-fdd46d8c8cf4,2019,Tornado Damage Ratings Estimated with Cumulative Logistic Regression,James B. Elsner; Zoe Schroder,True,Journal of Applied Meteorology and Climatology,journal,rating,direct,bibliographic,Not extracted in this bibliographic pass,Not extracted; consult the primary source,Topic indexed from title and venue; exact target and horizon require source review,Bibliographic entry filed under intensity & damage-based rating. Open the primary source for the study's methods and findings.,已核对题名、作者、出版信息与 DOI；主题归入“强度估计与灾损分级”。具体方法、输入与结论待进一步阅读原文。,Not extracted in this bibliographic pass,10.1175/jamc-d-19-0178.1,,https://doi.org/10.1175/jamc-d-19-0178.1,,2026-09-29
ref-bb1c72bd84e0,2019,Tornado Debris from the 23 May 2017 “Tybee Tornado”,Alan W. Black; John A. Knox; Jared A. Rackley; Nicholas S. Grondin,True,Bulletin of the American Meteorological Society,journal,foundations,direct,bibliographic,Not extracted in this bibliographic pass,Not extracted; consult the primary source,Topic indexed from title and venue; exact target and horizon require source review,Bibliographic entry filed under foundations & dynamics. Open the primary source for the study's methods and findings.,已核对题名、作者、出版信息与 DOI；主题归入“物理基础与龙卷动力学”。具体方法、输入与结论待进一步阅读原文。,Not extracted in this bibliographic pass,10.1175/bams-d-17-0176.1,,https://doi.org/10.1175/bams-d-17-0176.1,,2026-09-29
ref-69800c80e6e3,2019,Tornado Fatalities: An Environmental Perspective,Alexandra K. Anderson-Frey; Harold Brooks,True,Weather and Forecasting,journal,social,direct,bibliographic,Not extracted in this bibliographic pass,Not extracted; consult the primary source,Topic indexed from title and venue; exact target and horizon require source review,"Bibliographic entry filed under warnings, health & social response. Open the primary source for the study's methods and findings.",已核对题名、作者、出版信息与 DOI；主题归入“预警传播、健康与社会响应”。具体方法、输入与结论待进一步阅读原文。,Not extracted in this bibliographic pass,10.1175/waf-d-19-0119.1,,https://doi.org/10.1175/waf-d-19-0119.1,,2026-09-29
ref-3254c393ffdb,2019,Tornado-scale vortices in the tropical cyclone boundary layer: numerical simulation with the WRF–LES framework,Liguang Wu; Qingyuan Liu; Yubin Li,True,Atmospheric Chemistry and Physics,journal,foundations,direct,bibliographic,Not extracted in this bibliographic pass,Not extracted; consult the primary source,Topic indexed from title and venue; exact target and horizon require source review,Bibliographic entry filed under foundations & dynamics. Open the primary source for the study's methods and findings.,已核对题名、作者、出版信息与 DOI；主题归入“物理基础与龙卷动力学”。具体方法、输入与结论待进一步阅读原文。,Not extracted in this bibliographic pass,10.5194/acp-19-2477-2019,,https://doi.org/10.5194/acp-19-2477-2019,,2026-09-29
coffer2019,2019,Using Near-Ground Storm Relative Helicity in Supercell Tornado Forecasting,Brice E. Coffer; Matthew D. Parker; Richard L. Thompson; Bryan T. Smith; Ryan E. Jewell,True,Weather and Forecasting,journal,forecast,direct,annotated,Near-ground helicity evaluation,Sounding-derived parameters for severe right-moving supercells,Discrimination of significant tornado environments,Tests whether helicity in shallower near-ground layers improves discrimination of significantly tornadic supercells.,检验近地面更浅气层的风暴相对螺旋度能否更好区分显著龙卷超级单体，连接物理机制与业务环境参数。,United States,10.1175/waf-d-19-0115.1,,https://doi.org/10.1175/waf-d-19-0115.1,,2026-09-29
ref-0a12f485c336,2019,Vulnerability of Roof and Building Walls Under a Translating Tornado Like Vortex,Geetha Rajasekharan Sabareesh; Masahiro Matsui; Yukio Tamura,True,Frontiers in Built Environment,journal,engineering,direct,bibliographic,Not extracted in this bibliographic pass,Not extracted; consult the primary source,Topic indexed from title and venue; exact target and horizon require source review,Bibliographic entry filed under wind engineering & structural resilience. Open the primary source for the study's methods and findings.,已核对题名、作者、出版信息与 DOI；主题归入“风工程、结构荷载与抗灾设计”。具体方法、输入与结论待进一步阅读原文。,Not extracted in this bibliographic pass,10.3389/fbuil.2019.00053,,https://doi.org/10.3389/fbuil.2019.00053,,2026-09-29
li2019ewiniar,2019,台风“艾云尼”（2018）外围两次近距离龙卷的环境条件和雷达特征,李彩玲; 吴乃庚; 王硕甫; 蔡康龙; 李兆明,True,热带气象学报 / Journal of Tropical Meteorology,journal,radar,direct,annotated,Multi-radar observational case analysis,"X- and S-band dual-polarization radar, wind profilers and surface stations",Typhoon-associated tornado environments and radar signatures,"Compares two tornadoes near Typhoon Ewiniar using radar networks and environmental observations, including limitations in debris-signature detection.",利用多波段雷达、风廓线和地面观测分析艾云尼外围两次龙卷，讨论微型超级单体特征及碎片特征未被捕捉的情况。,"Guangdong, China",10.16032/j.issn.1004-4965.2019.041,,https://rdqxxb.itmm.org.cn/cn/article/doi/10.16032/j.issn.1004-4965.2019.041,,2026-09-29
chen2019funing,2019,雷达资料同化对2016年6月23日阜宁龙卷模拟的改进,陈锋; 董美莹; 冀春晓; 梁旭东,True,气象学报 / Acta Meteorologica Sinica,journal,forecast,direct,annotated,Radar data assimilation and numerical sensitivity experiments,"Reflectivity, radial velocity and surface observations",Simulation of the 2016 Funing tornadic storm,Tests how assimilating radar observations changes the simulation of the Funing tornado-producing storm.,通过数值试验比较雷达资料同化对阜宁龙卷风暴模拟的影响，补充中国典型个例的数值预测文献。,"Jiangsu, China",10.11676/qxxb2019.025,,https://html.rhhz.net/qxxb_cn/html/2019025.htm,,2026-09-29
ref-b2b35f21595b,2018,1984 Ivanovo tornado outbreak: Determination of actual tornado tracks with satellite data,Alexander Chernokulsky; Andrey Shikhov,True,Atmospheric Research,journal,foundations,direct,bibliographic,Not extracted in this bibliographic pass,Not extracted; consult the primary source,Topic indexed from title and venue; exact target and horizon require source review,Bibliographic entry filed under foundations & dynamics. Open the primary source for the study's methods and findings.,已核对题名、作者、出版信息与 DOI；主题归入“物理基础与龙卷动力学”。具体方法、输入与结论待进一步阅读原文。,Not extracted in this bibliographic pass,10.1016/j.atmosres.2018.02.011,,https://doi.org/10.1016/j.atmosres.2018.02.011,,2026-09-29
ref-05cc34c25466,2018,A reflection on analytical tornado-like vortex flow field models,S. Gillmeier; M. Sterling; H. Hemida; C.J. Baker,True,Journal of Wind Engineering and Industrial Aerodynamics,journal,foundations,direct,bibliographic,Not extracted in this bibliographic pass,Not extracted; consult the primary source,Topic indexed from title and venue; exact target and horizon require source review,Bibliographic entry filed under foundations & dynamics. Open the primary source for the study's methods and findings.,已核对题名、作者、出版信息与 DOI；主题归入“物理基础与龙卷动力学”。具体方法、输入与结论待进一步阅读原文。,Not extracted in this bibliographic pass,10.1016/j.jweia.2017.12.017,,https://doi.org/10.1016/j.jweia.2017.12.017,,2026-09-29
ref-350d2b658141,2018,Baseline Climatology of Sounding-Measured Variates Associated with Atlantic and Gulf Coast Tropical Cyclone Tornado Clusters,Richard W. Dixon; James N. Hervey; Todd W. Moore; Christi G. Townsend,True,Papers in Applied Geography,journal,climatology,direct,bibliographic,Not extracted in this bibliographic pass,Not extracted; consult the primary source,Topic indexed from title and venue; exact target and horizon require source review,Bibliographic entry filed under climatology & environments. Open the primary source for the study's methods and findings.,已核对题名、作者、出版信息与 DOI；主题归入“气候统计、环境与区域研究”。具体方法、输入与结论待进一步阅读原文。,Not extracted in this bibliographic pass,10.1080/23754931.2018.1425631,,https://doi.org/10.1080/23754931.2018.1425631,,2026-09-29
ref-b9e4e95505c7,2018,Characteristics of Tornado-Like Vortices Simulated in a Large-Scale Ward-Type Simulator,Zhuo Tang; Changda Feng; Liang Wu; Delong Zuo; Darryl L. James,True,Boundary-Layer Meteorology,journal,foundations,direct,bibliographic,Not extracted in this bibliographic pass,Not extracted; consult the primary source,Topic indexed from title and venue; exact target and horizon require source review,Bibliographic entry filed under foundations & dynamics. Open the primary source for the study's methods and findings.,已核对题名、作者、出版信息与 DOI；主题归入“物理基础与龙卷动力学”。具体方法、输入与结论待进一步阅读原文。,Not extracted in this bibliographic pass,10.1007/s10546-017-0305-7,,https://doi.org/10.1007/s10546-017-0305-7,,2026-09-29
ref-2ebddfb5007d,2018,Comments on “The Regulation of Tornado Intensity by Updraft Width”,Brice E. Coffer; Paul M. Markowski,True,Journal of the Atmospheric Sciences,journal,rating,direct,bibliographic,Not extracted in this bibliographic pass,Not extracted; consult the primary source,Topic indexed from title and venue; exact target and horizon require source review,Bibliographic entry filed under intensity & damage-based rating. Open the primary source for the study's methods and findings.,已核对题名、作者、出版信息与 DOI；主题归入“强度估计与灾损分级”。具体方法、输入与结论待进一步阅读原文。,Not extracted in this bibliographic pass,10.1175/jas-d-18-0170.1,,https://doi.org/10.1175/jas-d-18-0170.1,,2026-09-29
ref-ea7fff1c9134,2018,Effects of ground roughness on near-surface flow field of a tornado-like vortex,Alireza Razavi; Wei Zhang; Partha P. Sarkar,True,Experiments in Fluids,journal,foundations,direct,bibliographic,Not extracted in this bibliographic pass,Not extracted; consult the primary source,Topic indexed from title and venue; exact target and horizon require source review,Bibliographic entry filed under foundations & dynamics. Open the primary source for the study's methods and findings.,已核对题名、作者、出版信息与 DOI；主题归入“物理基础与龙卷动力学”。具体方法、输入与结论待进一步阅读原文。,Not extracted in this bibliographic pass,10.1007/s00348-018-2625-x,,https://doi.org/10.1007/s00348-018-2625-x,,2026-09-29
ref-f1840d9268aa,2018,Engineering Analysis of a Full-Scale High-Resolution Tornado Wind Speed Record,Franklin T. Lombardo,True,Journal of Structural Engineering,journal,engineering,direct,bibliographic,Not extracted in this bibliographic pass,Not extracted; consult the primary source,Topic indexed from title and venue; exact target and horizon require source review,Bibliographic entry filed under wind engineering & structural resilience. Open the primary source for the study's methods and findings.,已核对题名、作者、出版信息与 DOI；主题归入“风工程、结构荷载与抗灾设计”。具体方法、输入与结论待进一步阅读原文。,Not extracted in this bibliographic pass,10.1061/(asce)st.1943-541x.0001942,,https://doi.org/10.1061/%28asce%29st.1943-541x.0001942,,2026-09-29
ref-16c1146240b8,2018,Experimental Study of Metal Roof Decking Systems Subject to Tornado-Borne Debris Impact,Qihong Cui; Daan Liang; Larry Tanner,True,Journal of Performance of Constructed Facilities,journal,engineering,direct,bibliographic,Not extracted in this bibliographic pass,Not extracted; consult the primary source,Topic indexed from title and venue; exact target and horizon require source review,Bibliographic entry filed under wind engineering & structural resilience. Open the primary source for the study's methods and findings.,已核对题名、作者、出版信息与 DOI；主题归入“风工程、结构荷载与抗灾设计”。具体方法、输入与结论待进一步阅读原文。,Not extracted in this bibliographic pass,10.1061/(asce)cf.1943-5509.0001202,,https://doi.org/10.1061/%28asce%29cf.1943-5509.0001202,,2026-09-29
ref-62cf161d6eff,2018,Experimental Study on Tornado-Induced Wind Pressures on a Cubic Building with Openings,Jin Wang; Shuyang Cao; Weichiang Pang; Jinxin Cao,True,Journal of Structural Engineering,journal,engineering,direct,bibliographic,Not extracted in this bibliographic pass,Not extracted; consult the primary source,Topic indexed from title and venue; exact target and horizon require source review,Bibliographic entry filed under wind engineering & structural resilience. Open the primary source for the study's methods and findings.,已核对题名、作者、出版信息与 DOI；主题归入“风工程、结构荷载与抗灾设计”。具体方法、输入与结论待进一步阅读原文。,Not extracted in this bibliographic pass,10.1061/(asce)st.1943-541x.0001952,,https://doi.org/10.1061/%28asce%29st.1943-541x.0001952,,2026-09-29
ref-f3507e5aa1ee,2018,Hysteretic growth and decay of a waterspout column,Igor V. Naumov; Miguel A. Herrada; Bulat R. Sharifullin; Vladimir N. Shtern,True,Physical Review Fluids,journal,foundations,direct,bibliographic,Not extracted in this bibliographic pass,Not extracted; consult the primary source,Topic indexed from title and venue; exact target and horizon require source review,Bibliographic entry filed under foundations & dynamics. Open the primary source for the study's methods and findings.,已核对题名、作者、出版信息与 DOI；主题归入“物理基础与龙卷动力学”。具体方法、输入与结论待进一步阅读原文。,Not extracted in this bibliographic pass,10.1103/physrevfluids.3.024701,,https://doi.org/10.1103/physrevfluids.3.024701,,2026-09-29
ref-8e5d9d5ca661,2018,Linking Building Attributes and Tornado Vulnerability Using a Logistic Regression Model,Alyssa C. Egnew; David B. Roueche; David O. Prevatt,True,Natural Hazards Review,journal,engineering,direct,bibliographic,Not extracted in this bibliographic pass,Not extracted; consult the primary source,Topic indexed from title and venue; exact target and horizon require source review,Bibliographic entry filed under wind engineering & structural resilience. Open the primary source for the study's methods and findings.,已核对题名、作者、出版信息与 DOI；主题归入“风工程、结构荷载与抗灾设计”。具体方法、输入与结论待进一步阅读原文。,Not extracted in this bibliographic pass,10.1061/(asce)nh.1527-6996.0000305,,https://doi.org/10.1061/%28asce%29nh.1527-6996.0000305,,2026-09-29
brooks2018,2018,Long-Term Performance Metrics for National Weather Service Tornado Warnings,Harold E. Brooks; James Correia Jr.,True,Weather and Forecasting,journal,evaluation,direct,annotated,Long-term warning verification,NWS tornado warnings and observed events,Lead time and advance-warning fraction across policy changes,Uses consistent metrics to compare tornado-warning performance across changes in warning and verification practices.,用一致的指标比较预警及检验制度变化前后的龙卷预警表现，避免将口径变化误认为能力变化。,United States,10.1175/waf-d-18-0120.1,,https://doi.org/10.1175/waf-d-18-0120.1,,2026-09-29
ref-2117be302e7e,2018,Monitoring infrasound from a Tornado in Oklahoma,Brian R. Elbing; Christopher Petrin; Matthew S. Van Den Broeke,True,The Journal of the Acoustical Society of America,journal,sensing,direct,bibliographic,Not extracted in this bibliographic pass,Not extracted; consult the primary source,Topic indexed from title and venue; exact target and horizon require source review,Bibliographic entry filed under novel sensing & observation. Open the primary source for the study's methods and findings.,已核对题名、作者、出版信息与 DOI；主题归入“新型观测与传感”。具体方法、输入与结论待进一步阅读原文。,Not extracted in this bibliographic pass,10.1121/1.5035924,,https://doi.org/10.1121/1.5035924,,2026-09-29
ref-6ca961344152,2018,Multi-Scale Remote Sensing of Tornado Effects,J. Arn Womble; Richard L. Wood; Mohammad Ebrahim Mohammadi,True,Frontiers in Built Environment,journal,impacts,direct,bibliographic,Not extracted in this bibliographic pass,Not extracted; consult the primary source,Topic indexed from title and venue; exact target and horizon require source review,Bibliographic entry filed under damage recognition & impacts. Open the primary source for the study's methods and findings.,已核对题名、作者、出版信息与 DOI；主题归入“灾后视觉识别与影响评估”。具体方法、输入与结论待进一步阅读原文。,Not extracted in this bibliographic pass,10.3389/fbuil.2018.00066,,https://doi.org/10.3389/fbuil.2018.00066,,2026-09-29
ref-05eb9f21030a,2018,Near surface experimental exploration of tornado vortices,Maryam Refan; Horia Hangan,True,Journal of Wind Engineering and Industrial Aerodynamics,journal,foundations,direct,bibliographic,Not extracted in this bibliographic pass,Not extracted; consult the primary source,Topic indexed from title and venue; exact target and horizon require source review,Bibliographic entry filed under foundations & dynamics. Open the primary source for the study's methods and findings.,已核对题名、作者、出版信息与 DOI；主题归入“物理基础与龙卷动力学”。具体方法、输入与结论待进一步阅读原文。,Not extracted in this bibliographic pass,10.1016/j.jweia.2018.01.042,,https://doi.org/10.1016/j.jweia.2018.01.042,,2026-09-29
ref-4688b350dbfe,2018,Numerical Investigation on Temperature and Flow Characteristics of a Tornado-Like Vortex by using Large-Eddy Simulation,"K. Li; School of Energy
                        and Environment, Inner Mongolia University of Science and Technology,
                        Baotou, Inner Mongolia, 014010, China; M. Xiang; College of
                        Aerospace Science and Engineering, National University of Defense
                        Technology, Changsha, Hunan, 410073, P.R. China; Y. Hu; Institute of
                        Thermal Engineering, Tsinghua University, Beijing 100084,
                        China; X. L. Huang; Institute of
                        Thermal Engineering, Tsinghua University, Beijing 100084,
                        China; H. Y. Qi; Institute of
                        Thermal Engineering, Tsinghua University, Beijing 100084,
                        China",True,Journal of Applied Fluid Mechanics,journal,foundations,direct,bibliographic,Not extracted in this bibliographic pass,Not extracted; consult the primary source,Topic indexed from title and venue; exact target and horizon require source review,Bibliographic entry filed under foundations & dynamics. Open the primary source for the study's methods and findings.,已核对题名、作者、出版信息与 DOI；主题归入“物理基础与龙卷动力学”。具体方法、输入与结论待进一步阅读原文。,Not extracted in this bibliographic pass,10.29252/jafm.11.03.28239,,https://doi.org/10.29252/jafm.11.03.28239,,2026-09-29
ref-8f10dd8f4f41,2018,Numerical study of the structure and dynamics of a tornado at the sub-critical vortex breakdown stage,Zhenqing Liu; Heping Liu; Shuyang Cao,True,Journal of Wind Engineering and Industrial Aerodynamics,journal,foundations,direct,bibliographic,Not extracted in this bibliographic pass,Not extracted; consult the primary source,Topic indexed from title and venue; exact target and horizon require source review,Bibliographic entry filed under foundations & dynamics. Open the primary source for the study's methods and findings.,已核对题名、作者、出版信息与 DOI；主题归入“物理基础与龙卷动力学”。具体方法、输入与结论待进一步阅读原文。,Not extracted in this bibliographic pass,10.1016/j.jweia.2018.04.009,,https://doi.org/10.1016/j.jweia.2018.04.009,,2026-09-29
ref-adbb7d2a4550,2018,On Distribution of Mean Tangential Wind Speed of Tornado-like Vortex,Minoru NODA; Minoru HACHIYA; Yuki MATSUURA; Fumiaki NAGAO,True,Journal of Wind Engineering,journal,foundations,direct,bibliographic,Not extracted in this bibliographic pass,Not extracted; consult the primary source,Topic indexed from title and venue; exact target and horizon require source review,Bibliographic entry filed under foundations & dynamics. Open the primary source for the study's methods and findings.,已核对题名、作者、出版信息与 DOI；主题归入“物理基础与龙卷动力学”。具体方法、输入与结论待进一步阅读原文。,Not extracted in this bibliographic pass,10.5359/jwe.43.48,,https://doi.org/10.5359/jwe.43.48,,2026-09-29
ref-3a2e888ec222,2018,Orientation Analysis of Simulated Tornadic Debris,Arturo Umeyama; Boon Leng Cheong; Sebastián Torres; David Bodine,True,Journal of Atmospheric and Oceanic Technology,journal,foundations,direct,bibliographic,Not extracted in this bibliographic pass,Not extracted; consult the primary source,Topic indexed from title and venue; exact target and horizon require source review,Bibliographic entry filed under foundations & dynamics. Open the primary source for the study's methods and findings.,已核对题名、作者、出版信息与 DOI；主题归入“物理基础与龙卷动力学”。具体方法、输入与结论待进一步阅读原文。,Not extracted in this bibliographic pass,10.1175/jtech-d-17-0140.1,,https://doi.org/10.1175/jtech-d-17-0140.1,,2026-09-29
ref-6cf605c11bb6,2018,Polarimetric Radar Signatures of a Rare Tornado Event over South Korea,S. Lim; S. Allabakash; B. Jang; V. Chandrasekar,True,Journal of Atmospheric and Oceanic Technology,journal,evaluation,direct,bibliographic,Not extracted in this bibliographic pass,Not extracted; consult the primary source,Topic indexed from title and venue; exact target and horizon require source review,"Bibliographic entry filed under evaluation, uncertainty & reviews. Open the primary source for the study's methods and findings.",已核对题名、作者、出版信息与 DOI；主题归入“评估、不确定性与综述”。具体方法、输入与结论待进一步阅读原文。,Not extracted in this bibliographic pass,10.1175/jtech-d-18-0041.1,,https://doi.org/10.1175/jtech-d-18-0041.1,,2026-09-29
diaz2018,2018,Predicting property damage from tornadoes with zero-inflated neural networks,Jeremy Diaz; Maxwell Joseph,True,arXiv,preprint,impacts,direct,annotated,Zero-inflated neural networks,Tornado and exposure-related records,Property damage; impact modeling,Separates economic-impact modeling from tornado occurrence prediction.,损失预测与是否发生龙卷是不同任务；零膨胀建模对应大量低损失或零损失记录。,Unspecified,,1807.03456,https://arxiv.org/abs/1807.03456,,2026-09-29
ref-86fa9cf04b45,2018,Prevalence of tornado-scale vortices in the tropical cyclone eyewall,Liguang Wu; Qingyuan Liu; Yubin Li,True,Proceedings of the National Academy of Sciences,journal,foundations,direct,bibliographic,Not extracted in this bibliographic pass,Not extracted; consult the primary source,Topic indexed from title and venue; exact target and horizon require source review,Bibliographic entry filed under foundations & dynamics. Open the primary source for the study's methods and findings.,已核对题名、作者、出版信息与 DOI；主题归入“物理基础与龙卷动力学”。具体方法、输入与结论待进一步阅读原文。,Not extracted in this bibliographic pass,10.1073/pnas.1807217115,,https://doi.org/10.1073/pnas.1807217115,,2026-09-29
ref-1d13e71a2a8c,2018,"Public perception of climatological tornado risk in Tennessee, USA",Kelsey N. Ellis; Lisa Reyes Mason; Kelly N. Gassert; James B. Elsner; Tyler Fricker,True,International Journal of Biometeorology,journal,social,direct,bibliographic,Not extracted in this bibliographic pass,Not extracted; consult the primary source,Topic indexed from title and venue; exact target and horizon require source review,"Bibliographic entry filed under warnings, health & social response. Open the primary source for the study's methods and findings.",已核对题名、作者、出版信息与 DOI；主题归入“预警传播、健康与社会响应”。具体方法、输入与结论待进一步阅读原文。,Not extracted in this bibliographic pass,10.1007/s00484-018-1547-x,,https://doi.org/10.1007/s00484-018-1547-x,,2026-09-29
ref-21d897ba1be5,2018,Relationship of Low-Level Instability and Tornado Damage Rating Based on Observed Soundings,"National Weather Service Weather Forecast Office, New Braunfels, Texas; NICHOLAS HAMPSHIRE; RICHARD MOSIER; NOAA/NWS/NCEP Storm Prediction Center, Norman, Oklahoma; TED RYAN; National Weather Service Weather Forecast Office, Fort Worth, Texas; DENNIS CAVANAUGH; National Weather Service Weather Forecast Office, Little Rock, Arkansas",True,Journal of Operational Meteorology,journal,rating,direct,bibliographic,Not extracted in this bibliographic pass,Not extracted; consult the primary source,Topic indexed from title and venue; exact target and horizon require source review,Bibliographic entry filed under intensity & damage-based rating. Open the primary source for the study's methods and findings.,已核对题名、作者、出版信息与 DOI；主题归入“强度估计与灾损分级”。具体方法、输入与结论待进一步阅读原文。,Not extracted in this bibliographic pass,10.15191/nwajom.2018.0601,,https://doi.org/10.15191/nwajom.2018.0601,,2026-09-29
ref-7e304a6ca81b,2018,"Resilience, Posttraumatic Stress Symptoms, and Posttraumatic Growth in Chinese Adolescents After a Tornado",Guangzhe Yuan; Wei Xu; Zhen Liu; Yuanyuan An,True,Journal of Nervous & Mental Disease,journal,social,direct,bibliographic,Not extracted in this bibliographic pass,Not extracted; consult the primary source,Topic indexed from title and venue; exact target and horizon require source review,"Bibliographic entry filed under warnings, health & social response. Open the primary source for the study's methods and findings.",已核对题名、作者、出版信息与 DOI；主题归入“预警传播、健康与社会响应”。具体方法、输入与结论待进一步阅读原文。,Not extracted in this bibliographic pass,10.1097/nmd.0000000000000778,,https://doi.org/10.1097/nmd.0000000000000778,,2026-09-29
ref-48d4f470eb62,2018,Restoration and functionality assessment of a community subjected to tornado hazard,Hassan Masoomi; John W. van de Lindt,True,Structure and Infrastructure Engineering,journal,foundations,direct,bibliographic,Not extracted in this bibliographic pass,Not extracted; consult the primary source,Topic indexed from title and venue; exact target and horizon require source review,Bibliographic entry filed under foundations & dynamics. Open the primary source for the study's methods and findings.,已核对题名、作者、出版信息与 DOI；主题归入“物理基础与龙卷动力学”。具体方法、输入与结论待进一步阅读原文。,Not extracted in this bibliographic pass,10.1080/15732479.2017.1354030,,https://doi.org/10.1080/15732479.2017.1354030,,2026-09-29
ref-7779729436d3,2018,Simulating Tornado Probability and Tornado Wind Speed Based on Statistical Models,Ariel E. Cohen; Joel B. Cohen; Richard L. Thompson; Bryan T. Smith,True,Weather and Forecasting,journal,ml,direct,bibliographic,Not extracted in this bibliographic pass,Not extracted; consult the primary source,Topic indexed from title and venue; exact target and horizon require source review,Bibliographic entry filed under statistical & classical ml. Open the primary source for the study's methods and findings.,已核对题名、作者、出版信息与 DOI；主题归入“统计学习与传统机器学习”。具体方法、输入与结论待进一步阅读原文。,Not extracted in this bibliographic pass,10.1175/waf-d-17-0170.1,,https://doi.org/10.1175/waf-d-17-0170.1,,2026-09-29
ref-8d5f4be2700f,2018,Social Vulnerability and Perceptions of Recovery from the 2011 Tuscaloosa Tornado,Candace Forbes Bright; Edward Sayre; Roma Hanks; Braden Bagley,True,Southeastern Geographer,journal,social,direct,bibliographic,Not extracted in this bibliographic pass,Not extracted; consult the primary source,Topic indexed from title and venue; exact target and horizon require source review,"Bibliographic entry filed under warnings, health & social response. Open the primary source for the study's methods and findings.",已核对题名、作者、出版信息与 DOI；主题归入“预警传播、健康与社会响应”。具体方法、输入与结论待进一步阅读原文。,Not extracted in this bibliographic pass,10.1353/sgo.2018.0034,,https://doi.org/10.1353/sgo.2018.0034,,2026-09-29
gensini2018,2018,Spatial trends in United States tornado frequency,Vittorio A. Gensini; Harold E. Brooks,True,npj Climate and Atmospheric Science,journal,climatology,direct,annotated,Spatial trend analysis,Tornado reports and significant-tornado environmental parameter,Regional changes in tornado frequency since 1979,Examines spatially differing trends in tornado reports together with an environmental covariate.,将龙卷报告与环境协变量结合，研究美国不同地区龙卷频率的变化，避免只用全国总数概括区域差异。,United States,10.1038/s41612-018-0048-2,,https://doi.org/10.1038/s41612-018-0048-2,,2026-09-29
ref-c7427a492fd4,2018,The Deadliest Tornado (EF4) in the Past 40 Years in China,Zhiyong Meng; Lanqiang Bai; Murong Zhang; Zhifang Wu; Zhaohui Li; Meijuan Pu; Yongguang Zheng; Xiaohua Wang; Dan Yao; Ming Xue; Kun Zhao; Zhaoming Li; Siqi Peng; Liye Li,True,Weather and Forecasting,journal,foundations,direct,bibliographic,Not extracted in this bibliographic pass,Not extracted; consult the primary source,Topic indexed from title and venue; exact target and horizon require source review,Bibliographic entry filed under foundations & dynamics. Open the primary source for the study's methods and findings.,已核对题名、作者、出版信息与 DOI；主题归入“物理基础与龙卷动力学”。具体方法、输入与结论待进一步阅读原文。,Not extracted in this bibliographic pass,10.1175/waf-d-17-0085.1,,https://doi.org/10.1175/waf-d-17-0085.1,,2026-09-29
cintineo2018,2018,The NOAA/CIMSS ProbSevere Model: Incorporation of Total Lightning and Validation,John L. Cintineo; Michael J. Pavolonis; Justin M. Sieglaff; Daniel T. Lindsey; Lee Cronce; Jordan Gerth; Benjamin Rodenkirch; Jason Brunner; Chad Gravelle,True,Weather and Forecasting,journal,forecast,context,annotated,Data-fusion probabilistic guidance,"Radar, satellite, lightning and environment",Severe-weather guidance,Background on multi-source operational guidance before the hazard-specific ProbTor system.,理解雷达、卫星、闪电与环境融合的业务预报路径；不是单一龙卷检测模型。,US,10.1175/WAF-D-17-0099.1,,https://doi.org/10.1175/WAF-D-17-0099.1,,2026-09-29
chen2018,2018,Tornado climatology of China,Jiayi Chen; Xuhui Cai; Hongyu Wang; Ling Kang; Hongshen Zhang; Yu Song; Hao Zhu; Wei Zheng; Fengju Li,True,International Journal of Climatology,journal,climatology,direct,annotated,Historical-event climatology,Compiled Chinese tornado records,Chinese tornado climatology,A core regional-climatology reference; reporting incompleteness remains important.,中国龙卷气候统计的重要文献，记录完整性与采集口径影响所有下游分析。,China,10.1002/joc.5369,,https://rmets.onlinelibrary.wiley.com/doi/10.1002/joc.5369,,2026-09-29
ref-052127b6063c,2018,"Tornado Warning Perception and Response: Integrating the Roles of Visual Design, Demographics, and Hazard Experience",Ronald L. Schumann III; Kevin D. Ash; Gregg C. Bowser,True,Risk Analysis,journal,social,direct,bibliographic,Not extracted in this bibliographic pass,Not extracted; consult the primary source,Topic indexed from title and venue; exact target and horizon require source review,"Bibliographic entry filed under warnings, health & social response. Open the primary source for the study's methods and findings.",已核对题名、作者、出版信息与 DOI；主题归入“预警传播、健康与社会响应”。具体方法、输入与结论待进一步阅读原文。,Not extracted in this bibliographic pass,10.1111/risa.12837,,https://doi.org/10.1111/risa.12837,,2026-09-29
ref-f42f20d6647e,2018,"Tornado-induced wind loads on a low-rise building: Influence of swirl ratio, translation speed and building parameters",Alireza Razavi; Partha P. Sarkar,True,Engineering Structures,journal,engineering,direct,bibliographic,Not extracted in this bibliographic pass,Not extracted; consult the primary source,Topic indexed from title and venue; exact target and horizon require source review,Bibliographic entry filed under wind engineering & structural resilience. Open the primary source for the study's methods and findings.,已核对题名、作者、出版信息与 DOI；主题归入“风工程、结构荷载与抗灾设计”。具体方法、输入与结论待进一步阅读原文。,Not extracted in this bibliographic pass,10.1016/j.engstruct.2018.03.020,,https://doi.org/10.1016/j.engstruct.2018.03.020,,2026-09-29
ref-a0923d5b0698,2018,Using High-Resolution Simulations to Quantify Errors in Radar Estimates of Tornado Intensity,Nathan A. Dahl; David S. Nolan,True,Monthly Weather Review,journal,rating,direct,bibliographic,Not extracted in this bibliographic pass,Not extracted; consult the primary source,Topic indexed from title and venue; exact target and horizon require source review,Bibliographic entry filed under intensity & damage-based rating. Open the primary source for the study's methods and findings.,已核对题名、作者、出版信息与 DOI；主题归入“强度估计与灾损分级”。具体方法、输入与结论待进一步阅读原文。,Not extracted in this bibliographic pass,10.1175/mwr-d-17-0333.1,,https://doi.org/10.1175/mwr-d-17-0333.1,,2026-09-29
ref-a4e5313ca99a,2018,Wind and tornado climatologies and wind resource modelling for a modern development situated in “Tornado Alley”,Djordje Romanic; Dan Parvu; Maryam Refan; Horia Hangan,True,Renewable Energy,journal,climatology,direct,bibliographic,Not extracted in this bibliographic pass,Not extracted; consult the primary source,Topic indexed from title and venue; exact target and horizon require source review,Bibliographic entry filed under climatology & environments. Open the primary source for the study's methods and findings.,已核对题名、作者、出版信息与 DOI；主题归入“气候统计、环境与区域研究”。具体方法、输入与结论待进一步阅读原文。,Not extracted in this bibliographic pass,10.1016/j.renene.2017.08.026,,https://doi.org/10.1016/j.renene.2017.08.026,,2026-09-29
ref-4da268df31c1,2018,Wind Engineering Impact of Tornado on Low-rise building,Monika Varshney; Azad Kumar Shrivastava; Alok Aggarwal; Adarsh Kumar,True,International Journal of Computer Sciences and Engineering,journal,engineering,direct,bibliographic,Not extracted in this bibliographic pass,Not extracted; consult the primary source,Topic indexed from title and venue; exact target and horizon require source review,Bibliographic entry filed under wind engineering & structural resilience. Open the primary source for the study's methods and findings.,已核对题名、作者、出版信息与 DOI；主题归入“风工程、结构荷载与抗灾设计”。具体方法、输入与结论待进一步阅读原文。,Not extracted in this bibliographic pass,10.26438/ijcse/v6i12.813817,,https://doi.org/10.26438/ijcse/v6i12.813817,,2026-09-29
yao2018simulation,2018,龙卷数值模拟研究进展,姚聃,True,气象科技进展,journal,evaluation,direct,annotated,Review of idealized and real-case numerical simulations,"Published vortex, supercell and data-assimilation studies",Simulation mechanisms and limitations; no common forecast horizon,"Reviews simplified vortices, sounding-initialized storm simulations and real-case modeling, with attention to turbulence, sensitivity and debris.",梳理简化涡旋、理想化超级单体及真实个例三类模拟，讨论湍流、敏感性、残骸和生成机制等问题。,Global methods with Chinese research context,,,https://cmalibrary.cn/amst/2018/201802/yjlw/yjjz/201806/t20180606_104880.htm,,2026-09-29
ref-f50b9a1b9adc,2017,Age Differences in Tornado Warning Responses and Emotions,Marita A. O’Brien; Clarke Peterson,True,Proceedings of the Human Factors and Ergonomics Society Annual Meeting,conference,social,direct,bibliographic,Not extracted in this bibliographic pass,Not extracted; consult the primary source,Topic indexed from title and venue; exact target and horizon require source review,"Bibliographic entry filed under warnings, health & social response. Open the primary source for the study's methods and findings.",已核对题名、作者、出版信息与 DOI；主题归入“预警传播、健康与社会响应”。具体方法、输入与结论待进一步阅读原文。,Not extracted in this bibliographic pass,10.1177/1541931213601501,,https://doi.org/10.1177/1541931213601501,,2026-09-29
ref-2f30c9016db4,2017,An Evaluation Method for Tornado Missile Strike Probability with Stochastic Correlation,Yuzuru Eguchi; Takahiro Murakami; Hiromaru Hirakuchi; Soichiro Sugimoto; Yasuo Hattori,True,Nuclear Engineering and Technology,journal,engineering,direct,bibliographic,Not extracted in this bibliographic pass,Not extracted; consult the primary source,Topic indexed from title and venue; exact target and horizon require source review,Bibliographic entry filed under wind engineering & structural resilience. Open the primary source for the study's methods and findings.,已核对题名、作者、出版信息与 DOI；主题归入“风工程、结构荷载与抗灾设计”。具体方法、输入与结论待进一步阅读原文。,Not extracted in this bibliographic pass,10.1016/j.net.2016.12.007,,https://doi.org/10.1016/j.net.2016.12.007,,2026-09-29
kuster2017,2017,An Evaluation of Radar-Based Tornado Track Estimation Products by Oklahoma Public Safety Officials,Charles M. Kuster; Pamela L. Heinselman; Jeffrey C. Snyder; Katie A. Wilson; Douglas A. Speheger; James E. Hocker,True,Weather and Forecasting,journal,evaluation,direct,annotated,Public-safety user evaluation,Weather radar,Usefulness of radar-based tornado-track products,"Evaluates track-estimation products with public-safety officials, linking radar output to user needs.",由公共安全人员评价雷达轨迹估计产品，把算法输出与应急使用需求联系起来。,US,10.1175/WAF-D-17-0031.1,,https://repository.library.noaa.gov/view/noaa/48402,,2026-09-29
ref-70e7d7b2b419,2017,Analytical and empirical models of tornado vortices: A comparative study,Yong Chul Kim; Masahiro Matsui,True,Journal of Wind Engineering and Industrial Aerodynamics,journal,foundations,direct,bibliographic,Not extracted in this bibliographic pass,Not extracted; consult the primary source,Topic indexed from title and venue; exact target and horizon require source review,Bibliographic entry filed under foundations & dynamics. Open the primary source for the study's methods and findings.,已核对题名、作者、出版信息与 DOI；主题归入“物理基础与龙卷动力学”。具体方法、输入与结论待进一步阅读原文。,Not extracted in this bibliographic pass,10.1016/j.jweia.2017.10.009,,https://doi.org/10.1016/j.jweia.2017.10.009,,2026-09-29
ref-d9442919e89d,2017,Critical wind speeds for tornado-induced vehicle movements,F.L. Haan Jr.; P.P. Sarkar; Gregory A. Kopp; Derek A. Stedman,True,Journal of Wind Engineering and Industrial Aerodynamics,journal,engineering,direct,bibliographic,Not extracted in this bibliographic pass,Not extracted; consult the primary source,Topic indexed from title and venue; exact target and horizon require source review,Bibliographic entry filed under wind engineering & structural resilience. Open the primary source for the study's methods and findings.,已核对题名、作者、出版信息与 DOI；主题归入“风工程、结构荷载与抗灾设计”。具体方法、输入与结论待进一步阅读原文。,Not extracted in this bibliographic pass,10.1016/j.jweia.2017.04.014,,https://doi.org/10.1016/j.jweia.2017.04.014,,2026-09-29
ref-af2e5b159802,2017,Doppler radar-derived wind field of five tornado events with application to engineering simulations,Maryam Refan; Horia Hangan; Joshua Wurman; Karen Kosiba,True,Engineering Structures,journal,engineering,direct,bibliographic,Not extracted in this bibliographic pass,Not extracted; consult the primary source,Topic indexed from title and venue; exact target and horizon require source review,Bibliographic entry filed under wind engineering & structural resilience. Open the primary source for the study's methods and findings.,已核对题名、作者、出版信息与 DOI；主题归入“风工程、结构荷载与抗灾设计”。具体方法、输入与结论待进一步阅读原文。,Not extracted in this bibliographic pass,10.1016/j.engstruct.2017.06.068,,https://doi.org/10.1016/j.engstruct.2017.06.068,,2026-09-29
ref-f58a3784d89c,2017,Drop impact perforation of steel plates by rectangular tube imitating missile generated by tornado,Akio KITADA; Daishi SUMI; Satoshi FUKUMOTO; Makoto NISHIZAKI; Yutaka AKASHI; Noriyasu MORIYA,True,Transactions of the JSME (in Japanese),journal,engineering,direct,bibliographic,Not extracted in this bibliographic pass,Not extracted; consult the primary source,Topic indexed from title and venue; exact target and horizon require source review,Bibliographic entry filed under wind engineering & structural resilience. Open the primary source for the study's methods and findings.,已核对题名、作者、出版信息与 DOI；主题归入“风工程、结构荷载与抗灾设计”。具体方法、输入与结论待进一步阅读原文。,Not extracted in this bibliographic pass,10.1299/transjsme.16-00501,,https://doi.org/10.1299/transjsme.16-00501,,2026-09-29
ref-62829a5f3afd,2017,Effects of optimism on recovery and mental health after a tornado outbreak,Eric G. Carbone; Erin Thomas Echols,True,Psychology & Health,journal,social,direct,bibliographic,Not extracted in this bibliographic pass,Not extracted; consult the primary source,Topic indexed from title and venue; exact target and horizon require source review,"Bibliographic entry filed under warnings, health & social response. Open the primary source for the study's methods and findings.",已核对题名、作者、出版信息与 DOI；主题归入“预警传播、健康与社会响应”。具体方法、输入与结论待进一步阅读原文。,Not extracted in this bibliographic pass,10.1080/08870446.2017.1283039,,https://doi.org/10.1080/08870446.2017.1283039,,2026-09-29
ref-d1fa4f111a64,2017,Empirical Approach to Evaluating the Tornado Fragility of Residential Structures,David B. Roueche; Franklin T. Lombardo; David O. Prevatt,True,Journal of Structural Engineering,journal,engineering,direct,bibliographic,Not extracted in this bibliographic pass,Not extracted; consult the primary source,Topic indexed from title and venue; exact target and horizon require source review,Bibliographic entry filed under wind engineering & structural resilience. Open the primary source for the study's methods and findings.,已核对题名、作者、出版信息与 DOI；主题归入“风工程、结构荷载与抗灾设计”。具体方法、输入与结论待进一步阅读原文。,Not extracted in this bibliographic pass,10.1061/(asce)st.1943-541x.0001854,,https://doi.org/10.1061/%28asce%29st.1943-541x.0001854,,2026-09-29
ref-c9fae1a1561c,2017,ENSO‐based probabilistic forecasts of March–May U.S. tornado and hail activity,Chiara Lepore; Michael K. Tippett; John T. Allen,True,Geophysical Research Letters,journal,forecast,direct,bibliographic,Not extracted in this bibliographic pass,Not extracted; consult the primary source,Topic indexed from title and venue; exact target and horizon require source review,Bibliographic entry filed under probabilistic guidance & operations. Open the primary source for the study's methods and findings.,已核对题名、作者、出版信息与 DOI；主题归入“概率预报、数值模式与业务应用”。具体方法、输入与结论待进一步阅读原文。,Not extracted in this bibliographic pass,10.1002/2017gl074781,,https://doi.org/10.1002/2017gl074781,,2026-09-29
ref-8546168afb9c,2017,Evaluation of Atmospheric-Pressure Change in Tornado Using Fujita Model,Juntaro SHIMIZU; Shunsuke OHTSUBO,True,Transactions of the Atomic Energy Society of Japan,journal,rating,direct,bibliographic,Not extracted in this bibliographic pass,Not extracted; consult the primary source,Topic indexed from title and venue; exact target and horizon require source review,Bibliographic entry filed under intensity & damage-based rating. Open the primary source for the study's methods and findings.,已核对题名、作者、出版信息与 DOI；主题归入“强度估计与灾损分级”。具体方法、输入与结论待进一步阅读原文。,Not extracted in this bibliographic pass,10.3327/taesj.j16.009,,https://doi.org/10.3327/taesj.j16.009,,2026-09-29
orf2017,2017,Evolution of a Long-Track Violent Tornado within a Simulated Supercell,Leigh Orf; Robert Wilhelmson; Bruce Lee; Catherine Finley; Adam L. Houston,True,Bulletin of the American Meteorological Society,journal,foundations,direct,annotated,High-resolution numerical simulation,Simulated supercell,Tornado evolution; simulation,A striking physical-simulation reference for tornado structure and evolution.,高分辨率数值模拟展示强龙卷演变，为物理一致性与模拟数据研究提供参照。,US,10.1175/BAMS-D-15-00073.1,,https://digitalcommons.unl.edu/geosciencefacpub/513/,,2026-09-29
ref-42d111e208a3,2017,Experimental Study on Effects of Ground Roughness on Flow Characteristics of Tornado-Like Vortices,Jin Wang; Shuyang Cao; Weichiang Pang; Jinxin Cao,True,Boundary-Layer Meteorology,journal,foundations,direct,bibliographic,Not extracted in this bibliographic pass,Not extracted; consult the primary source,Topic indexed from title and venue; exact target and horizon require source review,Bibliographic entry filed under foundations & dynamics. Open the primary source for the study's methods and findings.,已核对题名、作者、出版信息与 DOI；主题归入“物理基础与龙卷动力学”。具体方法、输入与结论待进一步阅读原文。,Not extracted in this bibliographic pass,10.1007/s10546-016-0201-6,,https://doi.org/10.1007/s10546-016-0201-6,,2026-09-29
ref-dda154da8d21,2017,"Kinematic and Polarimetric Radar Observations of the 10 May 2010, Moore–Choctaw, Oklahoma, Tornadic Debris Signature",Casey B. Griffin; David J. Bodine; Robert D. Palmer,True,Monthly Weather Review,journal,evaluation,direct,bibliographic,Not extracted in this bibliographic pass,Not extracted; consult the primary source,Topic indexed from title and venue; exact target and horizon require source review,"Bibliographic entry filed under evaluation, uncertainty & reviews. Open the primary source for the study's methods and findings.",已核对题名、作者、出版信息与 DOI；主题归入“评估、不确定性与综述”。具体方法、输入与结论待进一步阅读原文。,Not extracted in this bibliographic pass,10.1175/mwr-d-16-0344.1,,https://doi.org/10.1175/mwr-d-16-0344.1,,2026-09-29
ref-6c160ad5b673,2017,Lower Mississippi River Valley Quasi-Linear Convective System Tornado Environments and Radar Signatures,"NOAA/NWS/NCEP/Storm Prediction Center, Norman, Oklahoma; JARET W ROGERS; BROOKE A HAGENHOFF; University of North Dakota, Grand Forks, North Dakota; ARIEL E. COHEN; NOAA/NWS/NCEP/Storm Prediction Center, Norman, Oklahoma; RICHARD L. THOMPSON; NOAA/NWS/NCEP/Storm Prediction Center, Norman, Oklahoma; BRYAN T SMITH; NOAA/NWS/NCEP/Storm Prediction Center, Norman, Oklahoma; ERIC E. CARPENTER; NOAA/NWS, Jackson, Mississippi",True,Journal of Operational Meteorology,journal,climatology,direct,bibliographic,Not extracted in this bibliographic pass,Not extracted; consult the primary source,Topic indexed from title and venue; exact target and horizon require source review,Bibliographic entry filed under climatology & environments. Open the primary source for the study's methods and findings.,已核对题名、作者、出版信息与 DOI；主题归入“气候统计、环境与区域研究”。具体方法、输入与结论待进一步阅读原文。,Not extracted in this bibliographic pass,10.15191/nwajom.2017.0504,,https://doi.org/10.15191/nwajom.2017.0504,,2026-09-29
ref-95eeb04a43ab,2017,Modeling the Excitation of Seismic Waves by the Joplin Tornado,Anne Valovcin; Toshiro Tanimoto,True,Geophysical Research Letters,journal,sensing,direct,bibliographic,Not extracted in this bibliographic pass,Not extracted; consult the primary source,Topic indexed from title and venue; exact target and horizon require source review,Bibliographic entry filed under novel sensing & observation. Open the primary source for the study's methods and findings.,已核对题名、作者、出版信息与 DOI；主题归入“新型观测与传感”。具体方法、输入与结论待进一步阅读原文。,Not extracted in this bibliographic pass,10.1002/2017gl074185,,https://doi.org/10.1002/2017gl074185,,2026-09-29
ref-d834f670af3e,2017,Polarimetric Radar Metrics Related to Tornado Life Cycles and Intensity in Supercell Storms,Matthew S. Van Den Broeke,True,Monthly Weather Review,journal,evaluation,direct,bibliographic,Not extracted in this bibliographic pass,Not extracted; consult the primary source,Topic indexed from title and venue; exact target and horizon require source review,"Bibliographic entry filed under evaluation, uncertainty & reviews. Open the primary source for the study's methods and findings.",已核对题名、作者、出版信息与 DOI；主题归入“评估、不确定性与综述”。具体方法、输入与结论待进一步阅读原文。,Not extracted in this bibliographic pass,10.1175/mwr-d-16-0453.1,,https://doi.org/10.1175/mwr-d-16-0453.1,,2026-09-29
ref-7c3390ade7ac,2017,Population and energy elasticity of tornado casualties,Tyler Fricker; James B. Elsner; Thomas H. Jagger,True,Geophysical Research Letters,journal,social,direct,bibliographic,Not extracted in this bibliographic pass,Not extracted; consult the primary source,Topic indexed from title and venue; exact target and horizon require source review,"Bibliographic entry filed under warnings, health & social response. Open the primary source for the study's methods and findings.",已核对题名、作者、出版信息与 DOI；主题归入“预警传播、健康与社会响应”。具体方法、输入与结论待进一步阅读原文。,Not extracted in this bibliographic pass,10.1002/2017gl073093,,https://doi.org/10.1002/2017gl073093,,2026-09-29
ref-bdab92075e1f,2017,"Projected 21st century changes in tornado exposure, risk, and disaster potential",Stephen M. Strader; Walker S. Ashley; Thomas J. Pingel; Andrew J. Krmenec,True,Climatic Change,journal,impacts,direct,bibliographic,Not extracted in this bibliographic pass,Not extracted; consult the primary source,Topic indexed from title and venue; exact target and horizon require source review,Bibliographic entry filed under damage recognition & impacts. Open the primary source for the study's methods and findings.,已核对题名、作者、出版信息与 DOI；主题归入“灾后视觉识别与影响评估”。具体方法、输入与结论待进一步阅读原文。,Not extracted in this bibliographic pass,10.1007/s10584-017-1905-4,,https://doi.org/10.1007/s10584-017-1905-4,,2026-09-29
ref-8fcfcde276fb,2017,Radar Observations of Tornado-Warned Convection Associated with Tropical Cyclones over Florida,Steven M. Martinaitis,True,Weather and Forecasting,journal,evaluation,direct,bibliographic,Not extracted in this bibliographic pass,Not extracted; consult the primary source,Topic indexed from title and venue; exact target and horizon require source review,"Bibliographic entry filed under evaluation, uncertainty & reviews. Open the primary source for the study's methods and findings.",已核对题名、作者、出版信息与 DOI；主题归入“评估、不确定性与综述”。具体方法、输入与结论待进一步阅读原文。,Not extracted in this bibliographic pass,10.1175/waf-d-16-0105.1,,https://doi.org/10.1175/waf-d-16-0105.1,,2026-09-29
ref-6689464af100,2017,SimRadar: A Polarimetric Radar Time-Series Simulator for Tornadic Debris Studies,Boon Leng Cheong; David J. Bodine; Caleb J. Fulton; Sebastian M. Torres; Takashi Maruyama; Robert D. Palmer,True,IEEE Transactions on Geoscience and Remote Sensing,journal,evaluation,direct,bibliographic,Not extracted in this bibliographic pass,Not extracted; consult the primary source,Topic indexed from title and venue; exact target and horizon require source review,"Bibliographic entry filed under evaluation, uncertainty & reviews. Open the primary source for the study's methods and findings.",已核对题名、作者、出版信息与 DOI；主题归入“评估、不确定性与综述”。具体方法、输入与结论待进一步阅读原文。,Not extracted in this bibliographic pass,10.1109/tgrs.2017.2655363,,https://doi.org/10.1109/tgrs.2017.2655363,,2026-09-29
coffer2017,2017,Simulated Supercells in Nontornadic and Tornadic VORTEX2 Environments,Brice E. Coffer; Matthew D. Parker,True,Monthly Weather Review,journal,foundations,direct,annotated,Paired idealized supercell simulations,Composite VORTEX2 tornadic and nontornadic soundings,Tornadogenesis versus failure under contrasting environments,Uses observed composite environments to investigate why superficially similar supercells can differ in their low-level organization and tornado production.,用VORTEX2合成环境驱动模拟，研究外观相似的超级单体为何会出现不同的低层组织结构和龙卷结果。,U.S. VORTEX2 environments,10.1175/mwr-d-16-0226.1,,https://doi.org/10.1175/mwr-d-16-0226.1,,2026-09-29
ref-6c478ab37e1e,2017,Spatial Analysis of Tornado Warning System Understanding and Relationship with Tornado Occurrence,Chesnea Skeen,True,Pursuit: The Journal of Undergraduate Research at the University of Tennessee,journal,social,direct,bibliographic,Not extracted in this bibliographic pass,Not extracted; consult the primary source,Topic indexed from title and venue; exact target and horizon require source review,"Bibliographic entry filed under warnings, health & social response. Open the primary source for the study's methods and findings.",已核对题名、作者、出版信息与 DOI；主题归入“预警传播、健康与社会响应”。具体方法、输入与结论待进一步阅读原文。,Not extracted in this bibliographic pass,10.7290/pur8xkve,,https://doi.org/10.7290/pur8xkve,,2026-09-29
ref-a0f5e9e89dad,2017,The Impact of El Niño–Southern Oscillation (ENSO) on Winter and Early Spring U.S. Tornado Outbreaks,Ashton Robinson Cook; Lance M. Leslie; David B. Parsons; Joseph T. Schaefer,True,Journal of Applied Meteorology and Climatology,journal,climatology,direct,bibliographic,Not extracted in this bibliographic pass,Not extracted; consult the primary source,Topic indexed from title and venue; exact target and horizon require source review,Bibliographic entry filed under climatology & environments. Open the primary source for the study's methods and findings.,已核对题名、作者、出版信息与 DOI；主题归入“气候统计、环境与区域研究”。具体方法、输入与结论待进一步阅读原文。,Not extracted in this bibliographic pass,10.1175/jamc-d-16-0249.1,,https://doi.org/10.1175/jamc-d-16-0249.1,,2026-09-29
ref-e422f444fad2,2017,The Regulation of Tornado Intensity by Updraft Width,Robert J. Trapp; Geoffrey R. Marion; Stephen W. Nesbitt,True,Journal of the Atmospheric Sciences,journal,rating,direct,bibliographic,Not extracted in this bibliographic pass,Not extracted; consult the primary source,Topic indexed from title and venue; exact target and horizon require source review,Bibliographic entry filed under intensity & damage-based rating. Open the primary source for the study's methods and findings.,已核对题名、作者、出版信息与 DOI；主题归入“强度估计与灾损分级”。具体方法、输入与结论待进一步阅读原文。,Not extracted in this bibliographic pass,10.1175/jas-d-16-0331.1,,https://doi.org/10.1175/jas-d-16-0331.1,,2026-09-29
ref-d5e41b503424,2017,Tornado community-level spatial damage prediction including pressure deficit modeling,Hassan Masoomi; John W. van de Lindt,True,Sustainable and Resilient Infrastructure,journal,forecast,direct,bibliographic,Not extracted in this bibliographic pass,Not extracted; consult the primary source,Topic indexed from title and venue; exact target and horizon require source review,Bibliographic entry filed under probabilistic guidance & operations. Open the primary source for the study's methods and findings.,已核对题名、作者、出版信息与 DOI；主题归入“概率预报、数值模式与业务应用”。具体方法、输入与结论待进一步阅读原文。,Not extracted in this bibliographic pass,10.1080/23789689.2017.1345254,,https://doi.org/10.1080/23789689.2017.1345254,,2026-09-29
ref-36312528e975,2017,Tornado Damage Rating Probabilities Derived from WSR-88D Data,Richard L. Thompson; Bryan T. Smith; Jeremy S. Grams; Andrew R. Dean; Joseph C. Picca; Ariel E. Cohen; Elizabeth M. Leitman; Aaron M. Gleason; Patrick T. Marsh,True,Weather and Forecasting,journal,rating,direct,bibliographic,Not extracted in this bibliographic pass,Not extracted; consult the primary source,Topic indexed from title and venue; exact target and horizon require source review,Bibliographic entry filed under intensity & damage-based rating. Open the primary source for the study's methods and findings.,已核对题名、作者、出版信息与 DOI；主题归入“强度估计与灾损分级”。具体方法、输入与结论待进一步阅读原文。,Not extracted in this bibliographic pass,10.1175/waf-d-17-0004.1,,https://doi.org/10.1175/waf-d-17-0004.1,,2026-09-29
ref-c9e8fc36162d,2017,"Tornado disaster impacts and management: learning from the 2016 tornado catastrophe in Jiangsu Province, China",Huicong Jia; Donghua Pan,True,Natural Hazards,journal,impacts,direct,bibliographic,Not extracted in this bibliographic pass,Not extracted; consult the primary source,Topic indexed from title and venue; exact target and horizon require source review,Bibliographic entry filed under damage recognition & impacts. Open the primary source for the study's methods and findings.,已核对题名、作者、出版信息与 DOI；主题归入“灾后视觉识别与影响评估”。具体方法、输入与结论待进一步阅读原文。,Not extracted in this bibliographic pass,10.1007/s11069-017-2974-4,,https://doi.org/10.1007/s11069-017-2974-4,,2026-09-29
ref-ec2d7e40026b,2017,Tornado Hazard Assessment for a Nuclear Power Plant in China,Hao Zhu; Jiayi Chen; Fengju Li; Xiaoping Bai; Xiaoliang Wang; Hongyu Wang; Wei Zheng,True,Energy Procedia,journal,engineering,direct,bibliographic,Not extracted in this bibliographic pass,Not extracted; consult the primary source,Topic indexed from title and venue; exact target and horizon require source review,Bibliographic entry filed under wind engineering & structural resilience. Open the primary source for the study's methods and findings.,已核对题名、作者、出版信息与 DOI；主题归入“风工程、结构荷载与抗灾设计”。具体方法、输入与结论待进一步阅读原文。,Not extracted in this bibliographic pass,10.1016/j.egypro.2017.08.091,,https://doi.org/10.1016/j.egypro.2017.08.091,,2026-09-29
ref-641c92d9f511,2017,"Tornado hazards on June 23 in Jiangsu Province, China: preliminary investigation and analysis",Hai-Min Lyu; Guo-Fu Wang; Wen-Chieh Cheng; Shui-Long Shen,True,Natural Hazards,journal,foundations,direct,bibliographic,Not extracted in this bibliographic pass,Not extracted; consult the primary source,Topic indexed from title and venue; exact target and horizon require source review,Bibliographic entry filed under foundations & dynamics. Open the primary source for the study's methods and findings.,已核对题名、作者、出版信息与 DOI；主题归入“物理基础与龙卷动力学”。具体方法、输入与结论待进一步阅读原文。,Not extracted in this bibliographic pass,10.1007/s11069-016-2588-2,,https://doi.org/10.1007/s11069-016-2588-2,,2026-09-29
ref-da7a3e78cfef,2017,Tornado mitigation network analysis and simulation,Samanthi W. Durage; S.C. Wirasinghe; Janaka Y. Ruwanpura,True,International Journal of Disaster Resilience in the Built Environment,journal,engineering,direct,bibliographic,Not extracted in this bibliographic pass,Not extracted; consult the primary source,Topic indexed from title and venue; exact target and horizon require source review,Bibliographic entry filed under wind engineering & structural resilience. Open the primary source for the study's methods and findings.,已核对题名、作者、出版信息与 DOI；主题归入“风工程、结构荷载与抗灾设计”。具体方法、输入与结论待进一步阅读原文。,Not extracted in this bibliographic pass,10.1108/ijdrbe-10-2014-0072,,https://doi.org/10.1108/ijdrbe-10-2014-0072,,2026-09-29
mcgovern2017,2017,Using Artificial Intelligence to Improve Real-Time Decision-Making for High-Impact Weather,Amy McGovern; Kimberly L. Elmore; David John Gagne; Sue Ellen Haupt; Christopher D. Karstens; Ryan Lagerquist; Travis Smith; John K. Williams,True,Bulletin of the American Meteorological Society,journal,evaluation,context,annotated,Review and application synthesis,"AI methods, observations and numerical guidance",Decision support for multiple high-impact weather hazards,Connects machine learning with physical understanding and forecaster decision support across high-impact weather applications.,梳理机器学习、物理认识与预报决策支持的关系，为评价龙卷智能方法提供强天气业务背景。,Multiple weather applications,10.1175/bams-d-16-0123.1,,https://doi.org/10.1175/bams-d-16-0123.1,,2026-09-29
feng2017china,2017,中国龙卷时空分布及其环境物理量特征,冯佳玮; 闵锦忠; 庄潇然,True,热带气象学报,journal,climatology,direct,annotated,Regional climatology and environmental composites,"Chinese Meteorological Disasters Yearbook, 2004–2012, and CFSR reanalysis",Regional tornado distributions and associated environments; retrospective analysis,Compares tornado distributions and environmental parameters across three tornado-prone regions of China using historical reports and reanalysis.,结合灾害年鉴与CFSR再分析资料，比较中国三个龙卷多发区的时空分布、环流背景和环境参数差异。,China,10.16032/j.issn.1004-4965.2017.04.010,,https://rdqxxb.itmm.org.cn/cn/article/doi/10.16032/j.issn.1004-4965.2017.04.010,,2026-09-29
ref-d173582801a4,2016,"A Finescale Radar Examination of the Tornadic Debris Signature and Weak-Echo Reflectivity Band Associated with a Large, Violent Tornado",Jana Lesak Houser; Howard B. Bluestein; Jeffrey C. Snyder,True,Monthly Weather Review,journal,radar,direct,bibliographic,Not extracted in this bibliographic pass,Not extracted; consult the primary source,Topic indexed from title and venue; exact target and horizon require source review,Bibliographic entry filed under radar signatures & tracking. Open the primary source for the study's methods and findings.,已核对题名、作者、出版信息与 DOI；主题归入“雷达特征、识别与追踪”。具体方法、输入与结论待进一步阅读原文。,Not extracted in this bibliographic pass,10.1175/mwr-d-15-0408.1,,https://doi.org/10.1175/mwr-d-15-0408.1,,2026-09-29
ref-58ca158ae39c,2016,A statistical analysis of the association between tropical cyclone intensity change and tornado frequency,Todd W. Moore,True,Theoretical and Applied Climatology,journal,climatology,direct,bibliographic,Not extracted in this bibliographic pass,Not extracted; consult the primary source,Topic indexed from title and venue; exact target and horizon require source review,Bibliographic entry filed under climatology & environments. Open the primary source for the study's methods and findings.,已核对题名、作者、出版信息与 DOI；主题归入“气候统计、环境与区域研究”。具体方法、输入与结论待进一步阅读原文。,Not extracted in this bibliographic pass,10.1007/s00704-015-1501-3,,https://doi.org/10.1007/s00704-015-1501-3,,2026-09-29
ref-3c8575044fee,2016,A Study of Tornado Prediction Using Deep Belief Network,Susumu SHIRAYAMA; Ryo SHIBATA,True,The Proceedings of The Computational Mechanics Conference,journal,dl,direct,bibliographic,Not extracted in this bibliographic pass,Not extracted; consult the primary source,Topic indexed from title and venue; exact target and horizon require source review,Bibliographic entry filed under deep tornado detection & prediction. Open the primary source for the study's methods and findings.,已核对题名、作者、出版信息与 DOI；主题归入“深度学习检测与发生预测”。具体方法、输入与结论待进一步阅读原文。,Not extracted in this bibliographic pass,10.1299/jsmecmd.2016.29.4_213,,https://doi.org/10.1299/jsmecmd.2016.29.4_213,,2026-09-29
ref-65d214971a40,2016,Action for Wind Velocity Estimation of Tornado Implementation of Japanese Enhanced Fujita Scale,Yoshinobu TANAKA,True,"Wind Engineers, JAWE",journal,rating,direct,bibliographic,Not extracted in this bibliographic pass,Not extracted; consult the primary source,Topic indexed from title and venue; exact target and horizon require source review,Bibliographic entry filed under intensity & damage-based rating. Open the primary source for the study's methods and findings.,已核对题名、作者、出版信息与 DOI；主题归入“强度估计与灾损分级”。具体方法、输入与结论待进一步阅读原文。,Not extracted in this bibliographic pass,10.5359/jawe.41.93,,https://doi.org/10.5359/jawe.41.93,,2026-09-29
ref-c4784ba61d2a,2016,Aerial Damage Survey of the 2013 El Reno Tornado Combined with Mobile Radar Data,Roger M. Wakimoto; Nolan T. Atkins; Kelly M. Butler; Howard B. Bluestein; Kyle Thiem; Jeffrey C. Snyder; Jana Houser; Karen Kosiba; Joshua Wurman,True,Monthly Weather Review,journal,impacts,direct,bibliographic,Not extracted in this bibliographic pass,Not extracted; consult the primary source,Topic indexed from title and venue; exact target and horizon require source review,Bibliographic entry filed under damage recognition & impacts. Open the primary source for the study's methods and findings.,已核对题名、作者、出版信息与 DOI；主题归入“灾后视觉识别与影响评估”。具体方法、输入与结论待进一步阅读原文。,Not extracted in this bibliographic pass,10.1175/mwr-d-15-0367.1,,https://doi.org/10.1175/mwr-d-15-0367.1,,2026-09-29
markowski2016,2016,An Idealized Numerical Simulation Investigation of the Effects of Surface Drag on the Development of Near-Surface Vertical Vorticity in Supercell Thunderstorms,Paul M. Markowski,True,Journal of the Atmospheric Sciences,journal,foundations,direct,annotated,Surface-drag sensitivity experiments,Idealized supercell simulations with contrasting boundary conditions,Contributions to near-surface vertical vorticity,"Investigates how surface drag changes the relative contributions of imported, baroclinic and frictionally generated vorticity.",比较不同下边界条件下环境涡度、斜压生成涡度和摩擦生成涡度的贡献，补充地表拖曳对龙卷相关旋转的影响。,Idealized simulation,10.1175/jas-d-16-0150.1,,https://doi.org/10.1175/jas-d-16-0150.1,,2026-09-29
ref-fa42b9a47b5f,2016,Assimilation of Flash Extent Data in the Variational Framework at Convection-Allowing Scales: Proof-of-Concept and Evaluation for the Short-Term Forecast of the 24 May 2011 Tornado Outbreak,Alexandre O. Fierro; Jidong Gao; Conrad L. Ziegler; Kristin M. Calhoun; Edward R. Mansell; Donald R. MacGorman,True,Monthly Weather Review,journal,engineering,direct,bibliographic,Not extracted in this bibliographic pass,Not extracted; consult the primary source,Topic indexed from title and venue; exact target and horizon require source review,Bibliographic entry filed under wind engineering & structural resilience. Open the primary source for the study's methods and findings.,已核对题名、作者、出版信息与 DOI；主题归入“风工程、结构荷载与抗灾设计”。具体方法、输入与结论待进一步阅读原文。,Not extracted in this bibliographic pass,10.1175/mwr-d-16-0053.1,,https://doi.org/10.1175/mwr-d-16-0053.1,,2026-09-29
ref-f39c6c964f3c,2016,Baseline Climatology of Sounding-Derived Parameters Associated with Atlantic and Gulf Coast Tropical Cyclone Tornado Clusters,Richard W. Dixon; Todd W. Moore; Christi G. Townsend,True,Papers in Applied Geography,journal,climatology,direct,bibliographic,Not extracted in this bibliographic pass,Not extracted; consult the primary source,Topic indexed from title and venue; exact target and horizon require source review,Bibliographic entry filed under climatology & environments. Open the primary source for the study's methods and findings.,已核对题名、作者、出版信息与 DOI；主题归入“气候统计、环境与区域研究”。具体方法、输入与结论待进一步阅读原文。,Not extracted in this bibliographic pass,10.1080/23754931.2015.1114960,,https://doi.org/10.1080/23754931.2015.1114960,,2026-09-29
ref-c6b41cdb6904,2016,Behaviour of transmission line conductors under tornado wind,Ahmed Hamada; Ashraf A. El Damatty,True,Wind and Structures,journal,engineering,direct,bibliographic,Not extracted in this bibliographic pass,Not extracted; consult the primary source,Topic indexed from title and venue; exact target and horizon require source review,Bibliographic entry filed under wind engineering & structural resilience. Open the primary source for the study's methods and findings.,已核对题名、作者、出版信息与 DOI；主题归入“风工程、结构荷载与抗灾设计”。具体方法、输入与结论待进一步阅读原文。,Not extracted in this bibliographic pass,10.12989/was.2016.22.3.369,,https://doi.org/10.12989/was.2016.22.3.369,,2026-09-29
ref-882f7cc9060a,2016,Characterization of tornado-like flow fields in a new model scale wind testing chamber,Maryam Refan; Horia Hangan,True,Journal of Wind Engineering and Industrial Aerodynamics,journal,foundations,direct,bibliographic,Not extracted in this bibliographic pass,Not extracted; consult the primary source,Topic indexed from title and venue; exact target and horizon require source review,Bibliographic entry filed under foundations & dynamics. Open the primary source for the study's methods and findings.,已核对题名、作者、出版信息与 DOI；主题归入“物理基础与龙卷动力学”。具体方法、输入与结论待进一步阅读原文。,Not extracted in this bibliographic pass,10.1016/j.jweia.2016.02.002,,https://doi.org/10.1016/j.jweia.2016.02.002,,2026-09-29
ref-850deb1a04a0,2016,Decision Analysis for Tornado Warning and Evacuation,Samanthi W. Durage; S. C. Wirasinghe; J. Y. Ruwanpura,True,Natural Hazards Review,journal,social,direct,bibliographic,Not extracted in this bibliographic pass,Not extracted; consult the primary source,Topic indexed from title and venue; exact target and horizon require source review,"Bibliographic entry filed under warnings, health & social response. Open the primary source for the study's methods and findings.",已核对题名、作者、出版信息与 DOI；主题归入“预警传播、健康与社会响应”。具体方法、输入与结论待进一步阅读原文。,Not extracted in this bibliographic pass,10.1061/(asce)nh.1527-6996.0000195,,https://doi.org/10.1061/%28asce%29nh.1527-6996.0000195,,2026-09-29
ref-89435363e6d6,2016,Defining the vortex loading period and application to assess dynamic amplification of tornado-like wind loading,Matthew N. Strasser; Majdi A.A. Yousef; R. Panneer Selvam,True,Journal of Fluids and Structures,journal,engineering,direct,bibliographic,Not extracted in this bibliographic pass,Not extracted; consult the primary source,Topic indexed from title and venue; exact target and horizon require source review,Bibliographic entry filed under wind engineering & structural resilience. Open the primary source for the study's methods and findings.,已核对题名、作者、出版信息与 DOI；主题归入“风工程、结构荷载与抗灾设计”。具体方法、输入与结论待进一步阅读原文。,Not extracted in this bibliographic pass,10.1016/j.jfluidstructs.2016.03.004,,https://doi.org/10.1016/j.jfluidstructs.2016.03.004,,2026-09-29
ref-214a2a74aa83,2016,"Defining, Describing, and Categorizing Public Health Infrastructure Priorities for Tropical Cyclone, Flood, Storm, Tornado, and Tsunami-Related Disasters",Benjamin J. Ryan; Richard C. Franklin; Frederick M. Burkle Jr; Kerrianne Watt; Peter Aitken; Erin C. Smith; Peter Leggat,True,Disaster Medicine and Public Health Preparedness,journal,social,context,bibliographic,Not extracted in this bibliographic pass,Not extracted; consult the primary source,Topic indexed from title and venue; exact target and horizon require source review,"Bibliographic entry filed under warnings, health & social response. Open the primary source for the study's methods and findings.",已核对题名、作者、出版信息与 DOI；主题归入“预警传播、健康与社会响应”。具体方法、输入与结论待进一步阅读原文。,Not extracted in this bibliographic pass,10.1017/dmp.2016.3,,https://doi.org/10.1017/dmp.2016.3,,2026-09-29
ref-ee54b5ea0b65,2016,Dynamics and thermodynamics of a tornado: Rotation effects,N. Ben-Amots,True,Atmospheric Research,journal,foundations,direct,bibliographic,Not extracted in this bibliographic pass,Not extracted; consult the primary source,Topic indexed from title and venue; exact target and horizon require source review,Bibliographic entry filed under foundations & dynamics. Open the primary source for the study's methods and findings.,已核对题名、作者、出版信息与 DOI；主题归入“物理基础与龙卷动力学”。具体方法、输入与结论待进一步阅读原文。,Not extracted in this bibliographic pass,10.1016/j.atmosres.2016.03.025,,https://doi.org/10.1016/j.atmosres.2016.03.025,,2026-09-29
ref-2db291810a1e,2016,Enhanced Residential Building Code for Tornado Safety,Chris Ramseyer; Lisa Holliday; Royce Floyd,True,Journal of Performance of Constructed Facilities,journal,engineering,direct,bibliographic,Not extracted in this bibliographic pass,Not extracted; consult the primary source,Topic indexed from title and venue; exact target and horizon require source review,Bibliographic entry filed under wind engineering & structural resilience. Open the primary source for the study's methods and findings.,已核对题名、作者、出版信息与 DOI；主题归入“风工程、结构荷载与抗灾设计”。具体方法、输入与结论待进一步阅读原文。,Not extracted in this bibliographic pass,10.1061/(asce)cf.1943-5509.0000832,,https://doi.org/10.1061/%28asce%29cf.1943-5509.0000832,,2026-09-29
ref-c45c05c30da0,2016,Evaluation of near real-time preliminary tornado damage paths,Christopher Karstens; Kacie Shourd; Doug Speheger; Aaron Anderson; Richard Smith; David Andra; Travis Smith; Valliappa Lakshmanan; Somer Erickson,True,Journal of Operational Meteorology,journal,impacts,direct,bibliographic,Not extracted in this bibliographic pass,Not extracted; consult the primary source,Topic indexed from title and venue; exact target and horizon require source review,Bibliographic entry filed under damage recognition & impacts. Open the primary source for the study's methods and findings.,已核对题名、作者、出版信息与 DOI；主题归入“灾后视觉识别与影响评估”。具体方法、输入与结论待进一步阅读原文。,Not extracted in this bibliographic pass,10.15191/nwajom.2016.0410,,https://doi.org/10.15191/nwajom.2016.0410,,2026-09-29
ref-471431a3e6ba,2016,"Examining social, physical, and environmental dimensions of tornado vulnerability in Texa","Laura Siebeneck, PhD",True,Journal of Emergency Management,journal,social,direct,bibliographic,Not extracted in this bibliographic pass,Not extracted; consult the primary source,Topic indexed from title and venue; exact target and horizon require source review,"Bibliographic entry filed under warnings, health & social response. Open the primary source for the study's methods and findings.",已核对题名、作者、出版信息与 DOI；主题归入“预警传播、健康与社会响应”。具体方法、输入与结论待进一步阅读原文。,Not extracted in this bibliographic pass,10.5055/jem.2016.0280,,https://doi.org/10.5055/jem.2016.0280,,2026-09-29
gallo2016,2016,Forecasting Tornadoes Using Convection-Permitting Ensembles,Burkely T. Gallo; Adam J. Clark; Scott R. Dembek,True,Weather and Forecasting,journal,forecast,direct,annotated,Convection-permitting ensemble postprocessing,Simulated updraft helicity and environmental fields,Daily probabilistic tornado guidance,Constructs tornado probabilities from convection-permitting ensembles using simulated rotation proxies and environmental constraints.,结合允许对流集合模式中的上升气流螺旋度与环境条件构建龙卷概率指导，补充传统数值预测路线。,United States,10.1175/waf-d-15-0134.1,,https://doi.org/10.1175/waf-d-15-0134.1,,2026-09-29
ref-00fe3ca1ce41,2016,Investigation of Near-Storm Environments for Tornado Events and Warnings,Alexandra K. Anderson-Frey; Yvette P. Richardson; Andrew R. Dean; Richard L. Thompson; Bryan T. Smith,True,Weather and Forecasting,journal,climatology,direct,bibliographic,Not extracted in this bibliographic pass,Not extracted; consult the primary source,Topic indexed from title and venue; exact target and horizon require source review,Bibliographic entry filed under climatology & environments. Open the primary source for the study's methods and findings.,已核对题名、作者、出版信息与 DOI；主题归入“气候统计、环境与区域研究”。具体方法、输入与结论待进一步阅读原文。,Not extracted in this bibliographic pass,10.1175/waf-d-16-0046.1,,https://doi.org/10.1175/waf-d-16-0046.1,,2026-09-29
ref-fa0b913c6f59,2016,Lidar-Based Methodology to Evaluate Fragility Models for Tornado-Induced Roof Damage,Alireza G. Kashani; Andrew J. Graettinger; Thang Dao,True,Natural Hazards Review,journal,engineering,direct,bibliographic,Not extracted in this bibliographic pass,Not extracted; consult the primary source,Topic indexed from title and venue; exact target and horizon require source review,Bibliographic entry filed under wind engineering & structural resilience. Open the primary source for the study's methods and findings.,已核对题名、作者、出版信息与 DOI；主题归入“风工程、结构荷载与抗灾设计”。具体方法、输入与结论待进一步阅读原文。,Not extracted in this bibliographic pass,10.1061/(asce)nh.1527-6996.0000224,,https://doi.org/10.1061/%28asce%29nh.1527-6996.0000224,,2026-09-29
ref-679edfe55cdb,2016,More tornadoes in the most extreme U.S. tornado outbreaks,Michael K. Tippett; Chiara Lepore; Joel E. Cohen,True,Science,journal,climatology,direct,bibliographic,Not extracted in this bibliographic pass,Not extracted; consult the primary source,Topic indexed from title and venue; exact target and horizon require source review,Bibliographic entry filed under climatology & environments. Open the primary source for the study's methods and findings.,已核对题名、作者、出版信息与 DOI；主题归入“气候统计、环境与区域研究”。具体方法、输入与结论待进一步阅读原文。,Not extracted in this bibliographic pass,10.1126/science.aah7393,,https://doi.org/10.1126/science.aah7393,,2026-09-29
ref-5a8108439015,2016,Perceptions and expected immediate reactions to tornado warning polygons,Michael K. Lindell; Shih-Kai Huang; Hung-Lung Wei; Charles D. Samuelson,True,Natural Hazards,journal,social,direct,bibliographic,Not extracted in this bibliographic pass,Not extracted; consult the primary source,Topic indexed from title and venue; exact target and horizon require source review,"Bibliographic entry filed under warnings, health & social response. Open the primary source for the study's methods and findings.",已核对题名、作者、出版信息与 DOI；主题归入“预警传播、健康与社会响应”。具体方法、输入与结论待进一步阅读原文。,Not extracted in this bibliographic pass,10.1007/s11069-015-1990-5,,https://doi.org/10.1007/s11069-015-1990-5,,2026-09-29
ref-709ea822825e,2016,"Perceptions of tornadoes, tornado risk, and tornado safety actions and their effects on warning response among Nebraska undergraduates",Sabrina T. Jauernic; Matthew S. Van Den Broeke,True,Natural Hazards,journal,social,direct,bibliographic,Not extracted in this bibliographic pass,Not extracted; consult the primary source,Topic indexed from title and venue; exact target and horizon require source review,"Bibliographic entry filed under warnings, health & social response. Open the primary source for the study's methods and findings.",已核对题名、作者、出版信息与 DOI；主题归入“预警传播、健康与社会响应”。具体方法、输入与结论待进一步阅读原文。,Not extracted in this bibliographic pass,10.1007/s11069-015-1970-9,,https://doi.org/10.1007/s11069-015-1970-9,,2026-09-29
xue2016,2016,Recent Significant Tornadoes in China,Ming Xue; Kun Zhao; Mingjung Wang; Zhaohui Li; Yongguang Zheng,True,Advances in Atmospheric Sciences,journal,climatology,direct,annotated,Regional observational synthesis,Chinese tornado case observations,Significant tornadoes in China,A China-focused entry point to significant tornado cases and research context.,从中国重大龙卷个例进入区域研究，避免论文库只覆盖美国场景。,China,10.1007/s00376-016-6005-2,,https://www.iapjournals.ac.cn/aas/en/article/doi/10.1007/s00376-016-6005-2,,2026-09-29
ref-e216020830bf,2016,Recipe for Disaster: How the Dynamic Ingredients of Risk and Exposure Are Changing the Tornado Disaster Landscape,Walker S. Ashley; Stephen M. Strader,True,Bulletin of the American Meteorological Society,journal,impacts,direct,bibliographic,Not extracted in this bibliographic pass,Not extracted; consult the primary source,Topic indexed from title and venue; exact target and horizon require source review,Bibliographic entry filed under damage recognition & impacts. Open the primary source for the study's methods and findings.,已核对题名、作者、出版信息与 DOI；主题归入“灾后视觉识别与影响评估”。具体方法、输入与结论待进一步阅读原文。,Not extracted in this bibliographic pass,10.1175/bams-d-15-00150.1,,https://doi.org/10.1175/bams-d-15-00150.1,,2026-09-29
ref-9c9f16a31c77,2016,Sensitivity of Tornado Dynamics to Soil Debris Loading,David J. Bodine; Takashi Maruyama; Robert D. Palmer; Caleb J. Fulton; Howard B. Bluestein; David C. Lewellen,True,Journal of the Atmospheric Sciences,journal,engineering,direct,bibliographic,Not extracted in this bibliographic pass,Not extracted; consult the primary source,Topic indexed from title and venue; exact target and horizon require source review,Bibliographic entry filed under wind engineering & structural resilience. Open the primary source for the study's methods and findings.,已核对题名、作者、出版信息与 DOI；主题归入“风工程、结构荷载与抗灾设计”。具体方法、输入与结论待进一步阅读原文。,Not extracted in this bibliographic pass,10.1175/jas-d-15-0188.1,,https://doi.org/10.1175/jas-d-15-0188.1,,2026-09-29
ref-242e42487314,2016,Severe Weather Warning Communication: Factors Impacting Audience Attention and Retention of Information during Tornado Warnings,Robert Drost; Mark Casteel; Julie Libarkin; Stephen Thomas; Matt Meister,True,"Weather, Climate, and Society",journal,social,direct,bibliographic,Not extracted in this bibliographic pass,Not extracted; consult the primary source,Topic indexed from title and venue; exact target and horizon require source review,"Bibliographic entry filed under warnings, health & social response. Open the primary source for the study's methods and findings.",已核对题名、作者、出版信息与 DOI；主题归入“预警传播、健康与社会响应”。具体方法、输入与结论待进一步阅读原文。,Not extracted in this bibliographic pass,10.1175/wcas-d-15-0035.1,,https://doi.org/10.1175/wcas-d-15-0035.1,,2026-09-29
ref-dc15ed76b620,2016,Spatial Redistribution of U.S. Tornado Activity between 1954 and 2013,Ernest Agee; Jennifer Larson; Samuel Childs; Alexandra Marmo,True,Journal of Applied Meteorology and Climatology,journal,climatology,direct,bibliographic,Not extracted in this bibliographic pass,Not extracted; consult the primary source,Topic indexed from title and venue; exact target and horizon require source review,Bibliographic entry filed under climatology & environments. Open the primary source for the study's methods and findings.,已核对题名、作者、出版信息与 DOI；主题归入“气候统计、环境与区域研究”。具体方法、输入与结论待进一步阅读原文。,Not extracted in this bibliographic pass,10.1175/jamc-d-15-0342.1,,https://doi.org/10.1175/jamc-d-15-0342.1,,2026-09-29
ref-ece8ce2054bc,2016,Statistical Models for Tornado Climatology: Long and Short-Term Views,James B. Elsner; Thomas H. Jagger; Tyler Fricker,True,PLOS ONE,journal,climatology,direct,bibliographic,Not extracted in this bibliographic pass,Not extracted; consult the primary source,Topic indexed from title and venue; exact target and horizon require source review,Bibliographic entry filed under climatology & environments. Open the primary source for the study's methods and findings.,已核对题名、作者、出版信息与 DOI；主题归入“气候统计、环境与区域研究”。具体方法、输入与结论待进一步阅读原文。,Not extracted in this bibliographic pass,10.1371/journal.pone.0166895,,https://doi.org/10.1371/journal.pone.0166895,,2026-09-29
ref-763f822db119,2016,Study of the effects of translation and roughness on tornado-like vortices by large-eddy simulations,Zhenqing Liu; Takeshi Ishihara,True,Journal of Wind Engineering and Industrial Aerodynamics,journal,foundations,direct,bibliographic,Not extracted in this bibliographic pass,Not extracted; consult the primary source,Topic indexed from title and venue; exact target and horizon require source review,Bibliographic entry filed under foundations & dynamics. Open the primary source for the study's methods and findings.,已核对题名、作者、出版信息与 DOI；主题归入“物理基础与龙卷动力学”。具体方法、输入与结论待进一步阅读原文。,Not extracted in this bibliographic pass,10.1016/j.jweia.2016.01.006,,https://doi.org/10.1016/j.jweia.2016.01.006,,2026-09-29
ref-ad11fb649fe4,2016,The Stability of Passenger Vehicles at Tornado Wind Intensities of the (Enhanced) Fujita Scale,Marius J. Paulikas; Thomas W. Schmidlin; Timothy P. Marshall,True,"Weather, Climate, and Society",journal,engineering,direct,bibliographic,Not extracted in this bibliographic pass,Not extracted; consult the primary source,Topic indexed from title and venue; exact target and horizon require source review,Bibliographic entry filed under wind engineering & structural resilience. Open the primary source for the study's methods and findings.,已核对题名、作者、出版信息与 DOI；主题归入“风工程、结构荷载与抗灾设计”。具体方法、输入与结论待进一步阅读原文。,Not extracted in this bibliographic pass,10.1175/wcas-d-15-0051.1,,https://doi.org/10.1175/wcas-d-15-0051.1,,2026-09-29
ref-a98d393ae446,2016,The tornado in Bashkortostan: the potential of analyzing and forecasting tornado-risk conditions,M. A. Novitskii; Yu. B. Pavlyukov; B. Ya. Shmerlin; S. V. Makhnorylova; N. I. Serebryannik; S. A. Petrichenko; L. A. Tereb; O. V. Kalmykova,True,Russian Meteorology and Hydrology,journal,forecast,direct,bibliographic,Not extracted in this bibliographic pass,Not extracted; consult the primary source,Topic indexed from title and venue; exact target and horizon require source review,Bibliographic entry filed under probabilistic guidance & operations. Open the primary source for the study's methods and findings.,已核对题名、作者、出版信息与 DOI；主题归入“概率预报、数值模式与业务应用”。具体方法、输入与结论待进一步阅读原文。,Not extracted in this bibliographic pass,10.3103/s1068373916100034,,https://doi.org/10.3103/s1068373916100034,,2026-09-29
ref-710ef244bc7d,2016,Tornado fragility and risk assessment of an archetype masonry school building,Hassan Masoomi; John W. van de Lindt,True,Engineering Structures,journal,engineering,direct,bibliographic,Not extracted in this bibliographic pass,Not extracted; consult the primary source,Topic indexed from title and venue; exact target and horizon require source review,Bibliographic entry filed under wind engineering & structural resilience. Open the primary source for the study's methods and findings.,已核对题名、作者、出版信息与 DOI；主题归入“风工程、结构荷载与抗灾设计”。具体方法、输入与结论待进一步阅读原文。,Not extracted in this bibliographic pass,10.1016/j.engstruct.2016.09.030,,https://doi.org/10.1016/j.engstruct.2016.09.030,,2026-09-29
ref-b8a200e9a97e,2016,Tornado hazard for structural engineering,Zhenhua Huang; Xingang Fan; Liping Cai; Sheldon Q. Shi,True,Natural Hazards,journal,engineering,direct,bibliographic,Not extracted in this bibliographic pass,Not extracted; consult the primary source,Topic indexed from title and venue; exact target and horizon require source review,Bibliographic entry filed under wind engineering & structural resilience. Open the primary source for the study's methods and findings.,已核对题名、作者、出版信息与 DOI；主题归入“风工程、结构荷载与抗灾设计”。具体方法、输入与结论待进一步阅读原文。,Not extracted in this bibliographic pass,10.1007/s11069-016-2392-z,,https://doi.org/10.1007/s11069-016-2392-z,,2026-09-29
ref-7929fab5d9e8,2016,Tornado outbreak variability follows Taylor’s power law of fluctuation scaling and increases dramatically with severity,Michael K. Tippett; Joel E. Cohen,True,Nature Communications,journal,foundations,direct,bibliographic,Not extracted in this bibliographic pass,Not extracted; consult the primary source,Topic indexed from title and venue; exact target and horizon require source review,Bibliographic entry filed under foundations & dynamics. Open the primary source for the study's methods and findings.,已核对题名、作者、出版信息与 DOI；主题归入“物理基础与龙卷动力学”。具体方法、输入与结论待进一步阅读原文。,Not extracted in this bibliographic pass,10.1038/ncomms10668,,https://doi.org/10.1038/ncomms10668,,2026-09-29
ref-e528f650aa1f,2016,Toward Development of the Tornado Impact-Community Vulnerability Index,Stimers MJ; Paul BK,True,Journal of Geography & Natural Disasters,journal,foundations,direct,bibliographic,Not extracted in this bibliographic pass,Not extracted; consult the primary source,Topic indexed from title and venue; exact target and horizon require source review,Bibliographic entry filed under foundations & dynamics. Open the primary source for the study's methods and findings.,已核对题名、作者、出版信息与 DOI；主题归入“物理基础与龙卷动力学”。具体方法、输入与结论待进一步阅读原文。,Not extracted in this bibliographic pass,10.4172/2167-0587.1000161,,https://doi.org/10.4172/2167-0587.1000161,,2026-09-29
ref-6490ff1baf97,2016,Tropical cyclone Ivan’s tornado cluster in the Mid-Atlantic region of the United States on 17–18 September 2004,Todd W. Moore; Richard W. Dixon; Nicholas J. Sokol,True,Physical Geography,journal,foundations,direct,bibliographic,Not extracted in this bibliographic pass,Not extracted; consult the primary source,Topic indexed from title and venue; exact target and horizon require source review,Bibliographic entry filed under foundations & dynamics. Open the primary source for the study's methods and findings.,已核对题名、作者、出版信息与 DOI；主题归入“物理基础与龙卷动力学”。具体方法、输入与结论待进一步阅读原文。,Not extracted in this bibliographic pass,10.1080/02723646.2016.1189299,,https://doi.org/10.1080/02723646.2016.1189299,,2026-09-29
ref-18f4b1e89eb6,2016,US regional tornado outbreaks and their links to spring ENSO phases and North Atlantic SST variability,Sang-Ki Lee; Andrew T Wittenberg; David B Enfield; Scott J Weaver; Chunzai Wang; Robert Atlas,True,Environmental Research Letters,journal,climatology,direct,bibliographic,Not extracted in this bibliographic pass,Not extracted; consult the primary source,Topic indexed from title and venue; exact target and horizon require source review,Bibliographic entry filed under climatology & environments. Open the primary source for the study's methods and findings.,已核对题名、作者、出版信息与 DOI；主题归入“气候统计、环境与区域研究”。具体方法、输入与结论待进一步阅读原文。,Not extracted in this bibliographic pass,10.1088/1748-9326/11/4/044008,,https://doi.org/10.1088/1748-9326/11/4/044008,,2026-09-29
ref-ce7cbffa6a8d,2015,309 3-D Numerical Simulation of Fire Tornado Model,Yuki Sugimoto; Masahisa Shinoda,True,The Proceedings of Autumn Conference of Tohoku Branch,conference,foundations,context,bibliographic,Not extracted in this bibliographic pass,Not extracted; consult the primary source,Topic indexed from title and venue; exact target and horizon require source review,Bibliographic entry filed under foundations & dynamics. Open the primary source for the study's methods and findings.,已核对题名、作者、出版信息与 DOI；主题归入“物理基础与龙卷动力学”。具体方法、输入与结论待进一步阅读原文。,Not extracted in this bibliographic pass,10.1299/jsmetohoku.2015.51._309-1_,,https://doi.org/10.1299/jsmetohoku.2015.51._309-1_,,2026-09-29
ref-f8941ffaa457,2015,A climatology of tornado intensity assessments,Stephen M. Strader; Walker Ashley; Ashley Irizarry; Sarah Hall,True,Meteorological Applications,journal,rating,direct,bibliographic,Not extracted in this bibliographic pass,Not extracted; consult the primary source,Topic indexed from title and venue; exact target and horizon require source review,Bibliographic entry filed under intensity & damage-based rating. Open the primary source for the study's methods and findings.,已核对题名、作者、出版信息与 DOI；主题归入“强度估计与灾损分级”。具体方法、输入与结论待进一步阅读原文。,Not extracted in this bibliographic pass,10.1002/met.1482,,https://doi.org/10.1002/met.1482,,2026-09-29
ref-6ca83cb3fdd3,2015,A rational method to evaluate tornado-borne missile speed in nuclear power plants (Validation of a numerical code based on Fujita's tornado model),Yuzuru EGUCHI; Soichiro SUGIMOTO; Yasuo HATTORI; Hiromaru HIRAKUCHI,True,Transactions of the JSME (in Japanese),journal,engineering,direct,bibliographic,Not extracted in this bibliographic pass,Not extracted; consult the primary source,Topic indexed from title and venue; exact target and horizon require source review,Bibliographic entry filed under wind engineering & structural resilience. Open the primary source for the study's methods and findings.,已核对题名、作者、出版信息与 DOI；主题归入“风工程、结构荷载与抗灾设计”。具体方法、输入与结论待进一步阅读原文。,Not extracted in this bibliographic pass,10.1299/transjsme.14-00478,,https://doi.org/10.1299/transjsme.14-00478,,2026-09-29
daviesjones2015,2015,A review of supercell and tornado dynamics,Robert Davies-Jones,True,Atmospheric Research,journal,foundations,direct,annotated,Dynamics review,Observational and numerical evidence,Supercells and tornadogenesis,A broad physical synthesis for grounding detection and forecasting research.,从动力学梳理超级单体与龙卷形成，帮助识别模型应当理解的因果线索。,Unspecified,10.1016/j.atmosres.2014.04.007,,https://www.sciencedirect.com/science/article/abs/pii/S0169809514001756,,2026-09-29
snyder2015,2015,Automated Detection of Polarimetric Tornadic Debris Signatures Using a Hydrometeor Classification Algorithm,Jeffrey C. Snyder; Alexander V. Ryzhkov,True,Journal of Applied Meteorology and Climatology,journal,radar,direct,annotated,Hydrometeor classification,Polarimetric radar,Tornadic debris signatures; detection,Connects physically informed classification with automatic debris-signature detection.,把水凝物分类思路用于自动碎片识别，是物理知识进入算法的实例。,Unspecified,10.1175/JAMC-D-15-0138.1,,https://journals.ametsoc.org/view/journals/apme/54/9/jamc-d-15-0138.1.xml,,2026-09-29
ref-794c09d66de1,2015,"Building Damage, Wind Speed Estimation, and Post Disaster Recovery in an EF5 Tornado",Hitomitsu Kikitsu; Partha P. Sarkar,True,Natural Hazards Review,journal,engineering,direct,bibliographic,Not extracted in this bibliographic pass,Not extracted; consult the primary source,Topic indexed from title and venue; exact target and horizon require source review,Bibliographic entry filed under wind engineering & structural resilience. Open the primary source for the study's methods and findings.,已核对题名、作者、出版信息与 DOI；主题归入“风工程、结构荷载与抗灾设计”。具体方法、输入与结论待进一步阅读原文。,Not extracted in this bibliographic pass,10.1061/(asce)nh.1527-6996.0000156,,https://doi.org/10.1061/%28asce%29nh.1527-6996.0000156,,2026-09-29
ref-99832b5875e8,2015,Central American biomass burning smoke can increase tornado severity in the U.S.,P. E. Saide; S. N. Spak; R. B. Pierce; J. A. Otkin; T. K. Schaack; A. K. Heidinger; A. M. da Silva; M. Kacenelenbogen; J. Redemann; G. R. Carmichael,True,Geophysical Research Letters,journal,foundations,direct,bibliographic,Not extracted in this bibliographic pass,Not extracted; consult the primary source,Topic indexed from title and venue; exact target and horizon require source review,Bibliographic entry filed under foundations & dynamics. Open the primary source for the study's methods and findings.,已核对题名、作者、出版信息与 DOI；主题归入“物理基础与龙卷动力学”。具体方法、输入与结论待进一步阅读原文。,Not extracted in this bibliographic pass,10.1002/2014gl062826,,https://doi.org/10.1002/2014gl062826,,2026-09-29
smith2015,2015,Diagnosing the Conditional Probability of Tornado Damage Rating Using Environmental and Radar Attributes,Bryan T. Smith; Richard L. Thompson; Andrew R. Dean; Patrick T. Marsh,True,Weather and Forecasting,journal,rating,direct,annotated,Conditional probability analysis,Peak low-level rotational velocity and near-storm environment,EF damage category conditional on a tornado; retrospective,Relates radar rotation and environmental parameters to the conditional probability of higher tornado damage ratings.,把雷达旋转速度和近风暴环境与更高灾损等级的条件概率联系起来，补充传统强度诊断方法。,Contiguous United States,10.1175/waf-d-14-00122.1,,https://doi.org/10.1175/waf-d-14-00122.1,,2026-09-29
ref-ec28a72dd5cf,2015,Empirically Based Probabilistic Tornado Hazard Analysis of the United States Using 1973–2011 Data,Christine D. Standohar-Alfano; John W. van de Lindt,True,Natural Hazards Review,journal,engineering,direct,bibliographic,Not extracted in this bibliographic pass,Not extracted; consult the primary source,Topic indexed from title and venue; exact target and horizon require source review,Bibliographic entry filed under wind engineering & structural resilience. Open the primary source for the study's methods and findings.,已核对题名、作者、出版信息与 DOI；主题归入“风工程、结构荷载与抗灾设计”。具体方法、输入与结论待进一步阅读原文。,Not extracted in this bibliographic pass,10.1061/(asce)nh.1527-6996.0000138,,https://doi.org/10.1061/%28asce%29nh.1527-6996.0000138,,2026-09-29
ref-08ddc3ac3b56,2015,Environmental risk perception from visual cues: the psychophysics of tornado risk perception,Barry Dewitt; Baruch Fischhoff; Alexander Davis; Stephen B Broomell,True,Environmental Research Letters,journal,social,direct,bibliographic,Not extracted in this bibliographic pass,Not extracted; consult the primary source,Topic indexed from title and venue; exact target and horizon require source review,"Bibliographic entry filed under warnings, health & social response. Open the primary source for the study's methods and findings.",已核对题名、作者、出版信息与 DOI；主题归入“预警传播、健康与社会响应”。具体方法、输入与结论待进一步阅读原文。,Not extracted in this bibliographic pass,10.1088/1748-9326/10/12/124009,,https://doi.org/10.1088/1748-9326/10/12/124009,,2026-09-29
ref-044d4e8df5f1,2015,Experimental study of wind pressures acting on a cooling tower exposed to stationary tornado-like vortices,Shuyang Cao; Jin Wang; Jinxin Cao; Lin Zhao; Xu Chen,True,Journal of Wind Engineering and Industrial Aerodynamics,journal,engineering,direct,bibliographic,Not extracted in this bibliographic pass,Not extracted; consult the primary source,Topic indexed from title and venue; exact target and horizon require source review,Bibliographic entry filed under wind engineering & structural resilience. Open the primary source for the study's methods and findings.,已核对题名、作者、出版信息与 DOI；主题归入“风工程、结构荷载与抗灾设计”。具体方法、输入与结论待进一步阅读原文。,Not extracted in this bibliographic pass,10.1016/j.jweia.2015.06.004,,https://doi.org/10.1016/j.jweia.2015.06.004,,2026-09-29
ref-7fe66ab6b926,2015,False Alarms and Missed Events: The Impact and Origins of Perceived Inaccuracy in Tornado Warning Systems,Joseph T. Ripberger; Carol L. Silva; Hank C. Jenkins‐Smith; Deven E. Carlson; Mark James; Kerry G. Herron,True,Risk Analysis,journal,evaluation,direct,bibliographic,Not extracted in this bibliographic pass,Not extracted; consult the primary source,Topic indexed from title and venue; exact target and horizon require source review,"Bibliographic entry filed under evaluation, uncertainty & reviews. Open the primary source for the study's methods and findings.",已核对题名、作者、出版信息与 DOI；主题归入“评估、不确定性与综述”。具体方法、输入与结论待进一步阅读原文。,Not extracted in this bibliographic pass,10.1111/risa.12262,,https://doi.org/10.1111/risa.12262,,2026-09-29
ref-27369dca5906,2015,Influence of the El Niño/Southern Oscillation on tornado and hail frequency in the United States,John T. Allen; Michael K. Tippett; Adam H. Sobel,True,Nature Geoscience,journal,climatology,direct,bibliographic,Not extracted in this bibliographic pass,Not extracted; consult the primary source,Topic indexed from title and venue; exact target and horizon require source review,Bibliographic entry filed under climatology & environments. Open the primary source for the study's methods and findings.,已核对题名、作者、出版信息与 DOI；主题归入“气候统计、环境与区域研究”。具体方法、输入与结论待进一步阅读原文。,Not extracted in this bibliographic pass,10.1038/ngeo2385,,https://doi.org/10.1038/ngeo2385,,2026-09-29
schultz2015,2015,Insight into the Kinematic and Microphysical Processes that Control Lightning Jumps,Christopher J. Schultz; Lawrence D. Carey; Elise V. Schultz; Richard J. Blakeslee,True,Weather and Forecasting,journal,sensing,context,annotated,Lightning-jump process analysis,"Total lightning, polarimetric radar and multi-Doppler observations",Storm updraft and microphysical changes associated with lightning jumps,"Connects lightning jumps with changes in storm updrafts and graupel, clarifying the physical meaning of a potential severe-storm predictor.",结合闪电与雷达观测解释闪电跃增对应的上升气流和霰变化，补充多源强天气监测的物理背景。,United States,10.1175/waf-d-14-00147.1,,https://doi.org/10.1175/waf-d-14-00147.1,,2026-09-29
ref-754993cd4fc0,2015,New Methods in Tornado Climatology,Holly M. Widen; Tyler Fricker; James B. Elsner,True,Geography Compass,journal,climatology,direct,bibliographic,Not extracted in this bibliographic pass,Not extracted; consult the primary source,Topic indexed from title and venue; exact target and horizon require source review,Bibliographic entry filed under climatology & environments. Open the primary source for the study's methods and findings.,已核对题名、作者、出版信息与 DOI；主题归入“气候统计、环境与区域研究”。具体方法、输入与结论待进一步阅读原文。,Not extracted in this bibliographic pass,10.1111/gec3.12205,,https://doi.org/10.1111/gec3.12205,,2026-09-29
wang2015,2015,Novel Tornado Detection Using an Adaptive Neuro-Fuzzy System with S-Band Polarimetric Weather Radar,Yadong Wang; Tian-You Yu,True,Journal of Atmospheric and Oceanic Technology,journal,ml,direct,annotated,Adaptive neuro-fuzzy system,S-band polarimetric radar,Tornado detection,A bridge between expert-style fuzzy rules and trainable models.,连接专家模糊规则与可学习模型，补齐传统规则到深度学习之间的研究谱系。,Unspecified,10.1175/JTECH-D-14-00096.1,,https://journals.ametsoc.org/view/journals/atot/32/2/jtech-d-14-00096_1.xml,,2026-09-29
ref-6a1b4d8f464a,2015,Photogrammetric Analysis of the 2013 El Reno Tornado Combined with Mobile X-Band Polarimetric Radar Data,Roger M. Wakimoto; Nolan T. Atkins; Kelly M. Butler; Howard B. Bluestein; Kyle Thiem; Jeffrey Snyder; Jana Houser,True,Monthly Weather Review,journal,evaluation,direct,bibliographic,Not extracted in this bibliographic pass,Not extracted; consult the primary source,Topic indexed from title and venue; exact target and horizon require source review,"Bibliographic entry filed under evaluation, uncertainty & reviews. Open the primary source for the study's methods and findings.",已核对题名、作者、出版信息与 DOI；主题归入“评估、不确定性与综述”。具体方法、输入与结论待进一步阅读原文。,Not extracted in this bibliographic pass,10.1175/mwr-d-15-0034.1,,https://doi.org/10.1175/mwr-d-15-0034.1,,2026-09-29
ref-ccb8735e1fb5,2015,Polarimetric Radar Observations from a Waterspout-Producing Thunderstorm,Matthew S. Van Den Broeke; Cynthia A. Van Den Broeke,True,Weather and Forecasting,journal,evaluation,direct,bibliographic,Not extracted in this bibliographic pass,Not extracted; consult the primary source,Topic indexed from title and venue; exact target and horizon require source review,"Bibliographic entry filed under evaluation, uncertainty & reviews. Open the primary source for the study's methods and findings.",已核对题名、作者、出版信息与 DOI；主题归入“评估、不确定性与综述”。具体方法、输入与结论待进一步阅读原文。,Not extracted in this bibliographic pass,10.1175/waf-d-14-00114.1,,https://doi.org/10.1175/waf-d-14-00114.1,,2026-09-29
vandenbroeke2015,2015,Polarimetric Tornadic Debris Signature Variability and Debris Fallout Signatures,Matthew S. Van Den Broeke,True,Journal of Applied Meteorology and Climatology,journal,radar,direct,annotated,Debris and fallout analysis,Polarimetric radar,Debris evolution and fallout,Read for why debris signatures evolve and may not coincide exactly with the vortex.,关注碎片沉降与特征演变，避免简单地把碎片区域等同于涡旋位置。,Unspecified,10.1175/JAMC-D-15-0077.1,,https://journals.ametsoc.org/view/journals/apme/54/12/jamc-d-15-0077.1.xml,,2026-09-29
ref-9cf80abe14b9,2015,"Rapid-Scan, Polarimetric, Doppler Radar Observations of Tornadogenesis and Tornado Dissipation in a Tornadic Supercell: The “El Reno, Oklahoma” Storm of 24 May 2011",Jana Lesak Houser; Howard B. Bluestein; Jeffrey C. Snyder,True,Monthly Weather Review,journal,evaluation,direct,bibliographic,Not extracted in this bibliographic pass,Not extracted; consult the primary source,Topic indexed from title and venue; exact target and horizon require source review,"Bibliographic entry filed under evaluation, uncertainty & reviews. Open the primary source for the study's methods and findings.",已核对题名、作者、出版信息与 DOI；主题归入“评估、不确定性与综述”。具体方法、输入与结论待进一步阅读原文。,Not extracted in this bibliographic pass,10.1175/mwr-d-14-00253.1,,https://doi.org/10.1175/mwr-d-14-00253.1,,2026-09-29
ref-4d307545964e,2015,Reconstruction of a near-surface tornado wind field from observed building damage,Jianjun Luo; Daan Liang; Christopher Weiss,True,Wind and Structures,journal,engineering,direct,bibliographic,Not extracted in this bibliographic pass,Not extracted; consult the primary source,Topic indexed from title and venue; exact target and horizon require source review,Bibliographic entry filed under wind engineering & structural resilience. Open the primary source for the study's methods and findings.,已核对题名、作者、出版信息与 DOI；主题归入“风工程、结构荷载与抗灾设计”。具体方法、输入与结论待进一步阅读原文。,Not extracted in this bibliographic pass,10.12989/was.2015.20.3.389,,https://doi.org/10.12989/was.2015.20.3.389,,2026-09-29
ref-1f2bd51137ae,2015,"The contribution of TT Fujita to the understanding of tornado suction marks, spots, swaths, and vortices",Paul Zunkel,True,Progress in Physical Geography: Earth and Environment,journal,rating,direct,bibliographic,Not extracted in this bibliographic pass,Not extracted; consult the primary source,Topic indexed from title and venue; exact target and horizon require source review,Bibliographic entry filed under intensity & damage-based rating. Open the primary source for the study's methods and findings.,已核对题名、作者、出版信息与 DOI；主题归入“强度估计与灾损分级”。具体方法、输入与结论待进一步阅读原文。,Not extracted in this bibliographic pass,10.1177/0309133315616575,,https://doi.org/10.1177/0309133315616575,,2026-09-29
ref-a497ff4ec186,2015,The increasing efficiency of tornado days in the United States,James B. Elsner; Svetoslava C. Elsner; Thomas H. Jagger,True,Climate Dynamics,journal,foundations,direct,bibliographic,Not extracted in this bibliographic pass,Not extracted; consult the primary source,Topic indexed from title and venue; exact target and horizon require source review,Bibliographic entry filed under foundations & dynamics. Open the primary source for the study's methods and findings.,已核对题名、作者、出版信息与 DOI；主题归入“物理基础与龙卷动力学”。具体方法、输入与结论待进一步阅读原文。,Not extracted in this bibliographic pass,10.1007/s00382-014-2277-3,,https://doi.org/10.1007/s00382-014-2277-3,,2026-09-29
ref-c6826c3d253e,2015,The Influence of Consequence-Based Messages on Public Responses to Tornado Warnings,Joseph T. Ripberger; Carol L. Silva; Hank C. Jenkins-Smith; Mark James,True,Bulletin of the American Meteorological Society,journal,social,direct,bibliographic,Not extracted in this bibliographic pass,Not extracted; consult the primary source,Topic indexed from title and venue; exact target and horizon require source review,"Bibliographic entry filed under warnings, health & social response. Open the primary source for the study's methods and findings.",已核对题名、作者、出版信息与 DOI；主题归入“预警传播、健康与社会响应”。具体方法、输入与结论待进一步阅读原文。,Not extracted in this bibliographic pass,10.1175/bams-d-13-00213.1,,https://doi.org/10.1175/bams-d-13-00213.1,,2026-09-29
ref-eb63cd7824f4,2015,The Relationship Between the Madden–Julian Oscillation and Tropical Cyclone Tornado Clusters,Richard W. Dixon; Todd W. Moore,True,Papers in Applied Geography,journal,climatology,direct,bibliographic,Not extracted in this bibliographic pass,Not extracted; consult the primary source,Topic indexed from title and venue; exact target and horizon require source review,Bibliographic entry filed under climatology & environments. Open the primary source for the study's methods and findings.,已核对题名、作者、出版信息与 DOI；主题归入“气候统计、环境与区域研究”。具体方法、输入与结论待进一步阅读原文。,Not extracted in this bibliographic pass,10.1080/23754931.2015.1009325,,https://doi.org/10.1080/23754931.2015.1009325,,2026-09-29
taszarek2015,2015,Tornado Climatology of Poland,Mateusz Taszarek; Harold E. Brooks,True,Monthly Weather Review,journal,climatology,direct,annotated,Historical and modern event climatology,European Severe Weather Database and historical Polish reports,Tornado and waterspout occurrence in Poland,"Combines historical and recent records to describe Polish tornado seasonality, geography and intensity categories.",整理波兰历史及近期龙卷、水龙卷记录，描述季节、地域和强度分布并讨论资料问题。,Poland,10.1175/mwr-d-14-00185.1,,https://doi.org/10.1175/mwr-d-14-00185.1,,2026-09-29
ref-81d34abe8fb1,2015,Tornado Warning Decisions Using Phased-Array Radar Data,Pamela Heinselman; Daphne LaDue; Darrel M. Kingfield; Robert Hoffman,True,Weather and Forecasting,journal,evaluation,direct,bibliographic,Not extracted in this bibliographic pass,Not extracted; consult the primary source,Topic indexed from title and venue; exact target and horizon require source review,"Bibliographic entry filed under evaluation, uncertainty & reviews. Open the primary source for the study's methods and findings.",已核对题名、作者、出版信息与 DOI；主题归入“评估、不确定性与综述”。具体方法、输入与结论待进一步阅读原文。,Not extracted in this bibliographic pass,10.1175/waf-d-14-00042.1,,https://doi.org/10.1175/waf-d-14-00042.1,,2026-09-29
ref-cdd458966241,2015,Tropical Cyclone and Tornado Damages in Asia,Editorial Committee,True,"Wind Engineers, JAWE",journal,impacts,direct,bibliographic,Not extracted in this bibliographic pass,Not extracted; consult the primary source,Topic indexed from title and venue; exact target and horizon require source review,Bibliographic entry filed under damage recognition & impacts. Open the primary source for the study's methods and findings.,已核对题名、作者、出版信息与 DOI；主题归入“灾后视觉识别与影响评估”。具体方法、输入与结论待进一步阅读原文。,Not extracted in this bibliographic pass,10.5359/jawe.40.251,,https://doi.org/10.5359/jawe.40.251,,2026-09-29
ref-be8b402b0091,2015,Typhoon and Tornado Induced Damages in China,Shuyang CAO,True,"Wind Engineers, JAWE",journal,impacts,direct,bibliographic,Not extracted in this bibliographic pass,Not extracted; consult the primary source,Topic indexed from title and venue; exact target and horizon require source review,Bibliographic entry filed under damage recognition & impacts. Open the primary source for the study's methods and findings.,已核对题名、作者、出版信息与 DOI；主题归入“灾后视觉识别与影响评估”。具体方法、输入与结论待进一步阅读原文。,Not extracted in this bibliographic pass,10.5359/jawe.40.261,,https://doi.org/10.5359/jawe.40.261,,2026-09-29
ref-d00d5537fcb9,2015,Variability of tornado climatology across the continental United States,Tory J. Farney; P. Grady Dixon,True,International Journal of Climatology,journal,climatology,direct,bibliographic,Not extracted in this bibliographic pass,Not extracted; consult the primary source,Topic indexed from title and venue; exact target and horizon require source review,Bibliographic entry filed under climatology & environments. Open the primary source for the study's methods and findings.,已核对题名、作者、出版信息与 DOI；主题归入“气候统计、环境与区域研究”。具体方法、输入与结论待进一步阅读原文。,Not extracted in this bibliographic pass,10.1002/joc.4188,,https://doi.org/10.1002/joc.4188,,2026-09-29
ref-4ea09612ad0e,2015,Visualization of tornado-like vortex interacting with wide tornado-break wall,Piotr M. Gorecki; R. Panneer Selvam,True,Journal of Visualization,journal,foundations,direct,bibliographic,Not extracted in this bibliographic pass,Not extracted; consult the primary source,Topic indexed from title and venue; exact target and horizon require source review,Bibliographic entry filed under foundations & dynamics. Open the primary source for the study's methods and findings.,已核对题名、作者、出版信息与 DOI；主题归入“物理基础与龙卷动力学”。具体方法、输入与结论待进一步阅读原文。,Not extracted in this bibliographic pass,10.1007/s12650-014-0245-y,,https://doi.org/10.1007/s12650-014-0245-y,,2026-09-29
ref-421b3757d0c5,2014,"20 May 2013 Moore, Oklahoma, Tornado: Damage Survey and Analysis",Donald Burgess; Kiel Ortega; Greg Stumpf; Gabe Garfield; Chris Karstens; Tiffany Meyer; Brandon Smith; Doug Speheger; Jim Ladue; Rick Smith; Tim Marshall,True,Weather and Forecasting,journal,impacts,direct,bibliographic,Not extracted in this bibliographic pass,Not extracted; consult the primary source,Topic indexed from title and venue; exact target and horizon require source review,Bibliographic entry filed under damage recognition & impacts. Open the primary source for the study's methods and findings.,已核对题名、作者、出版信息与 DOI；主题归入“灾后视觉识别与影响评估”。具体方法、输入与结论待进一步阅读原文。,Not extracted in this bibliographic pass,10.1175/waf-d-14-00039.1,,https://doi.org/10.1175/waf-d-14-00039.1,,2026-09-29
ref-a89442cd1ec6,2014,416 3-D Numerical Simulation of Fire Tornado Model,Yuki Sugimoto; Masahisa Shinoda,True,The Proceedings of Autumn Conference of Tohoku Branch,conference,foundations,context,bibliographic,Not extracted in this bibliographic pass,Not extracted; consult the primary source,Topic indexed from title and venue; exact target and horizon require source review,Bibliographic entry filed under foundations & dynamics. Open the primary source for the study's methods and findings.,已核对题名、作者、出版信息与 DOI；主题归入“物理基础与龙卷动力学”。具体方法、输入与结论待进一步阅读原文。,Not extracted in this bibliographic pass,10.1299/jsmetohoku.2014.50.89,,https://doi.org/10.1299/jsmetohoku.2014.50.89,,2026-09-29
groenemeijer2014,2014,A Climatology of Tornadoes in Europe: Results from the European Severe Weather Database,Pieter Groenemeijer; Thilo Kühne,True,Monthly Weather Review,journal,climatology,direct,annotated,Climatology,European Severe Weather Database,European tornado climatology,A regional baseline with reporting-coverage considerations.,欧洲龙卷气候统计与报告覆盖，为跨区域泛化研究提供参照。,Europe,10.1175/MWR-D-14-00107.1,,https://journals.ametsoc.org/view/journals/mwre/142/12/mwr-d-14-00107.1.xml,,2026-09-29
ref-4684f1eeac72,2014,A Multiple-Vortex Tornado in Southeastern Brazil,Ernani de Lima Nascimento; Gerhard Held; Ana Maria Gomes,True,Monthly Weather Review,journal,foundations,direct,bibliographic,Not extracted in this bibliographic pass,Not extracted; consult the primary source,Topic indexed from title and venue; exact target and horizon require source review,Bibliographic entry filed under foundations & dynamics. Open the primary source for the study's methods and findings.,已核对题名、作者、出版信息与 DOI；主题归入“物理基础与龙卷动力学”。具体方法、输入与结论待进一步阅读原文。,Not extracted in this bibliographic pass,10.1175/mwr-d-13-00319.1,,https://doi.org/10.1175/mwr-d-13-00319.1,,2026-09-29
agee2014,2014,"Adjustments in Tornado Counts, F-Scale Intensity, and Path Width for Assessing Significant Tornado Destruction",Ernest Agee; Samuel Childs,True,Journal of Applied Meteorology and Climatology,journal,rating,direct,annotated,Historical-record adjustment,"Tornado counts, F/EF ratings and path-width records",Consistency of historical destruction indicators,"Examines inhomogeneities in counts, intensity ratings and path widths and proposes adjustments for historical comparison.",检查龙卷个数、强度评级和路径宽度记录中的不一致，并讨论用于历史比较的调整办法。,United States,10.1175/jamc-d-13-0235.1,,https://doi.org/10.1175/jamc-d-13-0235.1,,2026-09-29
ref-a0969e298bd5,2014,An Empirical Relation between U.S. Tornado Activity and Monthly Environmental Parameters,Michael K. Tippett; Adam H. Sobel; Suzana J. Camargo; John T. Allen,True,Journal of Climate,journal,climatology,direct,bibliographic,Not extracted in this bibliographic pass,Not extracted; consult the primary source,Topic indexed from title and venue; exact target and horizon require source review,Bibliographic entry filed under climatology & environments. Open the primary source for the study's methods and findings.,已核对题名、作者、出版信息与 DOI；主题归入“气候统计、环境与区域研究”。具体方法、输入与结论待进一步阅读原文。,Not extracted in this bibliographic pass,10.1175/jcli-d-13-00345.1,,https://doi.org/10.1175/jcli-d-13-00345.1,,2026-09-29
ref-d4f0ce27c1a1,2014,An Objective Analysis of Tornado Risk in the United States,Timothy A. Coleman; P. Grady Dixon,True,Weather and Forecasting,journal,climatology,direct,bibliographic,Not extracted in this bibliographic pass,Not extracted; consult the primary source,Topic indexed from title and venue; exact target and horizon require source review,Bibliographic entry filed under climatology & environments. Open the primary source for the study's methods and findings.,已核对题名、作者、出版信息与 DOI；主题归入“气候统计、环境与区域研究”。具体方法、输入与结论待进一步阅读原文。,Not extracted in this bibliographic pass,10.1175/waf-d-13-00057.1,,https://doi.org/10.1175/waf-d-13-00057.1,,2026-09-29
ref-d7d9797bdbdf,2014,An updated tornado climatology for the UK: 1981-2010,Peter J. Kirk,True,Weather,journal,climatology,direct,bibliographic,Not extracted in this bibliographic pass,Not extracted; consult the primary source,Topic indexed from title and venue; exact target and horizon require source review,Bibliographic entry filed under climatology & environments. Open the primary source for the study's methods and findings.,已核对题名、作者、出版信息与 DOI；主题归入“气候统计、环境与区域研究”。具体方法、输入与结论待进一步阅读原文。,Not extracted in this bibliographic pass,10.1002/wea.2247,,https://doi.org/10.1002/wea.2247,,2026-09-29
ref-fbc172f3dc45,2014,Changing volatility of U.S. annual tornado reports,Michael K. Tippett,True,Geophysical Research Letters,journal,climatology,direct,bibliographic,Not extracted in this bibliographic pass,Not extracted; consult the primary source,Topic indexed from title and venue; exact target and horizon require source review,Bibliographic entry filed under climatology & environments. Open the primary source for the study's methods and findings.,已核对题名、作者、出版信息与 DOI；主题归入“气候统计、环境与区域研究”。具体方法、输入与结论待进一步阅读原文。,Not extracted in this bibliographic pass,10.1002/2014gl061347,,https://doi.org/10.1002/2014gl061347,,2026-09-29
ref-5fbe83e66ed5,2014,Detection of “Invisible Waterspout” Using 3D Scanning Doppler Lidar,Chusei Fujiwara; Yasushi Fujiyoshi,True,SOLA,journal,sensing,direct,bibliographic,Not extracted in this bibliographic pass,Not extracted; consult the primary source,Topic indexed from title and venue; exact target and horizon require source review,Bibliographic entry filed under novel sensing & observation. Open the primary source for the study's methods and findings.,已核对题名、作者、出版信息与 DOI；主题归入“新型观测与传感”。具体方法、输入与结论待进一步阅读原文。,Not extracted in this bibliographic pass,10.2151/sola.2014-026,,https://doi.org/10.2151/sola.2014-026,,2026-09-29
ref-b00b62e0ee5e,2014,Does Scary Matter?: Testing the Effectiveness of New National Weather Service Tornado Warning Messages,Mildred F. Perreault; J. Brian Houston; Lee Wilkins,True,Communication Studies,journal,social,direct,bibliographic,Not extracted in this bibliographic pass,Not extracted; consult the primary source,Topic indexed from title and venue; exact target and horizon require source review,"Bibliographic entry filed under warnings, health & social response. Open the primary source for the study's methods and findings.",已核对题名、作者、出版信息与 DOI；主题归入“预警传播、健康与社会响应”。具体方法、输入与结论待进一步阅读原文。,Not extracted in this bibliographic pass,10.1080/10510974.2014.956942,,https://doi.org/10.1080/10510974.2014.956942,,2026-09-29
ref-0238beb93eb0,2014,Dual-Wavelength Polarimetric Radar Analyses of Tornadic Debris Signatures,David J. Bodine; Robert D. Palmer; Guifu Zhang,True,Journal of Applied Meteorology and Climatology,journal,evaluation,direct,bibliographic,Not extracted in this bibliographic pass,Not extracted; consult the primary source,Topic indexed from title and venue; exact target and horizon require source review,"Bibliographic entry filed under evaluation, uncertainty & reviews. Open the primary source for the study's methods and findings.",已核对题名、作者、出版信息与 DOI；主题归入“评估、不确定性与综述”。具体方法、输入与结论待进一步阅读原文。,Not extracted in this bibliographic pass,10.1175/jamc-d-13-0189.1,,https://doi.org/10.1175/jamc-d-13-0189.1,,2026-09-29
ref-e0bcad77017a,2014,"Early characteristics of the polarimetric tornadic debris signature associated with the 20 May 2013 Newcastle–Moore, Oklahoma, tornado",Matthew Saari; Robert Lawton; Christopher Schultz; Lawrence Carey,True,Journal of Operational Meteorology,journal,evaluation,direct,bibliographic,Not extracted in this bibliographic pass,Not extracted; consult the primary source,Topic indexed from title and venue; exact target and horizon require source review,"Bibliographic entry filed under evaluation, uncertainty & reviews. Open the primary source for the study's methods and findings.",已核对题名、作者、出版信息与 DOI；主题归入“评估、不确定性与综述”。具体方法、输入与结论待进一步阅读原文。,Not extracted in this bibliographic pass,10.15191/nwajom.2014.0210,,https://doi.org/10.15191/nwajom.2014.0210,,2026-09-29
ref-de5eccabd277,2014,Eliminating the major tornado threat in Tornado Alley,R. Tao,True,International Journal of Modern Physics B,journal,foundations,direct,bibliographic,Not extracted in this bibliographic pass,Not extracted; consult the primary source,Topic indexed from title and venue; exact target and horizon require source review,Bibliographic entry filed under foundations & dynamics. Open the primary source for the study's methods and findings.,已核对题名、作者、出版信息与 DOI；主题归入“物理基础与龙卷动力学”。具体方法、输入与结论待进一步阅读原文。,Not extracted in this bibliographic pass,10.1142/s0217979214501756,,https://doi.org/10.1142/s0217979214501756,,2026-09-29
ref-ffafa7759be3,2014,Evacuation behaviour of households and drivers during a tornado,Samanthi W. Durage; Lina Kattan; S. C. Wirasinghe; Janaka Y. Ruwanpura,True,Natural Hazards,journal,social,direct,bibliographic,Not extracted in this bibliographic pass,Not extracted; consult the primary source,Topic indexed from title and venue; exact target and horizon require source review,"Bibliographic entry filed under warnings, health & social response. Open the primary source for the study's methods and findings.",已核对题名、作者、出版信息与 DOI；主题归入“预警传播、健康与社会响应”。具体方法、输入与结论待进一步阅读原文。,Not extracted in this bibliographic pass,10.1007/s11069-013-0958-6,,https://doi.org/10.1007/s11069-013-0958-6,,2026-09-29
ref-0823f5117f41,2014,Forecasting Occurrence of Localized Heavy Rain and Tornado,Shoji KAWASAKI; Masaaki KOYAMA; Shunsuke FUKAMI; Chisa KOBAYASHI,True,The Journal of The Institute of Electrical Engineers of Japan,journal,forecast,direct,bibliographic,Not extracted in this bibliographic pass,Not extracted; consult the primary source,Topic indexed from title and venue; exact target and horizon require source review,Bibliographic entry filed under probabilistic guidance & operations. Open the primary source for the study's methods and findings.,已核对题名、作者、出版信息与 DOI；主题归入“概率预报、数值模式与业务应用”。具体方法、输入与结论待进一步阅读原文。,Not extracted in this bibliographic pass,10.1541/ieejjournal.134.604,,https://doi.org/10.1541/ieejjournal.134.604,,2026-09-29
dahl2014,2014,Imported and Storm-Generated Near-Ground Vertical Vorticity in a Simulated Supercell,Johannes M. L. Dahl; Matthew D. Parker; Louis J. Wicker,True,Journal of the Atmospheric Sciences,journal,foundations,direct,annotated,Lagrangian vorticity decomposition,High-resolution simulated supercell and material trajectories,Sources of near-ground vertical vorticity,Separates environmental and storm-generated contributions to near-ground vorticity using material trajectories through a simulated supercell.,沿模拟中的流体轨迹分解环境输入涡度与风暴内部生成涡度，研究近地面垂直涡度的来源。,Idealized simulation,10.1175/jas-d-13-0123.1,,https://doi.org/10.1175/jas-d-13-0123.1,,2026-09-29
brooks2014,2014,Increased variability of tornado occurrence in the United States,Harold E. Brooks; Gregory W. Carbin; Patrick T. Marsh,True,Science,journal,climatology,direct,annotated,Historical event statistics,US tornado records,Variability of occurrence; climatological,Read for changes in temporal clustering and the limits of historical report statistics.,研究发生频率的时间分布与聚集性；历史报告偏差必须与气候信号分开。,US,10.1126/science.1257460,,https://pubmed.ncbi.nlm.nih.gov/25324388/,,2026-09-29
ref-009dd26ba783,2014,Machine-learning classifiers for imbalanced tornado data,Theodore B. Trafalis; Indra Adrianto; Michael B. Richman; S. Lakshmivarahan,True,Computational Management Science,journal,ml,direct,bibliographic,Not extracted in this bibliographic pass,Not extracted; consult the primary source,Topic indexed from title and venue; exact target and horizon require source review,Bibliographic entry filed under statistical & classical ml. Open the primary source for the study's methods and findings.,已核对题名、作者、出版信息与 DOI；主题归入“统计学习与传统机器学习”。具体方法、输入与结论待进一步阅读原文。,Not extracted in this bibliographic pass,10.1007/s10287-013-0174-6,,https://doi.org/10.1007/s10287-013-0174-6,,2026-09-29
ref-ca0ea0db560a,2014,Meteorological Overview of the Devastating 27 April 2011 Tornado Outbreak,Kevin R. Knupp; Todd A. Murphy; Timothy A. Coleman; Ryan A. Wade; Stephanie A. Mullins; Christopher J. Schultz; Elise V. Schultz; Lawrence Carey; Adam Sherrer; Eugene W. McCaul Jr.; Brian Carcione; Stephen Latimer; Andy Kula; Kevin Laws; Patrick T. Marsh; Kim Klockow,True,Bulletin of the American Meteorological Society,journal,foundations,direct,bibliographic,Not extracted in this bibliographic pass,Not extracted; consult the primary source,Topic indexed from title and venue; exact target and horizon require source review,Bibliographic entry filed under foundations & dynamics. Open the primary source for the study's methods and findings.,已核对题名、作者、出版信息与 DOI；主题归入“物理基础与龙卷动力学”。具体方法、输入与结论待进一步阅读原文。,Not extracted in this bibliographic pass,10.1175/bams-d-11-00229.1,,https://doi.org/10.1175/bams-d-11-00229.1,,2026-09-29
ref-1d00a187f6af,2014,Pipe/duct system design for tornado missile impact loads,J. Li; S. Wang; W. Johnson,True,Nuclear Engineering and Design,journal,engineering,direct,bibliographic,Not extracted in this bibliographic pass,Not extracted; consult the primary source,Topic indexed from title and venue; exact target and horizon require source review,Bibliographic entry filed under wind engineering & structural resilience. Open the primary source for the study's methods and findings.,已核对题名、作者、出版信息与 DOI；主题归入“风工程、结构荷载与抗灾设计”。具体方法、输入与结论待进一步阅读原文。,Not extracted in this bibliographic pass,10.1016/j.nucengdes.2013.08.033,,https://doi.org/10.1016/j.nucengdes.2013.08.033,,2026-09-29
ref-4aece2ea8103,2014,Preparing for Danger: On the Impact of Tornado Watches on Tornado Casualties,Daniel Sutter; Kevin M. Simmons,True,International Journal of Mass Emergencies & Disasters,journal,social,direct,bibliographic,Not extracted in this bibliographic pass,Not extracted; consult the primary source,Topic indexed from title and venue; exact target and horizon require source review,"Bibliographic entry filed under warnings, health & social response. Open the primary source for the study's methods and findings.",已核对题名、作者、出版信息与 DOI；主题归入“预警传播、健康与社会响应”。具体方法、输入与结论待进一步阅读原文。,Not extracted in this bibliographic pass,10.1177/028072701403200101,,https://doi.org/10.1177/028072701403200101,,2026-09-29
ref-7a71d5d86013,2014,Prevalence and predictors of PTSD and depression among adolescent victims of the Spring 2011 tornado outbreak,Zachary W. Adams; Jennifer A. Sumner; Carla Kmett Danielson; Jenna L. McCauley; Heidi S. Resnick; Kirstin Grös; Lisa A. Paul; Kyleen E. Welsh; Kenneth J. Ruggiero,True,Journal of Child Psychology and Psychiatry,journal,social,direct,bibliographic,Not extracted in this bibliographic pass,Not extracted; consult the primary source,Topic indexed from title and venue; exact target and horizon require source review,"Bibliographic entry filed under warnings, health & social response. Open the primary source for the study's methods and findings.",已核对题名、作者、出版信息与 DOI；主题归入“预警传播、健康与社会响应”。具体方法、输入与结论待进一步阅读原文。,Not extracted in this bibliographic pass,10.1111/jcpp.12220,,https://doi.org/10.1111/jcpp.12220,,2026-09-29
ref-ef634f4255b3,2014,Quantitative Insight into Rational Tornado Design Wind Speeds for Residential Wood-Frame Structures Using Fragility Approach,M. Omar Amini; John W. van de Lindt,True,Journal of Structural Engineering,journal,engineering,direct,bibliographic,Not extracted in this bibliographic pass,Not extracted; consult the primary source,Topic indexed from title and venue; exact target and horizon require source review,Bibliographic entry filed under wind engineering & structural resilience. Open the primary source for the study's methods and findings.,已核对题名、作者、出版信息与 DOI；主题归入“风工程、结构荷载与抗灾设计”。具体方法、输入与结论待进一步阅读原文。,Not extracted in this bibliographic pass,10.1061/(asce)st.1943-541x.0000914,,https://doi.org/10.1061/%28asce%29st.1943-541x.0000914,,2026-09-29
ref-4fb342477b22,2014,Ranking of Tornado Outbreaks across the United States and Their Climatological Characteristics,Christopher M. Fuhrmann; Charles E. Konrad II; Margaret M. Kovach; Jordan T. McLeod; William G. Schmitz; P. Grady Dixon,True,Weather and Forecasting,journal,climatology,direct,bibliographic,Not extracted in this bibliographic pass,Not extracted; consult the primary source,Topic indexed from title and venue; exact target and horizon require source review,Bibliographic entry filed under climatology & environments. Open the primary source for the study's methods and findings.,已核对题名、作者、出版信息与 DOI；主题归入“气候统计、环境与区域研究”。具体方法、输入与结论待进一步阅读原文。,Not extracted in this bibliographic pass,10.1175/waf-d-13-00128.1,,https://doi.org/10.1175/waf-d-13-00128.1,,2026-09-29
ref-a228854e52b8,2014,S0540203 Influence of moving tornado-like swirl flow on structures using numerical simulation,Mamoru WATANABE,True,"The Proceedings of Mechanical Engineering Congress, Japan",conference,foundations,direct,bibliographic,Not extracted in this bibliographic pass,Not extracted; consult the primary source,Topic indexed from title and venue; exact target and horizon require source review,Bibliographic entry filed under foundations & dynamics. Open the primary source for the study's methods and findings.,已核对题名、作者、出版信息与 DOI；主题归入“物理基础与龙卷动力学”。具体方法、输入与结论待进一步阅读原文。,Not extracted in this bibliographic pass,10.1299/jsmemecj.2014._s0540203-,,https://doi.org/10.1299/jsmemecj.2014._s0540203-,,2026-09-29
molthan2014,2014,Satellite-based identification of tornado damage tracks from the 27 April 2011 severe weather outbreak,Andrew Molthan; Jordan Bell; Tony Cole; Jason Burks,True,Journal of Operational Meteorology,journal,impacts,direct,annotated,Satellite damage-track mapping,Post-event satellite observations,Identification of tornado damage tracks after an outbreak,Investigates satellite identification of tornado damage tracks following the 27 April 2011 outbreak.,研究如何从卫星观测中识别2011年4月27日龙卷爆发后的灾损路径，补入传统遥感灾后制图方法。,United States,10.15191/nwajom.2014.0216,,https://doi.org/10.15191/nwajom.2014.0216,,2026-09-29
ref-d7940b350d64,2014,Some Considerations for the Use of High-Resolution Mobile Radar Data in Tornado Intensity Determination,Jeffrey C. Snyder; Howard B. Bluestein,True,Weather and Forecasting,journal,rating,direct,bibliographic,Not extracted in this bibliographic pass,Not extracted; consult the primary source,Topic indexed from title and venue; exact target and horizon require source review,Bibliographic entry filed under intensity & damage-based rating. Open the primary source for the study's methods and findings.,已核对题名、作者、出版信息与 DOI；主题归入“强度估计与灾损分级”。具体方法、输入与结论待进一步阅读原文。,Not extracted in this bibliographic pass,10.1175/waf-d-14-00026.1,,https://doi.org/10.1175/waf-d-14-00026.1,,2026-09-29
vandenbroeke2014,2014,Spatial and Temporal Characteristics of Polarimetric Tornadic Debris Signatures,Matthew S. Van Den Broeke; Scott T. Jauernic,True,Journal of Applied Meteorology and Climatology,journal,radar,direct,annotated,Debris-signature analysis,Polarimetric radar,Debris-signature spatial/temporal characteristics,Read for variability in the radar evidence used to associate debris with tornadoes.,理解碎片特征的空间与时间变化，不将某一个瞬时特征视为通用判据。,Unspecified,10.1175/JAMC-D-14-0094.1,,https://doi.org/10.1175/JAMC-D-14-0094.1,,2026-09-29
ref-98f8f3cfc67f,2014,"Spatiotemporal Changes in Tornado Hazard Exposure: The Case of the Expanding Bull’s-Eye Effect in Chicago, Illinois",Walker S. Ashley; Stephen Strader; Troy Rosencrants; Andrew J. Krmenec,True,"Weather, Climate, and Society",journal,climatology,direct,bibliographic,Not extracted in this bibliographic pass,Not extracted; consult the primary source,Topic indexed from title and venue; exact target and horizon require source review,Bibliographic entry filed under climatology & environments. Open the primary source for the study's methods and findings.,已核对题名、作者、出版信息与 DOI；主题归入“气候统计、环境与区域研究”。具体方法、输入与结论待进一步阅读原文。,Not extracted in this bibliographic pass,10.1175/wcas-d-13-00047.1,,https://doi.org/10.1175/wcas-d-13-00047.1,,2026-09-29
markowski2014,2014,The Influence of Environmental Low-Level Shear and Cold Pools on Tornadogenesis: Insights from Idealized Simulations,Paul M. Markowski; Yvette P. Richardson,True,Journal of the Atmospheric Sciences,journal,foundations,direct,annotated,Idealized heat-source and heat-sink experiments,Environmental low-level shear and controlled cold pools,Sensitivity of near-surface vortex formation,Separates the roles of low-level shear and cooling in idealized supercell-like flows to study conditions favoring near-surface vortices.,通过理想化加热与冷却试验分离低层切变和冷池的作用，分析有利于近地面强涡旋形成的条件。,Idealized simulation,10.1175/jas-d-13-0159.1,,https://doi.org/10.1175/jas-d-13-0159.1,,2026-09-29
ref-c048e7ef6054,2014,The Influence of Previous Disaster Experience and Sociodemographics on Protective Behaviors during Two Successive Tornado Events,Amber Silver; Jean Andrey,True,"Weather, Climate, and Society",journal,social,direct,bibliographic,Not extracted in this bibliographic pass,Not extracted; consult the primary source,Topic indexed from title and venue; exact target and horizon require source review,"Bibliographic entry filed under warnings, health & social response. Open the primary source for the study's methods and findings.",已核对题名、作者、出版信息与 DOI；主题归入“预警传播、健康与社会响应”。具体方法、输入与结论待进一步阅读原文。,Not extracted in this bibliographic pass,10.1175/wcas-d-13-00026.1,,https://doi.org/10.1175/wcas-d-13-00026.1,,2026-09-29
ref-1a04d7829f88,2014,The Role of Multiple-Vortex Tornado Structure in Causing Storm Researcher Fatalities,Joshua Wurman; Karen Kosiba; Paul Robinson; Tim Marshall,True,Bulletin of the American Meteorological Society,journal,social,direct,bibliographic,Not extracted in this bibliographic pass,Not extracted; consult the primary source,Topic indexed from title and venue; exact target and horizon require source review,"Bibliographic entry filed under warnings, health & social response. Open the primary source for the study's methods and findings.",已核对题名、作者、出版信息与 DOI；主题归入“预警传播、健康与社会响应”。具体方法、输入与结论待进一步阅读原文。,Not extracted in this bibliographic pass,10.1175/bams-d-13-00221.1,,https://doi.org/10.1175/bams-d-13-00221.1,,2026-09-29
ref-8784816f4b72,2014,Tornado Climatology of Turkey,Abdullah Kahraman; Paul M. Markowski,True,Monthly Weather Review,journal,climatology,direct,bibliographic,Not extracted in this bibliographic pass,Not extracted; consult the primary source,Topic indexed from title and venue; exact target and horizon require source review,Bibliographic entry filed under climatology & environments. Open the primary source for the study's methods and findings.,已核对题名、作者、出版信息与 DOI；主题归入“气候统计、环境与区域研究”。具体方法、输入与结论待进一步阅读原文。,Not extracted in this bibliographic pass,10.1175/mwr-d-13-00364.1,,https://doi.org/10.1175/mwr-d-13-00364.1,,2026-09-29
ref-644ce24ae828,2014,Tornado folk science in Alabama and Mississippi in the 27 April 2011 tornado outbreak,Kimberly E. Klockow; Randy A. Peppler; Renee A. McPherson,True,GeoJournal,journal,foundations,direct,bibliographic,Not extracted in this bibliographic pass,Not extracted; consult the primary source,Topic indexed from title and venue; exact target and horizon require source review,Bibliographic entry filed under foundations & dynamics. Open the primary source for the study's methods and findings.,已核对题名、作者、出版信息与 DOI；主题归入“物理基础与龙卷动力学”。具体方法、输入与结论待进一步阅读原文。,Not extracted in this bibliographic pass,10.1007/s10708-013-9518-6,,https://doi.org/10.1007/s10708-013-9518-6,,2026-09-29
ref-464dd8cf296e,2014,Tornado Intensity Estimated from Damage Path Dimensions,James B. Elsner; Thomas H. Jagger; Ian J. Elsner,True,PLoS ONE,journal,rating,direct,bibliographic,Not extracted in this bibliographic pass,Not extracted; consult the primary source,Topic indexed from title and venue; exact target and horizon require source review,Bibliographic entry filed under intensity & damage-based rating. Open the primary source for the study's methods and findings.,已核对题名、作者、出版信息与 DOI；主题归入“强度估计与灾损分级”。具体方法、输入与结论待进一步阅读原文。,Not extracted in this bibliographic pass,10.1371/journal.pone.0107571,,https://doi.org/10.1371/journal.pone.0107571,,2026-09-29
ref-a962d75a4a65,2014,Tornado Warning Trade-Offs: Evaluating Choices for Visually Communicating Risk,Kevin D. Ash; Ronald L. Schumann III; Gregg C. Bowser,True,"Weather, Climate, and Society",journal,social,direct,bibliographic,Not extracted in this bibliographic pass,Not extracted; consult the primary source,Topic indexed from title and venue; exact target and horizon require source review,"Bibliographic entry filed under warnings, health & social response. Open the primary source for the study's methods and findings.",已核对题名、作者、出版信息与 DOI；主题归入“预警传播、健康与社会响应”。具体方法、输入与结论待进一步阅读原文。,Not extracted in this bibliographic pass,10.1175/wcas-d-13-00021.1,,https://doi.org/10.1175/wcas-d-13-00021.1,,2026-09-29
ref-0adbedd5b30b,2013,A point process model for tornado report climatology,Dmitriy Karpman; Marco A.R. Ferreira; Christopher K. Wikle,True,Stat,journal,climatology,direct,bibliographic,Not extracted in this bibliographic pass,Not extracted; consult the primary source,Topic indexed from title and venue; exact target and horizon require source review,Bibliographic entry filed under climatology & environments. Open the primary source for the study's methods and findings.,已核对题名、作者、出版信息与 DOI；主题归入“气候统计、环境与区域研究”。具体方法、输入与结论待进一步阅读原文。,Not extracted in this bibliographic pass,10.1002/sta4.14,,https://doi.org/10.1002/sta4.14,,2026-09-29
ref-eec7dc805cc3,2013,"Analysis of Tornado-Induced Tree Fall Using Aerial Photography from the Joplin, Missouri, and Tuscaloosa–Birmingham, Alabama, Tornadoes of 2011",Christopher D. Karstens; William A. Gallus; Bruce D. Lee; Catherine A. Finley,True,Journal of Applied Meteorology and Climatology,journal,impacts,direct,bibliographic,Not extracted in this bibliographic pass,Not extracted; consult the primary source,Topic indexed from title and venue; exact target and horizon require source review,Bibliographic entry filed under damage recognition & impacts. Open the primary source for the study's methods and findings.,已核对题名、作者、出版信息与 DOI；主题归入“灾后视觉识别与影响评估”。具体方法、输入与结论待进一步阅读原文。,Not extracted in this bibliographic pass,10.1175/jamc-d-12-0206.1,,https://doi.org/10.1175/jamc-d-12-0206.1,,2026-09-29
ref-c1f8b4344663,2013,Behavior of Flying Debris in Tornado-like Flow,Minoru NODA; Kazuhito MASAI; Megumi NINOMIYA; Fumiaki NAGAO,True,Journal of Wind Engineering,journal,foundations,direct,bibliographic,Not extracted in this bibliographic pass,Not extracted; consult the primary source,Topic indexed from title and venue; exact target and horizon require source review,Bibliographic entry filed under foundations & dynamics. Open the primary source for the study's methods and findings.,已核对题名、作者、出版信息与 DOI；主题归入“物理基础与龙卷动力学”。具体方法、输入与结论待进一步阅读原文。,Not extracted in this bibliographic pass,10.5359/jwe.38.63,,https://doi.org/10.5359/jwe.38.63,,2026-09-29
ref-e5a02155a7c4,2013,Characteristics of internal pressures and net local roof wind forces on a building exposed to a tornado-like vortex,Sabareesh Geetha Rajasekharan; Masahiro Matsui; Yukio Tamura,True,Journal of Wind Engineering and Industrial Aerodynamics,journal,engineering,direct,bibliographic,Not extracted in this bibliographic pass,Not extracted; consult the primary source,Topic indexed from title and venue; exact target and horizon require source review,Bibliographic entry filed under wind engineering & structural resilience. Open the primary source for the study's methods and findings.,已核对题名、作者、出版信息与 DOI；主题归入“风工程、结构荷载与抗灾设计”。具体方法、输入与结论待进一步阅读原文。,Not extracted in this bibliographic pass,10.1016/j.jweia.2012.11.005,,https://doi.org/10.1016/j.jweia.2012.11.005,,2026-09-29
ref-40bdfbc59d5d,2013,Classifying Proximity Soundings with Self-Organizing Maps toward Improving Supercell and Tornado Forecasting,Christopher J. Nowotarski; Anders A. Jensen,True,Weather and Forecasting,journal,forecast,direct,bibliographic,Not extracted in this bibliographic pass,Not extracted; consult the primary source,Topic indexed from title and venue; exact target and horizon require source review,Bibliographic entry filed under probabilistic guidance & operations. Open the primary source for the study's methods and findings.,已核对题名、作者、出版信息与 DOI；主题归入“概率预报、数值模式与业务应用”。具体方法、输入与结论待进一步阅读原文。,Not extracted in this bibliographic pass,10.1175/waf-d-12-00125.1,,https://doi.org/10.1175/waf-d-12-00125.1,,2026-09-29
ref-d975f619f7bc,2013,Comparison of Mobile-Radar Measurements of Tornado Intensity with Corresponding WSR-88D Measurements,M. Toth; R. J. Trapp; J. Wurman; K. A. Kosiba,True,Weather and Forecasting,journal,rating,direct,bibliographic,Not extracted in this bibliographic pass,Not extracted; consult the primary source,Topic indexed from title and venue; exact target and horizon require source review,Bibliographic entry filed under intensity & damage-based rating. Open the primary source for the study's methods and findings.,已核对题名、作者、出版信息与 DOI；主题归入“强度估计与灾损分级”。具体方法、输入与结论待进一步阅读原文。,Not extracted in this bibliographic pass,10.1175/waf-d-12-00019.1,,https://doi.org/10.1175/waf-d-12-00019.1,,2026-09-29
ref-2c9e5a2a611e,2013,Concentric waves and short‐period oscillations observed in the ionosphere after the 2013 Moore EF5 tornado,Michi Nishioka; Takuya Tsugawa; Minoru Kubota; Mamoru Ishii,True,Geophysical Research Letters,journal,climatology,direct,bibliographic,Not extracted in this bibliographic pass,Not extracted; consult the primary source,Topic indexed from title and venue; exact target and horizon require source review,Bibliographic entry filed under climatology & environments. Open the primary source for the study's methods and findings.,已核对题名、作者、出版信息与 DOI；主题归入“气候统计、环境与区域研究”。具体方法、输入与结论待进一步阅读原文。,Not extracted in this bibliographic pass,10.1002/2013gl057963,,https://doi.org/10.1002/2013gl057963,,2026-09-29
ref-706a2d5dc1bb,2013,Current Challenges in Tornado Forecast and Warning,Greg Carbin; Pamela Heinselman; David Stensrud,True,International Journal of Mass Emergencies & Disasters,journal,evaluation,direct,bibliographic,Not extracted in this bibliographic pass,Not extracted; consult the primary source,Topic indexed from title and venue; exact target and horizon require source review,"Bibliographic entry filed under evaluation, uncertainty & reviews. Open the primary source for the study's methods and findings.",已核对题名、作者、出版信息与 DOI；主题归入“评估、不确定性与综述”。具体方法、输入与结论待进一步阅读原文。,Not extracted in this bibliographic pass,10.1177/028072701303100303,,https://doi.org/10.1177/028072701303100303,,2026-09-29
ref-7662e3c34485,2013,"Daily Variation in Natural Disaster Casualties: Information Flows, Safety, and Opportunity Costs in Tornado Versus Hurricane Strikes",Sammy Zahran; Daniele Tavani; Stephan Weiler,True,Risk Analysis,journal,social,direct,bibliographic,Not extracted in this bibliographic pass,Not extracted; consult the primary source,Topic indexed from title and venue; exact target and horizon require source review,"Bibliographic entry filed under warnings, health & social response. Open the primary source for the study's methods and findings.",已核对题名、作者、出版信息与 DOI；主题归入“预警传播、健康与社会响应”。具体方法、输入与结论待进一步阅读原文。,Not extracted in this bibliographic pass,10.1111/j.1539-6924.2012.01920.x,,https://doi.org/10.1111/j.1539-6924.2012.01920.x,,2026-09-29
ref-d6a1b93ad7d0,2013,Development of the EF-Scale for Tornado Intensity,"Kishor C. Mehta; National Wind Institute (NWI), Texas Tech University, 2500 Broadway, Lubbock, TX 79409, USA",True,Journal of Disaster Research,journal,rating,direct,bibliographic,Not extracted in this bibliographic pass,Not extracted; consult the primary source,Topic indexed from title and venue; exact target and horizon require source review,Bibliographic entry filed under intensity & damage-based rating. Open the primary source for the study's methods and findings.,已核对题名、作者、出版信息与 DOI；主题归入“强度估计与灾损分级”。具体方法、输入与结论待进一步阅读原文。,Not extracted in this bibliographic pass,10.20965/jdr.2013.p1034,,https://doi.org/10.20965/jdr.2013.p1034,,2026-09-29
ref-55c9ee740d22,2013,Dual-Objective-Based Tornado Design Philosophy,John W. van de Lindt; Shiling Pei; Thang Dao; Andrew Graettinger; David O. Prevatt; Rakesh Gupta; William Coulbourne,True,Journal of Structural Engineering,journal,foundations,direct,bibliographic,Not extracted in this bibliographic pass,Not extracted; consult the primary source,Topic indexed from title and venue; exact target and horizon require source review,Bibliographic entry filed under foundations & dynamics. Open the primary source for the study's methods and findings.,已核对题名、作者、出版信息与 DOI；主题归入“物理基础与龙卷动力学”。具体方法、输入与结论待进一步阅读原文。,Not extracted in this bibliographic pass,10.1061/(asce)st.1943-541x.0000622,,https://doi.org/10.1061/%28asce%29st.1943-541x.0000622,,2026-09-29
ref-a1311b15485a,2013,Finescale Radar Observations of Tornado and Mesocyclone Structures,Joshua Wurman; Karen Kosiba,True,Weather and Forecasting,journal,radar,direct,bibliographic,Not extracted in this bibliographic pass,Not extracted; consult the primary source,Topic indexed from title and venue; exact target and horizon require source review,Bibliographic entry filed under radar signatures & tracking. Open the primary source for the study's methods and findings.,已核对题名、作者、出版信息与 DOI；主题归入“雷达特征、识别与追踪”。具体方法、输入与结论待进一步阅读原文。,Not extracted in this bibliographic pass,10.1175/waf-d-12-00127.1,,https://doi.org/10.1175/waf-d-12-00127.1,,2026-09-29
ref-13f05ee7d05a,2013,"Genesis of the Goshen County, Wyoming, Tornado on 5 June 2009 during VORTEX2",Karen Kosiba; Joshua Wurman; Yvette Richardson; Paul Markowski; Paul Robinson; James Marquis,True,Monthly Weather Review,journal,foundations,direct,bibliographic,Not extracted in this bibliographic pass,Not extracted; consult the primary source,Topic indexed from title and venue; exact target and horizon require source review,Bibliographic entry filed under foundations & dynamics. Open the primary source for the study's methods and findings.,已核对题名、作者、出版信息与 DOI；主题归入“物理基础与龙卷动力学”。具体方法、输入与结论待进一步阅读原文。,Not extracted in this bibliographic pass,10.1175/mwr-d-12-00056.1,,https://doi.org/10.1175/mwr-d-12-00056.1,,2026-09-29
ref-453c7ecfbdef,2013,"In Situ, Doppler Radar, and Video Observations of the Interior Structure of a Tornado and the Wind–Damage Relationship",Joshua Wurman; Karen Kosiba; Paul Robinson,True,Bulletin of the American Meteorological Society,journal,rating,direct,bibliographic,Not extracted in this bibliographic pass,Not extracted; consult the primary source,Topic indexed from title and venue; exact target and horizon require source review,Bibliographic entry filed under intensity & damage-based rating. Open the primary source for the study's methods and findings.,已核对题名、作者、出版信息与 DOI；主题归入“强度估计与灾损分级”。具体方法、输入与结论待进一步阅读原文。,Not extracted in this bibliographic pass,10.1175/bams-d-12-00114.1,,https://doi.org/10.1175/bams-d-12-00114.1,,2026-09-29
ref-10a257fe5b8b,2013,Integrating Economics to Improve Tornado Warning and Response,Dan Sutter; Jamie Kruse; Jeffrey K. Lazo; Erwann Michel-Kerjan; Kevin Simmons,True,International Journal of Mass Emergencies & Disasters,journal,impacts,direct,bibliographic,Not extracted in this bibliographic pass,Not extracted; consult the primary source,Topic indexed from title and venue; exact target and horizon require source review,Bibliographic entry filed under damage recognition & impacts. Open the primary source for the study's methods and findings.,已核对题名、作者、出版信息与 DOI；主题归入“灾后视觉识别与影响评估”。具体方法、输入与结论待进一步阅读原文。,Not extracted in this bibliographic pass,10.1177/028072701303100308,,https://doi.org/10.1177/028072701303100308,,2026-09-29
ref-f5b8a6b7bb84,2013,Is There an Optimal ENSO Pattern That Enhances Large-Scale Atmospheric Processes Conducive to Tornado Outbreaks in the United States?,Sang-Ki Lee; Robert Atlas; David Enfield; Chunzai Wang; Hailong Liu,True,Journal of Climate,journal,climatology,direct,bibliographic,Not extracted in this bibliographic pass,Not extracted; consult the primary source,Topic indexed from title and venue; exact target and horizon require source review,Bibliographic entry filed under climatology & environments. Open the primary source for the study's methods and findings.,已核对题名、作者、出版信息与 DOI；主题归入“气候统计、环境与区域研究”。具体方法、输入与结论待进一步阅读原文。,Not extracted in this bibliographic pass,10.1175/jcli-d-12-00128.1,,https://doi.org/10.1175/jcli-d-12-00128.1,,2026-09-29
ref-721251f6f6e1,2013,"Landspout across Novi Beograd, 24 may 2012: Synoptic analysis",Jovan Mihajlovic; Vladan Ducic; Dragan Buric; Rade Ivanovic; Dusan Ristic,True,Glasnik Srpskog geografskog drustva,journal,foundations,direct,bibliographic,Not extracted in this bibliographic pass,Not extracted; consult the primary source,Topic indexed from title and venue; exact target and horizon require source review,Bibliographic entry filed under foundations & dynamics. Open the primary source for the study's methods and findings.,已核对题名、作者、出版信息与 DOI；主题归入“物理基础与龙卷动力学”。具体方法、输入与结论待进一步阅读原文。,Not extracted in this bibliographic pass,10.2298/gsgd1302055m,,https://doi.org/10.2298/gsgd1302055m,,2026-09-29
ref-9054c4cddd48,2013,"Mortality From a Tornado Outbreak, Alabama, April 27, 2011",Cindy H. Chiu; Amy H. Schnall; Caitlin E. Mertzlufft; Rebecca S. Noe; Amy F. Wolkin; Jeanne Spears; Mary Casey-Lockyer; Sara J. Vagi,True,American Journal of Public Health,journal,social,direct,bibliographic,Not extracted in this bibliographic pass,Not extracted; consult the primary source,Topic indexed from title and venue; exact target and horizon require source review,"Bibliographic entry filed under warnings, health & social response. Open the primary source for the study's methods and findings.",已核对题名、作者、出版信息与 DOI；主题归入“预警传播、健康与社会响应”。具体方法、输入与结论待进一步阅读原文。,Not extracted in this bibliographic pass,10.2105/ajph.2013.301291,,https://doi.org/10.2105/ajph.2013.301291,,2026-09-29
ref-e6eda8be1412,2013,"Near-Surface Vortex Structure in a Tornado and in a Sub-Tornado-Strength Convective-Storm Vortex Observed by a Mobile, W-Band Radar during VORTEX2",Robin L. Tanamachi; Howard B. Bluestein; Ming Xue; Wen-Chau Lee; Krzysztof A. Orzel; Stephen J. Frasier; Roger M. Wakimoto,True,Monthly Weather Review,journal,radar,direct,bibliographic,Not extracted in this bibliographic pass,Not extracted; consult the primary source,Topic indexed from title and venue; exact target and horizon require source review,Bibliographic entry filed under radar signatures & tracking. Open the primary source for the study's methods and findings.,已核对题名、作者、出版信息与 DOI；主题归入“雷达特征、识别与追踪”。具体方法、输入与结论待进一步阅读原文。,Not extracted in this bibliographic pass,10.1175/mwr-d-12-00331.1,,https://doi.org/10.1175/mwr-d-12-00331.1,,2026-09-29
ref-897125699b6f,2013,Non-stochastic long-term prediction model for US tornado level,Lev V. Eppelbaum,True,Natural Hazards,journal,forecast,direct,bibliographic,Not extracted in this bibliographic pass,Not extracted; consult the primary source,Topic indexed from title and venue; exact target and horizon require source review,Bibliographic entry filed under probabilistic guidance & operations. Open the primary source for the study's methods and findings.,已核对题名、作者、出版信息与 DOI；主题归入“概率预报、数值模式与业务应用”。具体方法、输入与结论待进一步阅读原文。,Not extracted in this bibliographic pass,10.1007/s11069-013-0787-7,,https://doi.org/10.1007/s11069-013-0787-7,,2026-09-29
ref-47e4f9f99742,2013,Normalized tornado damage in the United States: 1950–2011,Kevin M. Simmons; Daniel Sutter; Roger Pielke,True,Environmental Hazards,journal,impacts,direct,bibliographic,Not extracted in this bibliographic pass,Not extracted; consult the primary source,Topic indexed from title and venue; exact target and horizon require source review,Bibliographic entry filed under damage recognition & impacts. Open the primary source for the study's methods and findings.,已核对题名、作者、出版信息与 DOI；主题归入“灾后视觉识别与影响评估”。具体方法、输入与结论待进一步阅读原文。,Not extracted in this bibliographic pass,10.1080/17477891.2012.738642,,https://doi.org/10.1080/17477891.2012.738642,,2026-09-29
ref-2fafec0792d0,2013,Probability of Tornado Occurrence across Canada,Vincent Y. S. Cheng; George B. Arhonditsis; David M. L. Sills; Heather Auld; Mark W. Shephard; William A. Gough; Joan Klaassen,True,Journal of Climate,journal,climatology,direct,bibliographic,Not extracted in this bibliographic pass,Not extracted; consult the primary source,Topic indexed from title and venue; exact target and horizon require source review,Bibliographic entry filed under climatology & environments. Open the primary source for the study's methods and findings.,已核对题名、作者、出版信息与 DOI；主题归入“气候统计、环境与区域研究”。具体方法、输入与结论待进一步阅读原文。,Not extracted in this bibliographic pass,10.1175/jcli-d-13-00093.1,,https://doi.org/10.1175/jcli-d-13-00093.1,,2026-09-29
diffenbaugh2013,2013,Robust increases in severe thunderstorm environments in response to greenhouse forcing,Noah S. Diffenbaugh; Martin Scherer; Robert J. Trapp,True,Proceedings of the National Academy of Sciences,journal,climatology,context,annotated,Climate-model environmental analysis,Global climate-model ensemble and severe-storm environment diagnostics,Future changes in severe-thunderstorm environments,Investigates how greenhouse forcing changes environments favorable for severe thunderstorms and potentially tornadic storms.,分析温室气体强迫下有利于强雷暴及潜在龙卷风暴的环境如何变化，补充气候背景研究。,United States,10.1073/pnas.1307758110,,https://doi.org/10.1073/pnas.1307758110,,2026-09-29
ref-d61e9b90cd95,2013,Spin-up of a magnetically driven tornado-like vortex,Tobias Vogt; Ilmārs Grants; Sven Eckert; Gunter Gerbeth,True,Journal of Fluid Mechanics,journal,foundations,context,bibliographic,Not extracted in this bibliographic pass,Not extracted; consult the primary source,Topic indexed from title and venue; exact target and horizon require source review,Bibliographic entry filed under foundations & dynamics. Open the primary source for the study's methods and findings.,已核对题名、作者、出版信息与 DOI；主题归入“物理基础与龙卷动力学”。具体方法、输入与结论待进一步阅读原文。,Not extracted in this bibliographic pass,10.1017/jfm.2013.552,,https://doi.org/10.1017/jfm.2013.552,,2026-09-29
ref-d3f43024b1c5,2013,The Decreasing Population Bias in Tornado Reports across the Central Plains,James B. Elsner; Laura E. Michaels; Kelsey N. Scheitlin; Ian J. Elsner,True,"Weather, Climate, and Society",journal,climatology,direct,bibliographic,Not extracted in this bibliographic pass,Not extracted; consult the primary source,Topic indexed from title and venue; exact target and horizon require source review,Bibliographic entry filed under climatology & environments. Open the primary source for the study's methods and findings.,已核对题名、作者、出版信息与 DOI；主题归入“气候统计、环境与区域研究”。具体方法、输入与结论待进一步阅读原文。,Not extracted in this bibliographic pass,10.1175/wcas-d-12-00040.1,,https://doi.org/10.1175/wcas-d-12-00040.1,,2026-09-29
ref-65744655f01f,2013,The Relationship between the Madden–Julian Oscillation and U.S. Violent Tornado Outbreaks in the Spring,Daniel B. Thompson; Paul E. Roundy,True,Monthly Weather Review,journal,climatology,direct,bibliographic,Not extracted in this bibliographic pass,Not extracted; consult the primary source,Topic indexed from title and venue; exact target and horizon require source review,Bibliographic entry filed under climatology & environments. Open the primary source for the study's methods and findings.,已核对题名、作者、出版信息与 DOI；主题归入“气候统计、环境与区域研究”。具体方法、输入与结论待进一步阅读原文。,Not extracted in this bibliographic pass,10.1175/mwr-d-12-00173.1,,https://doi.org/10.1175/mwr-d-12-00173.1,,2026-09-29
ref-e68ebbdb3883,2013,The Three-Dimensional Structure and Evolution of a Tornado Boundary Layer,Karen A. Kosiba; Joshua Wurman,True,Weather and Forecasting,journal,foundations,direct,bibliographic,Not extracted in this bibliographic pass,Not extracted; consult the primary source,Topic indexed from title and venue; exact target and horizon require source review,Bibliographic entry filed under foundations & dynamics. Open the primary source for the study's methods and findings.,已核对题名、作者、出版信息与 DOI；主题归入“物理基础与龙卷动力学”。具体方法、输入与结论待进一步阅读原文。,Not extracted in this bibliographic pass,10.1175/waf-d-13-00070.1,,https://doi.org/10.1175/waf-d-13-00070.1,,2026-09-29
ref-fb3d69401825,2013,"The Tornado Warning Process: A Review of Current Research, Challenges, and Opportunities",J. Brotzge; W. Donner,True,Bulletin of the American Meteorological Society,journal,evaluation,direct,bibliographic,Not extracted in this bibliographic pass,Not extracted; consult the primary source,Topic indexed from title and venue; exact target and horizon require source review,"Bibliographic entry filed under evaluation, uncertainty & reviews. Open the primary source for the study's methods and findings.",已核对题名、作者、出版信息与 DOI；主题归入“评估、不确定性与综述”。具体方法、输入与结论待进一步阅读原文。,Not extracted in this bibliographic pass,10.1175/bams-d-12-00147.1,,https://doi.org/10.1175/bams-d-12-00147.1,,2026-09-29
ref-f5371a7cf359,2013,Tornado Damage Estimation Using Polarimetric Radar,David J. Bodine; Matthew R. Kumjian; Robert D. Palmer; Pamela L. Heinselman; Alexander V. Ryzhkov,True,Weather and Forecasting,journal,evaluation,direct,bibliographic,Not extracted in this bibliographic pass,Not extracted; consult the primary source,Topic indexed from title and venue; exact target and horizon require source review,"Bibliographic entry filed under evaluation, uncertainty & reviews. Open the primary source for the study's methods and findings.",已核对题名、作者、出版信息与 DOI；主题归入“评估、不确定性与综述”。具体方法、输入与结论待进一步阅读原文。,Not extracted in this bibliographic pass,10.1175/waf-d-11-00158.1,,https://doi.org/10.1175/waf-d-11-00158.1,,2026-09-29
ref-7bf6a9a75e2a,2013,Tornado Debris Characteristics And Trajectories During The 27 April 2011 Super Outbreak As Determined Using Social Media Data,John A. Knox; Jared A. Rackley; Alan W. Black; Vittorio A. Gensini; Michael Butler; Corey Dunn; Taylor Gallo; Melyssa R. Hunter; Lauren Lindsey; Minh Phan; Robert Scroggs; Synne Brustad,True,Bulletin of the American Meteorological Society,journal,social,direct,bibliographic,Not extracted in this bibliographic pass,Not extracted; consult the primary source,Topic indexed from title and venue; exact target and horizon require source review,"Bibliographic entry filed under warnings, health & social response. Open the primary source for the study's methods and findings.",已核对题名、作者、出版信息与 DOI；主题归入“预警传播、健康与社会响应”。具体方法、输入与结论待进一步阅读原文。,Not extracted in this bibliographic pass,10.1175/bams-d-12-00036.1,,https://doi.org/10.1175/bams-d-12-00036.1,,2026-09-29
edwards2013,2013,"Tornado Intensity Estimation: Past, Present, and Future",Roger Edwards; James G. LaDue; John T. Ferree; Kevin Scharfenberg; Chris Maier; William L. Coulbourne,True,Bulletin of the American Meteorological Society,journal,rating,direct,annotated,Intensity-rating review,Damage surveys and wind observations,Tornado intensity estimation; retrospective,An essential reference on the evidence and uncertainty behind tornado ratings.,分级任务必读：弄清灾损、风速推断与等级标签之间的关系和不确定性。,Unspecified,10.1175/BAMS-D-11-00006.1,,https://journals.ametsoc.org/view/journals/bams/94/5/bams-d-11-00006.1.xml,,2026-09-29
ref-8eeef8ee16db,2013,Tornado Pathlength Forecasts from 2010 to 2011 Using Ensemble Updraft Helicity,Adam J. Clark; Jidong Gao; Patrick T. Marsh; Travis Smith; John S. Kain; James Correia Jr.; Ming Xue; Fanyou Kong,True,Weather and Forecasting,journal,forecast,direct,bibliographic,Not extracted in this bibliographic pass,Not extracted; consult the primary source,Topic indexed from title and venue; exact target and horizon require source review,Bibliographic entry filed under probabilistic guidance & operations. Open the primary source for the study's methods and findings.,已核对题名、作者、出版信息与 DOI；主题归入“概率预报、数值模式与业务应用”。具体方法、输入与结论待进一步阅读原文。,Not extracted in this bibliographic pass,10.1175/waf-d-12-00038.1,,https://doi.org/10.1175/waf-d-12-00038.1,,2026-09-29
ref-bf7b5d5c1097,2013,Variability of central United States April–May tornado day likelihood by phase of the Madden‐Julian Oscillation,Bradford S. Barrett; Victor A. Gensini,True,Geophysical Research Letters,journal,climatology,direct,bibliographic,Not extracted in this bibliographic pass,Not extracted; consult the primary source,Topic indexed from title and venue; exact target and horizon require source review,Bibliographic entry filed under climatology & environments. Open the primary source for the study's methods and findings.,已核对题名、作者、出版信息与 DOI；主题归入“气候统计、环境与区域研究”。具体方法、输入与结论待进一步阅读原文。,Not extracted in this bibliographic pass,10.1002/grl.50522,,https://doi.org/10.1002/grl.50522,,2026-09-29
ref-b7182d682706,2013,Wind Speed Estimation from Asphalt Damage by a Tornado,Minoru NODA; Fumiaki NAGAO,True,Journal of Wind Engineering,journal,rating,direct,bibliographic,Not extracted in this bibliographic pass,Not extracted; consult the primary source,Topic indexed from title and venue; exact target and horizon require source review,Bibliographic entry filed under intensity & damage-based rating. Open the primary source for the study's methods and findings.,已核对题名、作者、出版信息与 DOI；主题归入“强度估计与灾损分级”。具体方法、输入与结论待进一步阅读原文。,Not extracted in this bibliographic pass,10.5359/jwe.38.101,,https://doi.org/10.5359/jwe.38.101,,2026-09-29
ref-c6a4fe564723,2013,Wind Speed of Tornado to Make a Road Damage,"Minoru Noda; The University of Tokushima, 2-1 Minami-Josanjima, Tokushima 770-8506, Japan; Fumiaki Nagao",True,Journal of Disaster Research,journal,rating,direct,bibliographic,Not extracted in this bibliographic pass,Not extracted; consult the primary source,Topic indexed from title and venue; exact target and horizon require source review,Bibliographic entry filed under intensity & damage-based rating. Open the primary source for the study's methods and findings.,已核对题名、作者、出版信息与 DOI；主题归入“强度估计与灾损分级”。具体方法、输入与结论待进一步阅读原文。,Not extracted in this bibliographic pass,10.20965/jdr.2013.p1090,,https://doi.org/10.20965/jdr.2013.p1090,,2026-09-29
ref-4242f45f93cf,2012,A Climatology and Comparison of Parameters for Significant Tornado Events in the United States,Jeremy S. Grams; Richard L. Thompson; Darren V. Snively; Jayson A. Prentice; Gina M. Hodges; Larissa J. Reames,True,Weather and Forecasting,journal,climatology,direct,bibliographic,Not extracted in this bibliographic pass,Not extracted; consult the primary source,Topic indexed from title and venue; exact target and horizon require source review,Bibliographic entry filed under climatology & environments. Open the primary source for the study's methods and findings.,已核对题名、作者、出版信息与 DOI；主题归入“气候统计、环境与区域研究”。具体方法、输入与结论待进一步阅读原文。,Not extracted in this bibliographic pass,10.1175/waf-d-11-00008.1,,https://doi.org/10.1175/waf-d-11-00008.1,,2026-09-29
ref-ee9930c24cfc,2012,After the Storm: Personal Experiences Following an EF4 Tornado,Olivia W. May; Amy B. Bigham,True,Journal of Pediatric Nursing,journal,foundations,direct,bibliographic,Not extracted in this bibliographic pass,Not extracted; consult the primary source,Topic indexed from title and venue; exact target and horizon require source review,Bibliographic entry filed under foundations & dynamics. Open the primary source for the study's methods and findings.,已核对题名、作者、出版信息与 DOI；主题归入“物理基础与龙卷动力学”。具体方法、输入与结论待进一步阅读原文。,Not extracted in this bibliographic pass,10.1016/j.pedn.2012.02.008,,https://doi.org/10.1016/j.pedn.2012.02.008,,2026-09-29
ref-0e087662b521,2012,Apophysomyces trapeziformis Infection Associated With a Tornado-Related Injury,Gina Weddle; Kimberly Gandy; Denise Bratcher; Barbara Pahud; Mary Anne Jackson,True,Pediatric Infectious Disease Journal,journal,social,direct,bibliographic,Not extracted in this bibliographic pass,Not extracted; consult the primary source,Topic indexed from title and venue; exact target and horizon require source review,"Bibliographic entry filed under warnings, health & social response. Open the primary source for the study's methods and findings.",已核对题名、作者、出版信息与 DOI；主题归入“预警传播、健康与社会响应”。具体方法、输入与结论待进一步阅读原文。,Not extracted in this bibliographic pass,10.1097/inf.0b013e31824bcc36,,https://doi.org/10.1097/inf.0b013e31824bcc36,,2026-09-29
ref-337c7cb65412,2012,Application of a Lightning Data Assimilation Technique in the WRF-ARW Model at Cloud-Resolving Scales for the Tornado Outbreak of 24 May 2011,Alexandre O. Fierro; Edward R. Mansell; Conrad L. Ziegler; Donald R. MacGorman,True,Monthly Weather Review,journal,forecast,direct,bibliographic,Not extracted in this bibliographic pass,Not extracted; consult the primary source,Topic indexed from title and venue; exact target and horizon require source review,Bibliographic entry filed under probabilistic guidance & operations. Open the primary source for the study's methods and findings.,已核对题名、作者、出版信息与 DOI；主题归入“概率预报、数值模式与业务应用”。具体方法、输入与结论待进一步阅读原文。,Not extracted in this bibliographic pass,10.1175/mwr-d-11-00299.1,,https://doi.org/10.1175/mwr-d-11-00299.1,,2026-09-29
ref-669f4069f3b8,2012,Association of U.S. tornado occurrence with monthly environmental parameters,Michael K. Tippett; Adam H. Sobel; Suzana J. Camargo,True,Geophysical Research Letters,journal,climatology,direct,bibliographic,Not extracted in this bibliographic pass,Not extracted; consult the primary source,Topic indexed from title and venue; exact target and horizon require source review,Bibliographic entry filed under climatology & environments. Open the primary source for the study's methods and findings.,已核对题名、作者、出版信息与 DOI；主题归入“气候统计、环境与区域研究”。具体方法、输入与结论待进一步阅读原文。,Not extracted in this bibliographic pass,10.1029/2011gl050368,,https://doi.org/10.1029/2011gl050368,,2026-09-29
ref-37a9b45c554e,2012,Comments on “Tornado Risk Analysis: Is Dixie Alley an Extension of Tornado Alley?”,Patrick T. Marsh; Harold E. Brooks,True,Bulletin of the American Meteorological Society,journal,engineering,direct,bibliographic,Not extracted in this bibliographic pass,Not extracted; consult the primary source,Topic indexed from title and venue; exact target and horizon require source review,Bibliographic entry filed under wind engineering & structural resilience. Open the primary source for the study's methods and findings.,已核对题名、作者、出版信息与 DOI；主题归入“风工程、结构荷载与抗灾设计”。具体方法、输入与结论待进一步阅读原文。,Not extracted in this bibliographic pass,10.1175/bams-d-11-00200.1,,https://doi.org/10.1175/bams-d-11-00200.1,,2026-09-29
smith2012,2012,Convective Modes for Significant Severe Thunderstorms in the Contiguous United States. Part I: Storm Classification and Climatology,Bryan T. Smith; Richard L. Thompson; Jeremy S. Grams; Chris Broyles; Harold E. Brooks,True,Weather and Forecasting,journal,climatology,direct,annotated,Radar storm-mode classification,Volumetric radar and tornado/severe-storm reports during 2003–11,Convective-mode climatology; retrospective,Builds a radar-based classification of storms associated with tornadoes and other significant severe-weather reports.,依据体扫雷达对龙卷及其他显著强天气的母体风暴分类，提供比较不同对流组织类型的基础。,Contiguous United States,10.1175/waf-d-11-00115.1,,https://doi.org/10.1175/waf-d-11-00115.1,,2026-09-29
thompson2012,2012,Convective Modes for Significant Severe Thunderstorms in the Contiguous United States. Part II: Supercell and QLCS Tornado Environments,Richard L. Thompson; Bryan T. Smith; Jeremy S. Grams; Andrew R. Dean; Chris Broyles,True,Weather and Forecasting,journal,climatology,direct,annotated,Environmental parameter comparison,"Storm modes, report locations and SPC environmental analyses",Supercell versus QLCS tornado environments; retrospective,"Compares tornado environments across storm modes and seasons, connecting radar classifications with sounding-derived parameters.",结合风暴类型与环境分析，比较超级单体和QLCS龙卷在不同季节的环境条件。,Contiguous United States,10.1175/waf-d-11-00116.1,,https://doi.org/10.1175/waf-d-11-00116.1,,2026-09-29
ref-695de1473d42,2012,Dependence of surface pressures on a cubic building in tornado like flow on building location and ground roughness,Geetha Rajasekharan Sabareesh; Masahiro Matsui; Yukio Tamura,True,Journal of Wind Engineering and Industrial Aerodynamics,journal,engineering,direct,bibliographic,Not extracted in this bibliographic pass,Not extracted; consult the primary source,Topic indexed from title and venue; exact target and horizon require source review,Bibliographic entry filed under wind engineering & structural resilience. Open the primary source for the study's methods and findings.,已核对题名、作者、出版信息与 DOI；主题归入“风工程、结构荷载与抗灾设计”。具体方法、输入与结论待进一步阅读原文。,Not extracted in this bibliographic pass,10.1016/j.jweia.2012.02.011,,https://doi.org/10.1016/j.jweia.2012.02.011,,2026-09-29
ref-ea1d0b8dc46f,2012,Detection of infrasonic energy from tornado-producing storms,Carrick L. Talmadge; William G. Fraizer; Roger Waxler; Joseph C. Park; Daniel E. Kleinert; Geoffery E. Carter; Gerald Godbold; David Harris; Chad Williams; Hank R. Buchanan,True,The Journal of the Acoustical Society of America,journal,sensing,direct,bibliographic,Not extracted in this bibliographic pass,Not extracted; consult the primary source,Topic indexed from title and venue; exact target and horizon require source review,Bibliographic entry filed under novel sensing & observation. Open the primary source for the study's methods and findings.,已核对题名、作者、出版信息与 DOI；主题归入“新型观测与传感”。具体方法、输入与结论待进一步阅读原文。,Not extracted in this bibliographic pass,10.1121/1.4755643,,https://doi.org/10.1121/1.4755643,,2026-09-29
ref-7dc0706c9b96,2012,Forecasting Tornado Pathlengths Using a Three-Dimensional Object Identification Algorithm Applied to Convection-Allowing Forecasts,Adam J. Clark; John S. Kain; Patrick T. Marsh; James Correia Jr.; Ming Xue; Fanyou Kong,True,Weather and Forecasting,journal,forecast,direct,bibliographic,Not extracted in this bibliographic pass,Not extracted; consult the primary source,Topic indexed from title and venue; exact target and horizon require source review,Bibliographic entry filed under probabilistic guidance & operations. Open the primary source for the study's methods and findings.,已核对题名、作者、出版信息与 DOI；主题归入“概率预报、数值模式与业务应用”。具体方法、输入与结论待进一步阅读原文。,Not extracted in this bibliographic pass,10.1175/waf-d-11-00147.1,,https://doi.org/10.1175/waf-d-11-00147.1,,2026-09-29
ref-173d6d217fa0,2012,Large eddy simulations of translation and surface roughness effects on tornado-like vortices,Diwakar Natarajan; Horia Hangan,True,Journal of Wind Engineering and Industrial Aerodynamics,journal,foundations,direct,bibliographic,Not extracted in this bibliographic pass,Not extracted; consult the primary source,Topic indexed from title and venue; exact target and horizon require source review,Bibliographic entry filed under foundations & dynamics. Open the primary source for the study's methods and findings.,已核对题名、作者、出版信息与 DOI；主题归入“物理基础与龙卷动力学”。具体方法、输入与结论待进一步阅读原文。,Not extracted in this bibliographic pass,10.1016/j.jweia.2012.05.004,,https://doi.org/10.1016/j.jweia.2012.05.004,,2026-09-29
ref-b88672ec4bcc,2012,Making the Case for Improved Structural Design: Tornado Outbreaks of 2011,David O. Prevatt; John W. van de Lindt; Edward W. Back; Andrew J. Graettinger; Shiling Pei; William Coulbourne; Rakesh Gupta; Darryl James; Duzgun Agdas,True,Leadership and Management in Engineering,journal,engineering,direct,bibliographic,Not extracted in this bibliographic pass,Not extracted; consult the primary source,Topic indexed from title and venue; exact target and horizon require source review,Bibliographic entry filed under wind engineering & structural resilience. Open the primary source for the study's methods and findings.,已核对题名、作者、出版信息与 DOI；主题归入“风工程、结构荷载与抗灾设计”。具体方法、输入与结论待进一步阅读原文。,Not extracted in this bibliographic pass,10.1061/(asce)lm.1943-5630.0000192,,https://doi.org/10.1061/%28asce%29lm.1943-5630.0000192,,2026-09-29
ref-3e8c9b60a421,2012,"Mobile, X-band, Polarimetric Doppler Radar Observations of the 4 May 2007 Greensburg, Kansas, Tornadic Supercell",Robin L. Tanamachi; Howard B. Bluestein; Jana B. Houser; Stephen J. Frasier; Kery M. Hardwick,True,Monthly Weather Review,journal,evaluation,direct,bibliographic,Not extracted in this bibliographic pass,Not extracted; consult the primary source,Topic indexed from title and venue; exact target and horizon require source review,"Bibliographic entry filed under evaluation, uncertainty & reviews. Open the primary source for the study's methods and findings.",已核对题名、作者、出版信息与 DOI；主题归入“评估、不确定性与综述”。具体方法、输入与结论待进一步阅读原文。,Not extracted in this bibliographic pass,10.1175/mwr-d-11-00142.1,,https://doi.org/10.1175/mwr-d-11-00142.1,,2026-09-29
ref-00b11125f828,2012,"Necrotizing Cutaneous Mucormycosis after a Tornado in Joplin, Missouri, in 2011",Robyn Neblett Fanfair; Kaitlin Benedict; John Bos; Sarah D. Bennett; Yi-Chun Lo; Tolu Adebanjo; Kizee Etienne; Eszter Deak; Gordana Derado; Wun-Ju Shieh; Clifton Drew; Sherif Zaki; David Sugerman; Lalitha Gade; Elizabeth H. Thompson; Deanna A. Sutton; David M. Engelthaler; James M. Schupp; Mary E. Brandt; Julie R. Harris; Shawn R. Lockhart; George Turabelidze; Benjamin J. Park,True,New England Journal of Medicine,journal,social,direct,bibliographic,Not extracted in this bibliographic pass,Not extracted; consult the primary source,Topic indexed from title and venue; exact target and horizon require source review,"Bibliographic entry filed under warnings, health & social response. Open the primary source for the study's methods and findings.",已核对题名、作者、出版信息与 DOI；主题归入“预警传播、健康与社会响应”。具体方法、输入与结论待进一步阅读原文。,Not extracted in this bibliographic pass,10.1056/nejmoa1204781,,https://doi.org/10.1056/nejmoa1204781,,2026-09-29
ref-4f8df90ba073,2012,Recent Tornado-induced Structural Damage and Related Countermeasures,Hitomitsu KIKITSU; Koji NAKADE; Junji MAEDA,True,"Wind Engineers, JAWE",journal,engineering,direct,bibliographic,Not extracted in this bibliographic pass,Not extracted; consult the primary source,Topic indexed from title and venue; exact target and horizon require source review,Bibliographic entry filed under wind engineering & structural resilience. Open the primary source for the study's methods and findings.,已核对题名、作者、出版信息与 DOI；主题归入“风工程、结构荷载与抗灾设计”。具体方法、输入与结论待进一步阅读原文。,Not extracted in this bibliographic pass,10.5359/jawe.37.98,,https://doi.org/10.5359/jawe.37.98,,2026-09-29
ref-73670e4ab551,2012,Reply to “Comments on ‘Tornado Risk Analysis: Is Dixie Alley an Extension of Tornado Alley?’”,P. Grady Dixon; Andrew E. Mercer,True,Bulletin of the American Meteorological Society,journal,engineering,direct,bibliographic,Not extracted in this bibliographic pass,Not extracted; consult the primary source,Topic indexed from title and venue; exact target and horizon require source review,Bibliographic entry filed under wind engineering & structural resilience. Open the primary source for the study's methods and findings.,已核对题名、作者、出版信息与 DOI；主题归入“风工程、结构荷载与抗灾设计”。具体方法、输入与结论待进一步阅读原文。,Not extracted in this bibliographic pass,10.1175/bams-d-11-00219.1,,https://doi.org/10.1175/bams-d-11-00219.1,,2026-09-29
atkins2012,2012,The LaGrange Tornado during VORTEX2. Part II: Photogrammetric Analysis of the Tornado Combined with Dual-Doppler Radar Data,Nolan T. Atkins; Anthony McGee; Rachel Ducharme; Roger M. Wakimoto; Joshua Wurman,True,Monthly Weather Review,journal,sensing,direct,annotated,Photogrammetry and dual-Doppler synthesis,Cloud photographs and dual-Doppler radar,Relationship between visible funnel and tornado circulation; retrospective,Combines photography and radar to examine how the visible funnel relates to the tornado and its parent circulation.,将云体摄影测量与双多普勒雷达结合，比较可见漏斗与龙卷环流、中气旋的对应关系。,"Wyoming, United States",10.1175/mwr-d-11-00285.1,,https://doi.org/10.1175/mwr-d-11-00285.1,,2026-09-29
vortex2012,2012,The Second Verification of the Origins of Rotation in Tornadoes Experiment: VORTEX2,Joshua Wurman; David Dowell; Yvette Richardson; Paul Markowski; Erik Rasmussen; Donald Burgess; Louis Wicker; Howard B. Bluestein,True,Bulletin of the American Meteorological Society,journal,data,direct,annotated,Multi-platform field-campaign overview,"Mobile radars, mesonets, soundings, photography and damage surveys","Observation of tornado formation, maintenance and decay","Documents the VORTEX2 campaign design and its coordinated observations of tornadoes, parent storms and near-storm environments.",介绍VORTEX2多平台外场试验及其对龙卷、母体风暴和环境的协同观测，补充基准数据背后的观测来源。,United States,10.1175/bams-d-11-00010.1,,https://doi.org/10.1175/bams-d-11-00010.1,,2026-09-29
brown2012,2012,The Tornadic Vortex Signature: An Update,Rodger A. Brown; Vincent T. Wood,True,Weather and Forecasting,journal,radar,direct,annotated,Signature interpretation,Doppler velocity,TVS interpretation under radar sampling,Read for the difference between an actual vortex and its radar-sampled signature.,理解实际涡旋与雷达采样后 TVS 之间的差异，避免把像素特征当物理真值。,Unspecified,10.1175/WAF-D-11-00111.1,,https://journals.ametsoc.org/abstract/journals/wefo/27/2/waf-d-11-00111_1.xml,,2026-09-29
ref-03dccd78c681,2012,Tornado Climatology of Finland,Jenni Rauhala; Harold E. Brooks; David M. Schultz,True,Monthly Weather Review,journal,climatology,direct,bibliographic,Not extracted in this bibliographic pass,Not extracted; consult the primary source,Topic indexed from title and venue; exact target and horizon require source review,Bibliographic entry filed under climatology & environments. Open the primary source for the study's methods and findings.,已核对题名、作者、出版信息与 DOI；主题归入“气候统计、环境与区域研究”。具体方法、输入与结论待进一步阅读原文。,Not extracted in this bibliographic pass,10.1175/mwr-d-11-00196.1,,https://doi.org/10.1175/mwr-d-11-00196.1,,2026-09-29
ref-7a3dd285f71d,2012,Tornado Maintenance Investigated with High-Resolution Dual-Doppler and EnKF Analysis,James Marquis; Yvette Richardson; Paul Markowski; David Dowell; Joshua Wurman,True,Monthly Weather Review,journal,forecast,direct,bibliographic,Not extracted in this bibliographic pass,Not extracted; consult the primary source,Topic indexed from title and venue; exact target and horizon require source review,Bibliographic entry filed under probabilistic guidance & operations. Open the primary source for the study's methods and findings.,已核对题名、作者、出版信息与 DOI；主题归入“概率预报、数值模式与业务应用”。具体方法、输入与结论待进一步阅读原文。,Not extracted in this bibliographic pass,10.1175/mwr-d-11-00025.1,,https://doi.org/10.1175/mwr-d-11-00025.1,,2026-09-29
ref-cb348a3ecd05,2012,Tornado Vulnerability in Texas,Richard W. Dixon; Todd W. Moore,True,"Weather, Climate, and Society",journal,foundations,direct,bibliographic,Not extracted in this bibliographic pass,Not extracted; consult the primary source,Topic indexed from title and venue; exact target and horizon require source review,Bibliographic entry filed under foundations & dynamics. Open the primary source for the study's methods and findings.,已核对题名、作者、出版信息与 DOI；主题归入“物理基础与龙卷动力学”。具体方法、输入与结论待进一步阅读原文。,Not extracted in this bibliographic pass,10.1175/wcas-d-11-00004.1,,https://doi.org/10.1175/wcas-d-11-00004.1,,2026-09-29
ref-8d423febc97a,2012,Tornado-Borne Debris,Takashi MARUYAMA; Minoru NODA,True,"Wind Engineers, JAWE",journal,foundations,direct,bibliographic,Not extracted in this bibliographic pass,Not extracted; consult the primary source,Topic indexed from title and venue; exact target and horizon require source review,Bibliographic entry filed under foundations & dynamics. Open the primary source for the study's methods and findings.,已核对题名、作者、出版信息与 DOI；主题归入“物理基础与龙卷动力学”。具体方法、输入与结论待进一步阅读原文。,Not extracted in this bibliographic pass,10.5359/jawe.37.124,,https://doi.org/10.5359/jawe.37.124,,2026-09-29
ref-4fde4bd7339d,2012,Tropical cyclone-tornado casualties,Todd W. Moore; Richard W. Dixon,True,Natural Hazards,journal,social,direct,bibliographic,Not extracted in this bibliographic pass,Not extracted; consult the primary source,Topic indexed from title and venue; exact target and horizon require source review,"Bibliographic entry filed under warnings, health & social response. Open the primary source for the study's methods and findings.",已核对题名、作者、出版信息与 DOI；主题归入“预警传播、健康与社会响应”。具体方法、输入与结论待进一步阅读原文。,Not extracted in this bibliographic pass,10.1007/s11069-011-0050-z,,https://doi.org/10.1007/s11069-011-0050-z,,2026-09-29
ref-23c04c632a1b,2012,"Whole Genome Sequence Typing to Investigate the Apophysomyces Outbreak following a Tornado in Joplin, Missouri, 2011",Kizee A. Etienne; John Gillece; Remy Hilsabeck; Jim M. Schupp; Rebecca Colman; Shawn R. Lockhart; Lalitha Gade; Elizabeth H. Thompson; Deanna A. Sutton; Robyn Neblett-Fanfair; Benjamin J. Park; George Turabelidze; Paul Keim; Mary E. Brandt; Eszter Deak; David M. Engelthaler,True,PLoS ONE,journal,social,direct,bibliographic,Not extracted in this bibliographic pass,Not extracted; consult the primary source,Topic indexed from title and venue; exact target and horizon require source review,"Bibliographic entry filed under warnings, health & social response. Open the primary source for the study's methods and findings.",已核对题名、作者、出版信息与 DOI；主题归入“预警传播、健康与社会响应”。具体方法、输入与结论待进一步阅读原文。,Not extracted in this bibliographic pass,10.1371/journal.pone.0049989,,https://doi.org/10.1371/journal.pone.0049989,,2026-09-29
ref-a8a4c438852a,2011,A 5-yr Climatology of Tornado False Alarms,J. Brotzge; S. Erickson; H. Brooks,True,Weather and Forecasting,journal,evaluation,direct,annotated,Retrospective warning-verification climatology,"U.S. tornado warnings and verification records, 2000–2004",False-alarm characteristics of issued warnings; retrospective evaluation,"Examines how tornado-warning false alarms vary with location, timing and observation context in a five-year operational record.",利用五年业务预警记录研究空报的时空差异，为解释龙卷预警质量及其观测、地域依赖提供依据。,United States,10.1175/waf-d-10-05004.1,,https://doi.org/10.1175/waf-d-10-05004.1,,2026-09-29
ref-0db19b262016,2011,A Preliminary Look at the Social Perspective of Warn-on-Forecast: Preferred Tornado Warning Lead Time and the General Public’s Perceptions of Weather Risks,S. Hoekstra; K. Klockow; R. Riley; J. Brotzge; H. Brooks; S. Erickson,True,"Weather, Climate, and Society",journal,social,direct,bibliographic,Not extracted in this bibliographic pass,Not extracted; consult the primary source,Topic indexed from title and venue; exact target and horizon require source review,"Bibliographic entry filed under warnings, health & social response. Open the primary source for the study's methods and findings.",已核对题名、作者、出版信息与 DOI；主题归入“预警传播、健康与社会响应”。具体方法、输入与结论待进一步阅读原文。,Not extracted in this bibliographic pass,10.1175/2011wcas1076.1,,https://doi.org/10.1175/2011wcas1076.1,,2026-09-29
ref-10cdfedab052,2011,A tornado and waterspout climatology for Greece,Michalis V. Sioutas,True,Atmospheric Research,journal,climatology,direct,bibliographic,Not extracted in this bibliographic pass,Not extracted; consult the primary source,Topic indexed from title and venue; exact target and horizon require source review,Bibliographic entry filed under climatology & environments. Open the primary source for the study's methods and findings.,已核对题名、作者、出版信息与 DOI；主题归入“气候统计、环境与区域研究”。具体方法、输入与结论待进一步阅读原文。,Not extracted in this bibliographic pass,10.1016/j.atmosres.2010.08.011,,https://doi.org/10.1016/j.atmosres.2010.08.011,,2026-09-29
ref-541023d3f39a,2011,An experimental study of a high-rise building model in tornado-like winds,Zifeng Yang; Partha Sarkar; Hui Hu,True,Journal of Fluids and Structures,journal,engineering,direct,bibliographic,Not extracted in this bibliographic pass,Not extracted; consult the primary source,Topic indexed from title and venue; exact target and horizon require source review,Bibliographic entry filed under wind engineering & structural resilience. Open the primary source for the study's methods and findings.,已核对题名、作者、出版信息与 DOI；主题归入“风工程、结构荷载与抗灾设计”。具体方法、输入与结论待进一步阅读原文。,Not extracted in this bibliographic pass,10.1016/j.jfluidstructs.2011.02.011,,https://doi.org/10.1016/j.jfluidstructs.2011.02.011,,2026-09-29
ref-28135ae5bfaf,2011,Behaviour of guyed transmission line structures under tornado wind loading,A. Hamada; A.A. El Damatty,True,Computers & Structures,journal,engineering,direct,bibliographic,Not extracted in this bibliographic pass,Not extracted; consult the primary source,Topic indexed from title and venue; exact target and horizon require source review,Bibliographic entry filed under wind engineering & structural resilience. Open the primary source for the study's methods and findings.,已核对题名、作者、出版信息与 DOI；主题归入“风工程、结构荷载与抗灾设计”。具体方法、输入与结论待进一步阅读原文。,Not extracted in this bibliographic pass,10.1016/j.compstruc.2011.01.015,,https://doi.org/10.1016/j.compstruc.2011.01.015,,2026-09-29
ref-f94dc15194aa,2011,Characterization of the wind loads and flow fields around a gable-roof building model in tornado-like winds,Hui Hu; Zifeng Yang; Partha Sarkar; Fred Haan,True,Experiments in Fluids,journal,engineering,direct,bibliographic,Not extracted in this bibliographic pass,Not extracted; consult the primary source,Topic indexed from title and venue; exact target and horizon require source review,Bibliographic entry filed under wind engineering & structural resilience. Open the primary source for the study's methods and findings.,已核对题名、作者、出版信息与 DOI；主题归入“风工程、结构荷载与抗灾设计”。具体方法、输入与结论待进一步阅读原文。,Not extracted in this bibliographic pass,10.1007/s00348-011-1102-6,,https://doi.org/10.1007/s00348-011-1102-6,,2026-09-29
ref-e183b85650d3,2011,"Detection of Tornado Frequency Trend Over Ontario, Canada",Zuohao Cao,True,The Open Atmospheric Science Journal,journal,climatology,direct,bibliographic,Not extracted in this bibliographic pass,Not extracted; consult the primary source,Topic indexed from title and venue; exact target and horizon require source review,Bibliographic entry filed under climatology & environments. Open the primary source for the study's methods and findings.,已核对题名、作者、出版信息与 DOI；主题归入“气候统计、环境与区域研究”。具体方法、输入与结论待进一步阅读原文。,Not extracted in this bibliographic pass,10.2174/1874282301105010027,,https://doi.org/10.2174/1874282301105010027,,2026-09-29
alberts2011,2011,Evaluation of Weather Radar with Pulse Compression: Performance of a Fuzzy Logic Tornado Detection Algorithm,Timothy A. Alberts; Phillip B. Chilson; B. L. Cheong; R. D. Palmer,True,Journal of Atmospheric and Oceanic Technology,journal,radar,direct,annotated,Pulse-compression and fuzzy-detection experiments,Simulated and experimental phase-coded radar data,Effect of radar waveform processing on tornado detection,Examines whether pulse compression preserves tornado-detection information when a fuzzy-logic detector processes the resulting radar data.,研究脉冲压缩处理如何影响模糊逻辑龙卷检测，补充雷达波形与信号处理对识别能力的影响。,Radar simulation and experimental observations,10.1175/2010jtecha1409.1,,https://doi.org/10.1175/2010jtecha1409.1,,2026-09-29
ref-c825a87276bf,2011,Linear classification tikhonov regularization knowledge-based support vector machine for tornado forecasting,Theodore B. Trafalis; Olutayo O. Oladunni; Michael B. Richman,True,Computational Management Science,journal,ml,direct,bibliographic,Not extracted in this bibliographic pass,Not extracted; consult the primary source,Topic indexed from title and venue; exact target and horizon require source review,Bibliographic entry filed under statistical & classical ml. Open the primary source for the study's methods and findings.,已核对题名、作者、出版信息与 DOI；主题归入“统计学习与传统机器学习”。具体方法、输入与结论待进一步阅读原文。,Not extracted in this bibliographic pass,10.1007/s10287-009-0120-9,,https://doi.org/10.1007/s10287-009-0120-9,,2026-09-29
ref-fbab94fc221d,2011,Mesocyclone Evolution Associated with Varying Shear Profiles during the 24 June 2003 Tornado Outbreak,Philip N. Schumacher; Joshua M. Boustead,True,Weather and Forecasting,journal,foundations,direct,bibliographic,Not extracted in this bibliographic pass,Not extracted; consult the primary source,Topic indexed from title and venue; exact target and horizon require source review,Bibliographic entry filed under foundations & dynamics. Open the primary source for the study's methods and findings.,已核对题名、作者、出版信息与 DOI；主题归入“物理基础与龙卷动力学”。具体方法、输入与结论待进一步阅读原文。,Not extracted in this bibliographic pass,10.1175/waf-d-10-05021.1,,https://doi.org/10.1175/waf-d-10-05021.1,,2026-09-29
ref-b47f8e7de9cd,2011,Numerical study on flow fields of tornado-like vortices using the LES turbulence model,Takeshi Ishihara; Sho Oh; Yoshiteru Tokuyama,True,Journal of Wind Engineering and Industrial Aerodynamics,journal,foundations,direct,bibliographic,Not extracted in this bibliographic pass,Not extracted; consult the primary source,Topic indexed from title and venue; exact target and horizon require source review,Bibliographic entry filed under foundations & dynamics. Open the primary source for the study's methods and findings.,已核对题名、作者、出版信息与 DOI；主题归入“物理基础与龙卷动力学”。具体方法、输入与结论待进一步阅读原文。,Not extracted in this bibliographic pass,10.1016/j.jweia.2011.01.014,,https://doi.org/10.1016/j.jweia.2011.01.014,,2026-09-29
ref-18ec3a316f43,2011,Observations of the 10 May 2010 Tornado Outbreak Using OU-PRIME: Potential for New Science with High-Resolution Polarimetric Radar,Robert D. Palmer; David Bodine; Matthew Kumjian; Boonleng Cheong; Guifu Zhang; Qing Cao; Howard B. Bluestein; Alexander Ryzhkov; Tian-You Yu; Yadong Wang,True,Bulletin of the American Meteorological Society,journal,evaluation,direct,bibliographic,Not extracted in this bibliographic pass,Not extracted; consult the primary source,Topic indexed from title and venue; exact target and horizon require source review,"Bibliographic entry filed under evaluation, uncertainty & reviews. Open the primary source for the study's methods and findings.",已核对题名、作者、出版信息与 DOI；主题归入“评估、不确定性与综述”。具体方法、输入与结论待进一步阅读原文。,Not extracted in this bibliographic pass,10.1175/2011bams3125.1,,https://doi.org/10.1175/2011bams3125.1,,2026-09-29
ref-501d7de9f575,2011,Simulation of flying debris using a numerically generated tornado-like vortex,Takashi Maruyama,True,Journal of Wind Engineering and Industrial Aerodynamics,journal,foundations,direct,bibliographic,Not extracted in this bibliographic pass,Not extracted; consult the primary source,Topic indexed from title and venue; exact target and horizon require source review,Bibliographic entry filed under foundations & dynamics. Open the primary source for the study's methods and findings.,已核对题名、作者、出版信息与 DOI；主题归入“物理基础与龙卷动力学”。具体方法、输入与结论待进一步阅读原文。,Not extracted in this bibliographic pass,10.1016/j.jweia.2011.01.016,,https://doi.org/10.1016/j.jweia.2011.01.016,,2026-09-29
ref-f7e85e075acf,2011,The History (and Future) of Tornado Warning Dissemination in the United States,Timothy A. Coleman; Kevin R. Knupp; James Spann; J. B. Elliott; Brian E. Peters,True,Bulletin of the American Meteorological Society,journal,social,direct,bibliographic,Not extracted in this bibliographic pass,Not extracted; consult the primary source,Topic indexed from title and venue; exact target and horizon require source review,"Bibliographic entry filed under warnings, health & social response. Open the primary source for the study's methods and findings.",已核对题名、作者、出版信息与 DOI；主题归入“预警传播、健康与社会响应”。具体方法、输入与结论待进一步阅读原文。,Not extracted in this bibliographic pass,10.1175/2010bams3062.1,,https://doi.org/10.1175/2010bams3062.1,,2026-09-29
ref-ad4d220e777c,2011,The LaGrange Tornado during VORTEX2. Part I: Photogrammetric Analysis of the Tornado Combined with Single-Doppler Radar Data,Roger M. Wakimoto; Nolan T. Atkins; Joshua Wurman,True,Monthly Weather Review,journal,evaluation,direct,bibliographic,Not extracted in this bibliographic pass,Not extracted; consult the primary source,Topic indexed from title and venue; exact target and horizon require source review,"Bibliographic entry filed under evaluation, uncertainty & reviews. Open the primary source for the study's methods and findings.",已核对题名、作者、出版信息与 DOI；主题归入“评估、不确定性与综述”。具体方法、输入与结论待进一步阅读原文。,Not extracted in this bibliographic pass,10.1175/2010mwr3568.1,,https://doi.org/10.1175/2010mwr3568.1,,2026-09-29
ref-02687ccc6cb3,2011,Tornado Risk Analysis: Is Dixie Alley an Extension of Tornado Alley?,P. Grady Dixon; Andrew E. Mercer; Jinmu Choi; Jared S. Allen,True,Bulletin of the American Meteorological Society,journal,engineering,direct,bibliographic,Not extracted in this bibliographic pass,Not extracted; consult the primary source,Topic indexed from title and venue; exact target and horizon require source review,Bibliographic entry filed under wind engineering & structural resilience. Open the primary source for the study's methods and findings.,已核对题名、作者、出版信息与 DOI；主题归入“风工程、结构荷载与抗灾设计”。具体方法、输入与结论待进一步阅读原文。,Not extracted in this bibliographic pass,10.1175/2010bams3102.1,,https://doi.org/10.1175/2010bams3102.1,,2026-09-29
ref-f3ee90b2b499,2011,Vorticity budget of a tornado-like vortex,Koji Sassa; Saki Takemura,True,Journal of Physics: Conference Series,conference,foundations,direct,bibliographic,Not extracted in this bibliographic pass,Not extracted; consult the primary source,Topic indexed from title and venue; exact target and horizon require source review,Bibliographic entry filed under foundations & dynamics. Open the primary source for the study's methods and findings.,已核对题名、作者、出版信息与 DOI；主题归入“物理基础与龙卷动力学”。具体方法、输入与结论待进一步阅读原文。,Not extracted in this bibliographic pass,10.1088/1742-6596/318/6/062020,,https://doi.org/10.1088/1742-6596/318/6/062020,,2026-09-29
ref-ac8d8a84d72f,2010,Assessing the Impacts of Proximity Sounding Criteria on the Climatology of Significant Tornado Environments,Corey K. Potvin; Kimberly L. Elmore; Steven J. Weiss,True,Weather and Forecasting,journal,climatology,direct,bibliographic,Not extracted in this bibliographic pass,Not extracted; consult the primary source,Topic indexed from title and venue; exact target and horizon require source review,Bibliographic entry filed under climatology & environments. Open the primary source for the study's methods and findings.,已核对题名、作者、出版信息与 DOI；主题归入“气候统计、环境与区域研究”。具体方法、输入与结论待进一步阅读原文。,Not extracted in this bibliographic pass,10.1175/2010waf2222368.1,,https://doi.org/10.1175/2010waf2222368.1,,2026-09-29
ref-7e36351a42e7,2010,"Decision Making by Austin, Texas, Residents in Hypothetical Tornado Scenarios",David M. Schultz; Eve C. Gruntfest; Mary H. Hayden; Charles C. Benight; Sheldon Drobot; Lindsey R. Barnes,True,"Weather, Climate, and Society",journal,foundations,direct,bibliographic,Not extracted in this bibliographic pass,Not extracted; consult the primary source,Topic indexed from title and venue; exact target and horizon require source review,Bibliographic entry filed under foundations & dynamics. Open the primary source for the study's methods and findings.,已核对题名、作者、出版信息与 DOI；主题归入“物理基础与龙卷动力学”。具体方法、输入与结论待进一步阅读原文。,Not extracted in this bibliographic pass,10.1175/2010wcas1067.1,,https://doi.org/10.1175/2010wcas1067.1,,2026-09-29
ref-0612bc588ea8,2010,Emergency manager decision‐making and tornado warning communication,Cedar E. League; Walter Díaz; Brenda Philips; Ellen J. Bass; Kevin Kloesel; Eve Gruntfest; Alex Gessner,True,Meteorological Applications,journal,social,direct,bibliographic,Not extracted in this bibliographic pass,Not extracted; consult the primary source,Topic indexed from title and venue; exact target and horizon require source review,"Bibliographic entry filed under warnings, health & social response. Open the primary source for the study's methods and findings.",已核对题名、作者、出版信息与 DOI；主题归入“预警传播、健康与社会响应”。具体方法、输入与结论待进一步阅读原文。,Not extracted in this bibliographic pass,10.1002/met.201,,https://doi.org/10.1002/met.201,,2026-09-29
ref-328925bd48b3,2010,Experimental investigation of tornado-like vortex dynamics with swirl ratio: The mean and turbulent flow fields,Pooyan Hashemi Tari; Roi Gurka; Horia Hangan,True,Journal of Wind Engineering and Industrial Aerodynamics,journal,foundations,direct,bibliographic,Not extracted in this bibliographic pass,Not extracted; consult the primary source,Topic indexed from title and venue; exact target and horizon require source review,Bibliographic entry filed under foundations & dynamics. Open the primary source for the study's methods and findings.,已核对题名、作者、出版信息与 DOI；主题归入“物理基础与龙卷动力学”。具体方法、输入与结论待进一步阅读原文。,Not extracted in this bibliographic pass,10.1016/j.jweia.2010.10.001,,https://doi.org/10.1016/j.jweia.2010.10.001,,2026-09-29
ref-24f0dcc6b296,2010,"Finescale Single- and Dual-Doppler Analysis of Tornado Intensification, Maintenance, and Dissipation in the Orleans, Nebraska, Supercell",Joshua Wurman; Karen Kosiba; Paul Markowski; Yvette Richardson; David Dowell; Paul Robinson,True,Monthly Weather Review,journal,radar,direct,bibliographic,Not extracted in this bibliographic pass,Not extracted; consult the primary source,Topic indexed from title and venue; exact target and horizon require source review,Bibliographic entry filed under radar signatures & tracking. Open the primary source for the study's methods and findings.,已核对题名、作者、出版信息与 DOI；主题归入“雷达特征、识别与追踪”。具体方法、输入与结论待进一步阅读原文。,Not extracted in this bibliographic pass,10.1175/2010mwr3330.1,,https://doi.org/10.1175/2010mwr3330.1,,2026-09-29
ref-40522f52e962,2010,Finite element modelling of transmission line structures under tornado wind loading,A. Hamada; A.A. El Damatty; H. Hangan; A.Y. Shehata,True,Wind and Structures An International Journal,journal,engineering,direct,bibliographic,Not extracted in this bibliographic pass,Not extracted; consult the primary source,Topic indexed from title and venue; exact target and horizon require source review,Bibliographic entry filed under wind engineering & structural resilience. Open the primary source for the study's methods and findings.,已核对题名、作者、出版信息与 DOI；主题归入“风工程、结构荷载与抗灾设计”。具体方法、输入与结论待进一步阅读原文。,Not extracted in this bibliographic pass,10.12989/was.2010.13.5.451,,https://doi.org/10.12989/was.2010.13.5.451,,2026-09-29
karstens2010,2010,Near-Ground Pressure and Wind Measurements in Tornadoes,Christopher D. Karstens; Timothy M. Samaras; Bruce D. Lee; William A. Gallus Jr.; Catherine A. Finley,True,Monthly Weather Review,journal,sensing,direct,annotated,In-situ tornado intercept measurements,"Pressure probes, video and mobile-mesonet wind observations",Near-ground tornado pressure and wind structure,Reports rare near-ground pressure and wind observations obtained during tornado intercepts across several events.,整理多次龙卷近地面压强及风场实测，为雷达推断、实验室模拟和风工程研究提供观测参照。,United States,10.1175/2010mwr3201.1,,https://doi.org/10.1175/2010mwr3201.1,,2026-09-29
ref-f867063880dc,2010,Nocturnal Tornado Climatology,Amanda K. Kis; Jerry M. Straka,True,Weather and Forecasting,journal,climatology,direct,bibliographic,Not extracted in this bibliographic pass,Not extracted; consult the primary source,Topic indexed from title and venue; exact target and horizon require source review,Bibliographic entry filed under climatology & environments. Open the primary source for the study's methods and findings.,已核对题名、作者、出版信息与 DOI；主题归入“气候统计、环境与区域研究”。具体方法、输入与结论待进一步阅读原文。,Not extracted in this bibliographic pass,10.1175/2009waf2222294.1,,https://doi.org/10.1175/2009waf2222294.1,,2026-09-29
ref-7511ad15b9a0,2010,Numerical simulation of a tornado over Ludhiana (India) using WRF‐NMM model,A. J. Litta; U. C. Mohanty; S. C. Bhan,True,Meteorological Applications,journal,foundations,direct,bibliographic,Not extracted in this bibliographic pass,Not extracted; consult the primary source,Topic indexed from title and venue; exact target and horizon require source review,Bibliographic entry filed under foundations & dynamics. Open the primary source for the study's methods and findings.,已核对题名、作者、出版信息与 DOI；主题归入“物理基础与龙卷动力学”。具体方法、输入与结论待进一步阅读原文。,Not extracted in this bibliographic pass,10.1002/met.162,,https://doi.org/10.1002/met.162,,2026-09-29
bedka2010,2010,Objective Satellite-Based Detection of Overshooting Tops Using Infrared Window Channel Brightness Temperature Gradients,Kristopher Bedka; Jason Brunner; Richard Dworak; Wayne Feltz; Jason Otkin; Thomas Greenwald,True,Journal of Applied Meteorology and Climatology,journal,sensing,context,annotated,Infrared overshooting-top detection,Satellite infrared brightness temperatures and tropopause forecast,Detection of overshooting convective cloud tops,"Detects overshooting tops from infrared texture and environmental information, supplying satellite context for severe-storm monitoring.",从红外亮温纹理和对流层顶信息识别过冲云顶，为龙卷相关强风暴监测提供卫星观测背景。,Satellite observations and simulation,10.1175/2009jamc2286.1,,https://doi.org/10.1175/2009jamc2286.1,,2026-09-29
ref-62179a7b7569,2010,"The Three-Dimensional Axisymmetric Wind Field Structure of the Spencer, South Dakota, 1998 Tornado",Karen Kosiba; Joshua Wurman,True,Journal of the Atmospheric Sciences,journal,evaluation,direct,bibliographic,Not extracted in this bibliographic pass,Not extracted; consult the primary source,Topic indexed from title and venue; exact target and horizon require source review,"Bibliographic entry filed under evaluation, uncertainty & reviews. Open the primary source for the study's methods and findings.",已核对题名、作者、出版信息与 DOI；主题归入“评估、不确定性与综述”。具体方法、输入与结论待进一步阅读原文。,Not extracted in this bibliographic pass,10.1175/2010jas3416.1,,https://doi.org/10.1175/2010jas3416.1,,2026-09-29
ref-97a7b92cbc7b,2010,"The Vulnerability of Mobile Home Residents in Tornado Disasters: The 2008 Super Tuesday Tornado in Macon County, Tennessee",Philip L. Chaney; Greg S. Weaver,True,"Weather, Climate, and Society",journal,social,direct,bibliographic,Not extracted in this bibliographic pass,Not extracted; consult the primary source,Topic indexed from title and venue; exact target and horizon require source review,"Bibliographic entry filed under warnings, health & social response. Open the primary source for the study's methods and findings.",已核对题名、作者、出版信息与 DOI；主题归入“预警传播、健康与社会响应”。具体方法、输入与结论待进一步阅读原文。,Not extracted in this bibliographic pass,10.1175/2010wcas1042.1,,https://doi.org/10.1175/2010wcas1042.1,,2026-09-29
ref-fb86747daa68,2010,Tornado fatalities and mobile homes in the United States,Daniel Sutter; Kevin M. Simmons,True,Natural Hazards,journal,social,direct,bibliographic,Not extracted in this bibliographic pass,Not extracted; consult the primary source,Topic indexed from title and venue; exact target and horizon require source review,"Bibliographic entry filed under warnings, health & social response. Open the primary source for the study's methods and findings.",已核对题名、作者、出版信息与 DOI；主题归入“预警传播、健康与社会响应”。具体方法、输入与结论待进一步阅读原文。,Not extracted in this bibliographic pass,10.1007/s11069-009-9416-x,,https://doi.org/10.1007/s11069-009-9416-x,,2026-09-29
ref-fb25d3bbddad,2010,Tornado warning dissemination and response at a university campus,Kathleen Sherman-Morris,True,Natural Hazards,journal,social,direct,bibliographic,Not extracted in this bibliographic pass,Not extracted; consult the primary source,Topic indexed from title and venue; exact target and horizon require source review,"Bibliographic entry filed under warnings, health & social response. Open the primary source for the study's methods and findings.",已核对题名、作者、出版信息与 DOI；主题归入“预警传播、健康与社会响应”。具体方法、输入与结论待进一步阅读原文。,Not extracted in this bibliographic pass,10.1007/s11069-009-9405-0,,https://doi.org/10.1007/s11069-009-9405-0,,2026-09-29
ref-f5385fdc6218,2010,Tornado-Induced Wind Loads on a Low-Rise Building,F. L. Haan Jr.; Vasanth Kumar Balaramudu; P. P. Sarkar,True,Journal of Structural Engineering,journal,engineering,direct,bibliographic,Not extracted in this bibliographic pass,Not extracted; consult the primary source,Topic indexed from title and venue; exact target and horizon require source review,Bibliographic entry filed under wind engineering & structural resilience. Open the primary source for the study's methods and findings.,已核对题名、作者、出版信息与 DOI；主题归入“风工程、结构荷载与抗灾设计”。具体方法、输入与结论待进一步阅读原文。,Not extracted in this bibliographic pass,10.1061/(asce)st.1943-541x.0000093,,https://doi.org/10.1061/%28asce%29st.1943-541x.0000093,,2026-09-29
ref-4243b7108298,2009,A reanalysis climatology of cool‐season tornado environments over southern Australia,R. Kounkou; G. Mills; B. Timbal,True,International Journal of Climatology,journal,climatology,direct,bibliographic,Not extracted in this bibliographic pass,Not extracted; consult the primary source,Topic indexed from title and venue; exact target and horizon require source review,Bibliographic entry filed under climatology & environments. Open the primary source for the study's methods and findings.,已核对题名、作者、出版信息与 DOI；主题归入“气候统计、环境与区域研究”。具体方法、输入与结论待进一步阅读原文。,Not extracted in this bibliographic pass,10.1002/joc.1856,,https://doi.org/10.1002/joc.1856,,2026-09-29
ref-550ce4ebdfa2,2009,"An Example of the Use of Mobile, Doppler Radar Data for Tornado Verification",Michael M. French; Howard B. Bluestein; Louis J. Wicker; David C. Dowell; Matthew R. Kramar,True,Weather and Forecasting,journal,evaluation,direct,bibliographic,Not extracted in this bibliographic pass,Not extracted; consult the primary source,Topic indexed from title and venue; exact target and horizon require source review,"Bibliographic entry filed under evaluation, uncertainty & reviews. Open the primary source for the study's methods and findings.",已核对题名、作者、出版信息与 DOI；主题归入“评估、不确定性与综述”。具体方法、输入与结论待进一步阅读原文。,Not extracted in this bibliographic pass,10.1175/2008waf2222147.1,,https://doi.org/10.1175/2008waf2222147.1,,2026-09-29
stensrud2009,2009,Convective-Scale Warn-on-Forecast System,David J. Stensrud; Ming Xue; Louis J. Wicker; Kevin E. Kelleher; Michael P. Foster; Joseph T. Schaefer; Russell S. Schneider; Stanley G. Benjamin; Stephen S. Weygandt; John T. Ferree; Jason P. Tuell,True,Bulletin of the American Meteorological Society,journal,forecast,context,annotated,Warn-on-Forecast research vision,"Rapid observations, data assimilation and convection-scale ensembles",Proposed warning guidance from numerical prediction,"Sets out a convection-scale Warn-on-Forecast vision connecting rapid observations, assimilation and ensemble prediction.",提出对流尺度Warn-on-Forecast研究路线，将快速观测、资料同化和集合预测用于未来预警指导。,United States,10.1175/2009bams2795.1,,https://doi.org/10.1175/2009bams2795.1,,2026-09-29
simmons2009,2009,"False Alarms, Tornado Warnings, and Tornado Casualties",Kevin M. Simmons; Daniel Sutter,True,"Weather, Climate, and Society",journal,impacts,direct,annotated,Casualty regression with warning statistics,Regional false-alarm ratios and tornado casualties,False-alarm association with casualties; retrospective,Examines whether areas with different warning false-alarm histories have different tornado casualty outcomes.,研究不同地区的预警虚警历史与龙卷伤亡结果之间的关联，补充预警对公众影响的文献。,United States,10.1175/2009wcas1005.1,,https://doi.org/10.1175/2009wcas1005.1,,2026-09-29
ref-c6025301f246,2009,Numerical simulation of tornado-like vortices around complex geometries,Frederique Drullion,True,International Journal of Computer Mathematics,journal,foundations,direct,bibliographic,Not extracted in this bibliographic pass,Not extracted; consult the primary source,Topic indexed from title and venue; exact target and horizon require source review,Bibliographic entry filed under foundations & dynamics. Open the primary source for the study's methods and findings.,已核对题名、作者、出版信息与 DOI；主题归入“物理基础与龙卷动力学”。具体方法、输入与结论待进一步阅读原文。,Not extracted in this bibliographic pass,10.1080/00207160903023532,,https://doi.org/10.1080/00207160903023532,,2026-09-29
doswell2009,2009,On the implementation of the enhanced Fujita scale in the USA,Charles A. Doswell III; Harold E. Brooks; Nikolai Dotzek,True,Atmospheric Research,journal,rating,direct,annotated,Review of EF-scale implementation,Damage-based rating history and EF-scale practice,Interpretation and comparability of intensity ratings,Discusses how implementing the Enhanced Fujita scale affects damage-based wind estimates and comparisons across time and place.,讨论改进藤田等级实施后灾损风速估计及跨时期、跨地区比较的问题，帮助理解EF标签的生成条件。,United States,10.1016/j.atmosres.2008.11.003,,https://doi.org/10.1016/j.atmosres.2008.11.003,,2026-09-29
ref-b613c674ecce,2009,Sampling Strategies for Tornado and Mesocyclone Detection Using Dynamically Adaptive Doppler Radars: A Simulation Study,Jessica L. Proud; Kelvin K. Droegemeier; Vincent T. Wood; Rodger A. Brown,True,Journal of Atmospheric and Oceanic Technology,journal,radar,direct,bibliographic,Not extracted in this bibliographic pass,Not extracted; consult the primary source,Topic indexed from title and venue; exact target and horizon require source review,Bibliographic entry filed under radar signatures & tracking. Open the primary source for the study's methods and findings.,已核对题名、作者、出版信息与 DOI；主题归入“雷达特征、识别与追踪”。具体方法、输入与结论待进一步阅读原文。,Not extracted in this bibliographic pass,10.1175/2008jtecha1087.1,,https://doi.org/10.1175/2008jtecha1087.1,,2026-09-29
ref-c0223aedc6a2,2009,Severe thunderstorm and tornado warnings in Europe,Jenni Rauhala; David M. Schultz,True,Atmospheric Research,journal,foundations,direct,bibliographic,Not extracted in this bibliographic pass,Not extracted; consult the primary source,Topic indexed from title and venue; exact target and horizon require source review,Bibliographic entry filed under foundations & dynamics. Open the primary source for the study's methods and findings.,已核对题名、作者、出版信息与 DOI；主题归入“物理基础与龙卷动力学”。具体方法、输入与结论待进一步阅读原文。,Not extracted in this bibliographic pass,10.1016/j.atmosres.2008.09.026,,https://doi.org/10.1016/j.atmosres.2008.09.026,,2026-09-29
adrianto2009,2009,Support vector machines for spatiotemporal tornado prediction,Indra Adrianto; Theodore B. Trafalis; Valliappa Lakshmanan,True,International Journal of General Systems,journal,ml,direct,annotated,Support vector machines,Spatiotemporal Doppler-radar-derived predictors,Tornado probability classification in space and time,"Applies support vector machines to spatiotemporal tornado prediction, providing a classical alternative to neural-network classifiers.",将支持向量机用于龙卷时空预测，为神经网络以外的传统机器学习方法提供代表文献。,United States,10.1080/03081070601068629,,https://doi.org/10.1080/03081070601068629,,2026-09-29
ref-bfed66755d6b,2009,The Proposed 1883 Holden Tornado Warning System,Timothy A. Coleman; Kevin J. Pence,True,Bulletin of the American Meteorological Society,journal,foundations,direct,bibliographic,Not extracted in this bibliographic pass,Not extracted; consult the primary source,Topic indexed from title and venue; exact target and horizon require source review,Bibliographic entry filed under foundations & dynamics. Open the primary source for the study's methods and findings.,已核对题名、作者、出版信息与 DOI；主题归入“物理基础与龙卷动力学”。具体方法、输入与结论待进一步阅读原文。,Not extracted in this bibliographic pass,10.1175/2009bams2886.1,,https://doi.org/10.1175/2009bams2886.1,,2026-09-29
ref-b7be82a286c2,2009,Tornado Losses in the United States,Stanley A. Changnon,True,Natural Hazards Review,journal,impacts,direct,bibliographic,Not extracted in this bibliographic pass,Not extracted; consult the primary source,Topic indexed from title and venue; exact target and horizon require source review,Bibliographic entry filed under damage recognition & impacts. Open the primary source for the study's methods and findings.,已核对题名、作者、出版信息与 DOI；主题归入“灾后视觉识别与影响评估”。具体方法、输入与结论待进一步阅读原文。,Not extracted in this bibliographic pass,10.1061/(asce)1527-6988(2009)10:4(145),,https://doi.org/10.1061/%28asce%291527-6988%282009%2910%3A4%28145%29,,2026-09-29
ref-f8eca663df29,2009,Tornado shelter-seeking behavior and tornado shelter options among mobile home residents in the United States,Thomas W. Schmidlin; Barbara O. Hammer; Yuichi Ono; Paul S. King,True,Natural Hazards,journal,social,direct,bibliographic,Not extracted in this bibliographic pass,Not extracted; consult the primary source,Topic indexed from title and venue; exact target and horizon require source review,"Bibliographic entry filed under warnings, health & social response. Open the primary source for the study's methods and findings.",已核对题名、作者、出版信息与 DOI；主题归入“预警传播、健康与社会响应”。具体方法、输入与结论待进一步阅读原文。,Not extracted in this bibliographic pass,10.1007/s11069-008-9257-z,,https://doi.org/10.1007/s11069-008-9257-z,,2026-09-29
ref-e15adbe69407,2008,An analysis of the axisymmetric three‐dimensional low level wind field in a tornado using mobile radar observations,Karen A. Kosiba; Robert J. Trapp; Joshua Wurman,True,Geophysical Research Letters,journal,evaluation,direct,bibliographic,Not extracted in this bibliographic pass,Not extracted; consult the primary source,Topic indexed from title and venue; exact target and horizon require source review,"Bibliographic entry filed under evaluation, uncertainty & reviews. Open the primary source for the study's methods and findings.",已核对题名、作者、出版信息与 DOI；主题归入“评估、不确定性与综述”。具体方法、输入与结论待进一步阅读原文。,Not extracted in this bibliographic pass,10.1029/2007gl031851,,https://doi.org/10.1029/2007gl031851,,2026-09-29
ref-76d74e0cfb4f,2008,CFD simulations of the flow field of a laboratory-simulated tornado for parameter sensitivity studies and comparison with field measurements,Le Kuai; Fred L. Jr. Haan; William A. Jr. Gallus; Partha P. Sarkar,True,Wind and Structures,journal,foundations,direct,bibliographic,Not extracted in this bibliographic pass,Not extracted; consult the primary source,Topic indexed from title and venue; exact target and horizon require source review,Bibliographic entry filed under foundations & dynamics. Open the primary source for the study's methods and findings.,已核对题名、作者、出版信息与 DOI；主题归入“物理基础与龙卷动力学”。具体方法、输入与结论待进一步阅读原文。,Not extracted in this bibliographic pass,10.12989/was.2008.11.2.075,,https://doi.org/10.12989/was.2008.11.2.075,,2026-09-29
ref-931c648c0767,2008,Comparison of Remote Sensing Image Processing Techniques to Identify Tornado Damage Areas from Landsat TM Data,Soe W. Myint; May Yuan; Randall S. Cerveny; Chandra P. Giri,True,Sensors,journal,impacts,direct,bibliographic,Not extracted in this bibliographic pass,Not extracted; consult the primary source,Topic indexed from title and venue; exact target and horizon require source review,Bibliographic entry filed under damage recognition & impacts. Open the primary source for the study's methods and findings.,已核对题名、作者、出版信息与 DOI；主题归入“灾后视觉识别与影响评估”。具体方法、输入与结论待进一步阅读原文。,Not extracted in this bibliographic pass,10.3390/s8021128,,https://doi.org/10.3390/s8021128,,2026-09-29
ref-ea36d6dfda12,2008,Cross Sectional Particle Concentration of Laboratory Model Tornado,Takahiro YOSHIMOTO,True,Journal of the Visualization Society of Japan,journal,foundations,direct,bibliographic,Not extracted in this bibliographic pass,Not extracted; consult the primary source,Topic indexed from title and venue; exact target and horizon require source review,Bibliographic entry filed under foundations & dynamics. Open the primary source for the study's methods and findings.,已核对题名、作者、出版信息与 DOI；主题归入“物理基础与龙卷动力学”。具体方法、输入与结论待进一步阅读原文。,Not extracted in this bibliographic pass,10.3154/jvs.28.413,,https://doi.org/10.3154/jvs.28.413,,2026-09-29
ref-fc9114692b28,2008,"Design, construction and performance of a large tornado simulator for wind engineering applications",Fred L. Haan Jr.; Partha P. Sarkar; William A. Gallus,True,Engineering Structures,journal,engineering,direct,bibliographic,Not extracted in this bibliographic pass,Not extracted; consult the primary source,Topic indexed from title and venue; exact target and horizon require source review,Bibliographic entry filed under wind engineering & structural resilience. Open the primary source for the study's methods and findings.,已核对题名、作者、出版信息与 DOI；主题归入“风工程、结构荷载与抗灾设计”。具体方法、输入与结论待进一步阅读原文。,Not extracted in this bibliographic pass,10.1016/j.engstruct.2007.07.010,,https://doi.org/10.1016/j.engstruct.2007.07.010,,2026-09-29
ref-4199f791f1a5,2008,Effects of Finescale Debris on Near-Surface Tornado Dynamics,D. C. Lewellen; Baiyun Gong; W. S. Lewellen,True,Journal of the Atmospheric Sciences,journal,foundations,direct,bibliographic,Not extracted in this bibliographic pass,Not extracted; consult the primary source,Topic indexed from title and venue; exact target and horizon require source review,Bibliographic entry filed under foundations & dynamics. Open the primary source for the study's methods and findings.,已核对题名、作者、出版信息与 DOI；主题归入“物理基础与龙卷动力学”。具体方法、输入与结论待进一步阅读原文。,Not extracted in this bibliographic pass,10.1175/2008jas2686.1,,https://doi.org/10.1175/2008jas2686.1,,2026-09-29
ref-257d7db21601,2008,On calculation of wind speed in tornado,E. P. Veselov,True,Russian Meteorology and Hydrology,journal,foundations,direct,bibliographic,Not extracted in this bibliographic pass,Not extracted; consult the primary source,Topic indexed from title and venue; exact target and horizon require source review,Bibliographic entry filed under foundations & dynamics. Open the primary source for the study's methods and findings.,已核对题名、作者、出版信息与 DOI；主题归入“物理基础与龙卷动力学”。具体方法、输入与结论待进一步阅读原文。,Not extracted in this bibliographic pass,10.3103/s1068373908020052,,https://doi.org/10.3103/s1068373908020052,,2026-09-29
ref-ffbf8c7ff5ed,2008,Pedologic and geomorphic impacts of a tornado blowdown event in a mixed pine-hardwood forest,Jonathan D. Phillips; Daniel A. Marion; Alice V. Turkington,True,CATENA,journal,impacts,direct,bibliographic,Not extracted in this bibliographic pass,Not extracted; consult the primary source,Topic indexed from title and venue; exact target and horizon require source review,Bibliographic entry filed under damage recognition & impacts. Open the primary source for the study's methods and findings.,已核对题名、作者、出版信息与 DOI；主题归入“灾后视觉识别与影响评估”。具体方法、输入与结论待进一步阅读原文。,Not extracted in this bibliographic pass,10.1016/j.catena.2008.07.004,,https://doi.org/10.1016/j.catena.2008.07.004,,2026-09-29
ref-b6ebbd159427,2008,"Physical simulation of a single-celled tornado-like vortex, Part A: Flow field characterization",Amit R. Mishra; Darryl L. James; Chris. W. Letchford,True,Journal of Wind Engineering and Industrial Aerodynamics,journal,foundations,direct,bibliographic,Not extracted in this bibliographic pass,Not extracted; consult the primary source,Topic indexed from title and venue; exact target and horizon require source review,Bibliographic entry filed under foundations & dynamics. Open the primary source for the study's methods and findings.,已核对题名、作者、出版信息与 DOI；主题归入“物理基础与龙卷动力学”。具体方法、输入与结论待进一步阅读原文。,Not extracted in this bibliographic pass,10.1016/j.jweia.2008.02.063,,https://doi.org/10.1016/j.jweia.2008.02.063,,2026-09-29
ref-5c155a6902e9,2008,"Physical simulation of a single-celled tornado-like vortex, Part B: Wind loading on a cubical model",A.R. Mishra; D.L. James; C.W. Letchford,True,Journal of Wind Engineering and Industrial Aerodynamics,journal,engineering,direct,bibliographic,Not extracted in this bibliographic pass,Not extracted; consult the primary source,Topic indexed from title and venue; exact target and horizon require source review,Bibliographic entry filed under wind engineering & structural resilience. Open the primary source for the study's methods and findings.,已核对题名、作者、出版信息与 DOI；主题归入“风工程、结构荷载与抗灾设计”。具体方法、输入与结论待进一步阅读原文。,Not extracted in this bibliographic pass,10.1016/j.jweia.2008.02.027,,https://doi.org/10.1016/j.jweia.2008.02.027,,2026-09-29
kumjian2008,2008,Polarimetric Signatures in Supercell Thunderstorms,Matthew R. Kumjian; Alexander V. Ryzhkov,True,Journal of Applied Meteorology and Climatology,journal,radar,context,annotated,Polarimetric interpretation,Dual-polarization radar,Supercell signatures; observational,Background for physically interpreting polarimetric input fields.,为双偏振雷达输入提供物理解释；超级单体特征并不等于地面龙卷已发生。,Unspecified,10.1175/2007JAMC1874.1,,https://doi.org/10.1175/2007JAMC1874.1,,2026-09-29
ref-7f29f1390053,2008,Swirl ratio effects on tornado vortices in relation to the Fujita scale,H. Hangan; J.D. Kim,True,Wind and Structures,journal,rating,direct,bibliographic,Not extracted in this bibliographic pass,Not extracted; consult the primary source,Topic indexed from title and venue; exact target and horizon require source review,Bibliographic entry filed under intensity & damage-based rating. Open the primary source for the study's methods and findings.,已核对题名、作者、出版信息与 DOI；主题归入“强度估计与灾损分级”。具体方法、输入与结论待进一步阅读原文。,Not extracted in this bibliographic pass,10.12989/was.2008.11.4.291,,https://doi.org/10.12989/was.2008.11.4.291,,2026-09-29
ref-2e54aa244cb1,2008,The Relation of El Niño–Southern Oscillation (ENSO) to Winter Tornado Outbreaks,A. R. Cook; J. T. Schaefer,True,Monthly Weather Review,journal,climatology,direct,bibliographic,Not extracted in this bibliographic pass,Not extracted; consult the primary source,Topic indexed from title and venue; exact target and horizon require source review,Bibliographic entry filed under climatology & environments. Open the primary source for the study's methods and findings.,已核对题名、作者、出版信息与 DOI；主题归入“气候统计、环境与区域研究”。具体方法、输入与结论待进一步阅读原文。,Not extracted in this bibliographic pass,10.1175/2007mwr2171.1,,https://doi.org/10.1175/2007mwr2171.1,,2026-09-29
ref-3fd2281ffc0d,2008,Tornado Damage and Damage Assessment of Houses,Yasushi UEMATSU; Yasuo OKUDA,True,"Wind Engineers, JAWE",journal,impacts,direct,bibliographic,Not extracted in this bibliographic pass,Not extracted; consult the primary source,Topic indexed from title and venue; exact target and horizon require source review,Bibliographic entry filed under damage recognition & impacts. Open the primary source for the study's methods and findings.,已核对题名、作者、出版信息与 DOI；主题归入“灾后视觉识别与影响评估”。具体方法、输入与结论待进一步阅读原文。,Not extracted in this bibliographic pass,10.5359/jawe.2008.99,,https://doi.org/10.5359/jawe.2008.99,,2026-09-29
wang2008,2008,Tornado Detection Using a Neuro–Fuzzy System to Integrate Shear and Spectral Signatures,Yadong Wang; Tian-You Yu; Mark Yeary; Alan Shapiro; Shamim Nemati; Michael Foster; David L. Andra Jr.; Michael Jain,True,Journal of Atmospheric and Oceanic Technology,journal,ml,direct,annotated,Neuro-fuzzy tornado detection,Doppler shear and spectral descriptors,Detection in the observed radar data,Combines shear and spectral evidence through fuzzy membership functions refined by neural training.,用神经训练调整模糊隶属函数，综合多普勒切变和频谱特征识别龙卷，补入深度学习之前的混合学习方法。,"Oklahoma, United States",10.1175/2007jtecha1022.1,,https://doi.org/10.1175/2007jtecha1022.1,,2026-09-29
ref-d2a6fc74cf73,2008,"Tornado Warnings, Lead Times, and Tornado Casualties: An Empirical Investigation",Kevin M. Simmons; Daniel Sutter,True,Weather and Forecasting,journal,social,direct,bibliographic,Not extracted in this bibliographic pass,Not extracted; consult the primary source,Topic indexed from title and venue; exact target and horizon require source review,"Bibliographic entry filed under warnings, health & social response. Open the primary source for the study's methods and findings.",已核对题名、作者、出版信息与 DOI；主题归入“预警传播、健康与社会响应”。具体方法、输入与结论待进一步阅读原文。,Not extracted in this bibliographic pass,10.1175/2007waf2006027.1,,https://doi.org/10.1175/2007waf2006027.1,,2026-09-29
ref-0490048b6965,2008,Transient loads on buildings in microburst and tornado winds,Anindya Sengupta; Fred L. Haan; Partha P. Sarkar; Vasanth Balaramudu,True,Journal of Wind Engineering and Industrial Aerodynamics,journal,engineering,direct,bibliographic,Not extracted in this bibliographic pass,Not extracted; consult the primary source,Topic indexed from title and venue; exact target and horizon require source review,Bibliographic entry filed under wind engineering & structural resilience. Open the primary source for the study's methods and findings.,已核对题名、作者、出版信息与 DOI；主题归入“风工程、结构荷载与抗灾设计”。具体方法、输入与结论待进一步阅读原文。,Not extracted in this bibliographic pass,10.1016/j.jweia.2008.02.050,,https://doi.org/10.1016/j.jweia.2008.02.050,,2026-09-29
ref-2108e7e524d5,2007,Consistent influence of tree diameter and species on damage in nine eastern North America tornado blowdowns,Chris J. Peterson,True,Forest Ecology and Management,journal,impacts,direct,bibliographic,Not extracted in this bibliographic pass,Not extracted; consult the primary source,Topic indexed from title and venue; exact target and horizon require source review,Bibliographic entry filed under damage recognition & impacts. Open the primary source for the study's methods and findings.,已核对题名、作者、出版信息与 DOI；主题归入“灾后视觉识别与影响评估”。具体方法、输入与结论待进一步阅读原文。,Not extracted in this bibliographic pass,10.1016/j.foreco.2007.03.013,,https://doi.org/10.1016/j.foreco.2007.03.013,,2026-09-29
ref-60a243d94743,2007,"Consumer Vulnerability as a Shared Experience: Tornado Recovery Process in Wright, Wyoming",Stacey Menzel Baker; David M. Hunt; Terri L. Rittenburg,True,Journal of Public Policy & Marketing,journal,social,direct,bibliographic,Not extracted in this bibliographic pass,Not extracted; consult the primary source,Topic indexed from title and venue; exact target and horizon require source review,"Bibliographic entry filed under warnings, health & social response. Open the primary source for the study's methods and findings.",已核对题名、作者、出版信息与 DOI；主题归入“预警传播、健康与社会响应”。具体方法、输入与结论待进一步阅读原文。,Not extracted in this bibliographic pass,10.1509/jppm.26.1.6,,https://doi.org/10.1509/jppm.26.1.6,,2026-09-29
lakshmanan2007,2007,Creating spatio-temporal tornado probability forecasts using fuzzy logic and motion variability,Valliappa Lakshmanan; Kiel L. Ortega; Travis M. Smith,True,AMS Fifth Conference on Artificial Intelligence Applications to Environmental Science,conference,ml,direct,annotated,Fuzzy logic and motion-uncertainty modeling,"Radar low-level shear, reflectivity and storm-motion estimates",Spatial tornado probability at a future time window,Combines candidate-region motion uncertainty with fuzzy tornado potential to construct a spatiotemporal probability field.,将候选区域的运动不确定性与模糊逻辑龙卷潜势结合，构建未来时间窗的时空概率场。,United States,,,https://ams.confex.com/ams/87ANNUAL/techprogram/paper_119456.htm,,2026-09-29
ref-627e876b6a27,2007,Doppler Radar Observation of a Tornado Generated Over the Japan Sea Coast during a Cold Air Outbreak,Fumiaki KOBAYASHI; Yukari SUGIMOTO; Tomoyuki SUZUKI; Takeshi MAESAKA; Qoosaku MOTEKI,True,Journal of the Meteorological Society of Japan. Ser. II,journal,radar,direct,bibliographic,Not extracted in this bibliographic pass,Not extracted; consult the primary source,Topic indexed from title and venue; exact target and horizon require source review,Bibliographic entry filed under radar signatures & tracking. Open the primary source for the study's methods and findings.,已核对题名、作者、出版信息与 DOI；主题归入“雷达特征、识别与追踪”。具体方法、输入与结论待进一步阅读原文。,Not extracted in this bibliographic pass,10.2151/jmsj.85.321,,https://doi.org/10.2151/jmsj.85.321,,2026-09-29
ref-54fbba905d61,2007,Dual-Doppler Analysis of Winds and Vorticity Budget Terms near a Tornado,Joshua Wurman; Yvette Richardson; Curtis Alexander; Stephen Weygandt; Peng Fei Zhang,True,Monthly Weather Review,journal,radar,direct,bibliographic,Not extracted in this bibliographic pass,Not extracted; consult the primary source,Topic indexed from title and venue; exact target and horizon require source review,Bibliographic entry filed under radar signatures & tracking. Open the primary source for the study's methods and findings.,已核对题名、作者、出版信息与 DOI；主题归入“雷达特征、识别与追踪”。具体方法、输入与结论待进一步阅读原文。,Not extracted in this bibliographic pass,10.1175/mwr3404.1,,https://doi.org/10.1175/mwr3404.1,,2026-09-29
thompson2007,2007,Effective Storm-Relative Helicity and Bulk Shear in Supercell Thunderstorm Environments,Richard L. Thompson; Corey M. Mead; Roger Edwards,True,Weather and Forecasting,journal,forecast,direct,annotated,Effective-layer environmental diagnostics,RUC proximity soundings and radar-identified storm types,Environmental discrimination of storm and tornado categories,Defines effective inflow-layer helicity and bulk shear to compare storm environments beyond fixed-height layers.,用有效入流层定义螺旋度与整体切变，改进不同风暴环境之间的可比性，为传统龙卷潜势诊断提供依据。,United States,10.1175/waf969.1,,https://doi.org/10.1175/waf969.1,,2026-09-29
ref-e21d21744c97,2007,European climatology of severe convective storm environmental parameters: A test for significant tornado events,Romualdo Romero; Miquel Gayà; Charles A. Doswell III,True,Atmospheric Research,journal,climatology,direct,bibliographic,Not extracted in this bibliographic pass,Not extracted; consult the primary source,Topic indexed from title and venue; exact target and horizon require source review,Bibliographic entry filed under climatology & environments. Open the primary source for the study's methods and findings.,已核对题名、作者、出版信息与 DOI；主题归入“气候统计、环境与区域研究”。具体方法、输入与结论待进一步阅读原文。,Not extracted in this bibliographic pass,10.1016/j.atmosres.2005.06.011,,https://doi.org/10.1016/j.atmosres.2005.06.011,,2026-09-29
ref-3f07b2ee687c,2007,Flow structure in a fire tornado-like vortex,D. G. Akhmetov; N. V. Gavrilov; V. V. Nikulin,True,Doklady Physics,journal,foundations,context,bibliographic,Not extracted in this bibliographic pass,Not extracted; consult the primary source,Topic indexed from title and venue; exact target and horizon require source review,Bibliographic entry filed under foundations & dynamics. Open the primary source for the study's methods and findings.,已核对题名、作者、出版信息与 DOI；主题归入“物理基础与龙卷动力学”。具体方法、输入与结论待进一步阅读原文。,Not extracted in this bibliographic pass,10.1134/s1028335807110055,,https://doi.org/10.1134/s1028335807110055,,2026-09-29
ref-3dfaab0b8d19,2007,Low-Level Winds in Tornadoes and Potential Catastrophic Tornado Impacts in Urban Areas,Joshua Wurman; Curtis Alexander; Paul Robinson; Yvette Richardson,True,Bulletin of the American Meteorological Society,journal,impacts,direct,bibliographic,Not extracted in this bibliographic pass,Not extracted; consult the primary source,Topic indexed from title and venue; exact target and horizon require source review,Bibliographic entry filed under damage recognition & impacts. Open the primary source for the study's methods and findings.,已核对题名、作者、出版信息与 DOI；主题归入“灾后视觉识别与影响评估”。具体方法、输入与结论待进一步阅读原文。,Not extracted in this bibliographic pass,10.1175/bams-88-1-31,,https://doi.org/10.1175/bams-88-1-31,,2026-09-29
ref-8c38dc59216c,2007,Near-Surface Intensification of Tornado Vortices,D. C. Lewellen; W. S. Lewellen,True,Journal of the Atmospheric Sciences,journal,foundations,direct,bibliographic,Not extracted in this bibliographic pass,Not extracted; consult the primary source,Topic indexed from title and venue; exact target and horizon require source review,Bibliographic entry filed under foundations & dynamics. Open the primary source for the study's methods and findings.,已核对题名、作者、出版信息与 DOI；主题归入“物理基础与龙卷动力学”。具体方法、输入与结论待进一步阅读原文。,Not extracted in this bibliographic pass,10.1175/jas3965.1,,https://doi.org/10.1175/jas3965.1,,2026-09-29
ref-f6d4f6993fe1,2007,Population Influences on Tornado Reports in the United States,Christopher J. Anderson; Christopher K. Wikle; Qin Zhou; J. Andrew Royle,True,Weather and Forecasting,journal,climatology,direct,bibliographic,Not extracted in this bibliographic pass,Not extracted; consult the primary source,Topic indexed from title and venue; exact target and horizon require source review,Bibliographic entry filed under climatology & environments. Open the primary source for the study's methods and findings.,已核对题名、作者、出版信息与 DOI；主题归入“气候统计、环境与区域研究”。具体方法、输入与结论待进一步阅读原文。,Not extracted in this bibliographic pass,10.1175/waf997.1,,https://doi.org/10.1175/waf997.1,,2026-09-29
ref-80848501590a,2007,Real time simulation of a tornado,Shiguang Liu; Zhangye Wang; Zheng Gong; Qunsheng Peng,True,The Visual Computer,journal,foundations,context,bibliographic,Not extracted in this bibliographic pass,Not extracted; consult the primary source,Topic indexed from title and venue; exact target and horizon require source review,Bibliographic entry filed under foundations & dynamics. Open the primary source for the study's methods and findings.,已核对题名、作者、出版信息与 DOI；主题归入“物理基础与龙卷动力学”。具体方法、输入与结论待进一步阅读原文。,Not extracted in this bibliographic pass,10.1007/s00371-007-0118-7,,https://doi.org/10.1007/s00371-007-0118-7,,2026-09-29
ashley2007,2007,Spatial and Temporal Analysis of Tornado Fatalities in the United States: 1880–2005,Walker S. Ashley,True,Weather and Forecasting,journal,impacts,direct,annotated,Spatial vulnerability and fatality analysis,"Fatal tornado records, demographics and exposure indicators",Fatality patterns during 1880–2005; retrospective,Studies where fatal tornadoes occur and how physical hazards and social vulnerability jointly shape the observed patterns.,分析致命龙卷的时空分布，讨论物理危险、人口暴露和社会脆弱性如何共同影响伤亡。,United States,10.1175/2007waf2007004.1,,https://doi.org/10.1175/2007waf2007004.1,,2026-09-29
ref-0d11713b5785,2007,"The political ecology of disaster: An analysis of factors influencing U.S. tornado fatalities and injuries, 1998–2000",William R. Donner,True,Demography,journal,social,direct,bibliographic,Not extracted in this bibliographic pass,Not extracted; consult the primary source,Topic indexed from title and venue; exact target and horizon require source review,"Bibliographic entry filed under warnings, health & social response. Open the primary source for the study's methods and findings.",已核对题名、作者、出版信息与 DOI；主题归入“预警传播、健康与社会响应”。具体方法、输入与结论待进一步阅读原文。,Not extracted in this bibliographic pass,10.1353/dem.2007.0024,,https://doi.org/10.1353/dem.2007.0024,,2026-09-29
ref-668752f0e8d2,2007,Tornado risk analysis in the United States,Siamak Daneshvaran; Robert E. Morden,True,The Journal of Risk Finance,journal,engineering,direct,bibliographic,Not extracted in this bibliographic pass,Not extracted; consult the primary source,Topic indexed from title and venue; exact target and horizon require source review,Bibliographic entry filed under wind engineering & structural resilience. Open the primary source for the study's methods and findings.,已核对题名、作者、出版信息与 DOI；主题归入“风工程、结构荷载与抗灾设计”。具体方法、输入与结论待进一步阅读原文。,Not extracted in this bibliographic pass,10.1108/15265940710732314,,https://doi.org/10.1108/15265940710732314,,2026-09-29
ref-5cc601822feb,2006,A Simple Model for Simulating Tornado Damage in Forests,Andrew P. Holland; Allen J. Riordan; E. C. Franklin,True,Journal of Applied Meteorology and Climatology,journal,impacts,direct,bibliographic,Not extracted in this bibliographic pass,Not extracted; consult the primary source,Topic indexed from title and venue; exact target and horizon require source review,Bibliographic entry filed under damage recognition & impacts. Open the primary source for the study's methods and findings.,已核对题名、作者、出版信息与 DOI；主题归入“灾后视觉识别与影响评估”。具体方法、输入与结论待进一步阅读原文。,Not extracted in this bibliographic pass,10.1175/jam2413.1,,https://doi.org/10.1175/jam2413.1,,2026-09-29
ref-79ea4a2ad277,2006,Evolution of the U.S. Tornado Database: 1954–2003,Stephanie M. Verbout; Harold E. Brooks; Lance M. Leslie; David M. Schultz,True,Weather and Forecasting,journal,data,direct,bibliographic,Not extracted in this bibliographic pass,Not extracted; consult the primary source,Topic indexed from title and venue; exact target and horizon require source review,Bibliographic entry filed under datasets & benchmarks. Open the primary source for the study's methods and findings.,已核对题名、作者、出版信息与 DOI；主题归入“数据集与基准”。具体方法、输入与结论待进一步阅读原文。,Not extracted in this bibliographic pass,10.1175/waf910.1,,https://doi.org/10.1175/waf910.1,,2026-09-29
ref-0922c9618eee,2006,"Forecasting Tornadic Thunderstorm Potential in Alberta Using Environmental Sounding Data. Part II: Helicity, Precipitable Water, and Storm Convergence",Max L. Dupilka; Gerhard W. Reuter,True,Weather and Forecasting,journal,forecast,direct,bibliographic,Not extracted in this bibliographic pass,Not extracted; consult the primary source,Topic indexed from title and venue; exact target and horizon require source review,Bibliographic entry filed under probabilistic guidance & operations. Open the primary source for the study's methods and findings.,已核对题名、作者、出版信息与 DOI；主题归入“概率预报、数值模式与业务应用”。具体方法、输入与结论待进一步阅读原文。,Not extracted in this bibliographic pass,10.1175/waf922.1,,https://doi.org/10.1175/waf922.1,,2026-09-29
ref-f9f969e3a9d3,2006,Improvements in Tornado Warnings and Tornado Casualties,Kevin M. Simmons; Daniel Sutter,True,International Journal of Mass Emergencies & Disasters,journal,social,direct,bibliographic,Not extracted in this bibliographic pass,Not extracted; consult the primary source,Topic indexed from title and venue; exact target and horizon require source review,"Bibliographic entry filed under warnings, health & social response. Open the primary source for the study's methods and findings.",已核对题名、作者、出版信息与 DOI；主题归入“预警传播、健康与社会响应”。具体方法、输入与结论待进一步阅读原文。,Not extracted in this bibliographic pass,10.1177/028072700602400303,,https://doi.org/10.1177/028072700602400303,,2026-09-29
ref-d3eae624e704,2006,Learning networks for tornado detection,Theodore B. Trafalis; Budi Santosa; Michael B. Richman,True,International Journal of General Systems,journal,ml,direct,bibliographic,Not extracted in this bibliographic pass,Not extracted; consult the primary source,Topic indexed from title and venue; exact target and horizon require source review,Bibliographic entry filed under statistical & classical ml. Open the primary source for the study's methods and findings.,已核对题名、作者、出版信息与 DOI；主题归入“统计学习与传统机器学习”。具体方法、输入与结论待进一步阅读原文。,Not extracted in this bibliographic pass,10.1080/03081070500502850,,https://doi.org/10.1080/03081070500502850,,2026-09-29
ref-a7ab011eb619,2005,Assessing a Tornado Climatology from Global Tornado Intensity Distributions,Bernold Feuerstein; Nikolai Dotzek; Jürgen Grieser,True,Journal of Climate,journal,rating,direct,bibliographic,Not extracted in this bibliographic pass,Not extracted; consult the primary source,Topic indexed from title and venue; exact target and horizon require source review,Bibliographic entry filed under intensity & damage-based rating. Open the primary source for the study's methods and findings.,已核对题名、作者、出版信息与 DOI；主题归入“强度估计与灾损分级”。具体方法、输入与结论待进一步阅读原文。,Not extracted in this bibliographic pass,10.1175/jcli-3285.1,,https://doi.org/10.1175/jcli-3285.1,,2026-09-29
ref-c77c9d6057e8,2005,Diagnosed Three-Dimensional Axisymmetric Structure of the Mulhall Tornado on 3 May 1999,Wen-Chau Lee; Joshua Wurman,True,Journal of the Atmospheric Sciences,journal,evaluation,direct,bibliographic,Not extracted in this bibliographic pass,Not extracted; consult the primary source,Topic indexed from title and venue; exact target and horizon require source review,"Bibliographic entry filed under evaluation, uncertainty & reviews. Open the primary source for the study's methods and findings.",已核对题名、作者、出版信息与 DOI；主题归入“评估、不确定性与综述”。具体方法、输入与结论待进一步阅读原文。,Not extracted in this bibliographic pass,10.1175/jas3489.1,,https://doi.org/10.1175/jas3489.1,,2026-09-29
ref-db9664df1960,2005,Evidence against disaster-induced migration: the 2004 tornado in north-central Bangladesh,Bimal Kanti Paul,True,Disasters,journal,impacts,direct,bibliographic,Not extracted in this bibliographic pass,Not extracted; consult the primary source,Topic indexed from title and venue; exact target and horizon require source review,Bibliographic entry filed under damage recognition & impacts. Open the primary source for the study's methods and findings.,已核对题名、作者、出版信息与 DOI；主题归入“灾后视觉识别与影响评估”。具体方法、输入与结论待进一步阅读原文。,Not extracted in this bibliographic pass,10.1111/j.0361-3666.2005.00298.x,,https://doi.org/10.1111/j.0361-3666.2005.00298.x,,2026-09-29
bedard2005,2005,Low-Frequency Atmospheric Acoustic Energy Associated with Vortices Produced by Thunderstorms,A. J. Bedard,True,Monthly Weather Review,journal,sensing,direct,annotated,Infrasound and radar comparison,Low-frequency acoustic observations and radar storm kinematics,Acoustic evidence associated with tornadic vortices,Compares low-frequency acoustic observations with radar-diagnosed storm circulations to investigate possible tornado-related signals.,将低频声学观测与雷达风暴环流进行比较，探索与龙卷涡旋有关的次声信号。,United States,10.1175/mwr-2851.1,,https://doi.org/10.1175/mwr-2851.1,,2026-09-29
ryzhkov2005,2005,Polarimetric Tornado Detection,Alexander V. Ryzhkov; Terry J. Schuur; Donald W. Burgess; Dušan S. Zrnić,True,Journal of Applied Meteorology,journal,radar,direct,annotated,Polarimetric signatures,Polarimetric weather radar,Tornado-related debris detection,A foundational source for polarimetric evidence of tornado debris.,双偏振龙卷识别经典文献：理解碎片证据与旋转证据的不同。,US,10.1175/JAM2235.1,,https://doi.org/10.1175/JAM2235.1,,2026-09-29
ref-5e803b19a6ed,2005,The Determinants of Tornado Casualties and the Benefits of Tornado Shelters,D. Merrell; K. M. Simmons; D. Sutter,True,Land Economics,journal,social,direct,bibliographic,Not extracted in this bibliographic pass,Not extracted; consult the primary source,Topic indexed from title and venue; exact target and horizon require source review,"Bibliographic entry filed under warnings, health & social response. Open the primary source for the study's methods and findings.",已核对题名、作者、出版信息与 DOI；主题归入“预警传播、健康与社会响应”。具体方法、输入与结论待进一步阅读原文。,Not extracted in this bibliographic pass,10.3368/le.81.1.87,,https://doi.org/10.3368/le.81.1.87,,2026-09-29
ref-fd831d1d11b8,2005,Tornado Damage in Saga Prefecture in June 2004,Yasuo OKUDA; Hitomitsu KIKITSU; Tomonori MURAKAMI; Tadashi ISHIHARA; Junji MAEDA; Eriko TOMOKIYO; Nobuyuki ISHIDA; Masahiro MATSUI; Yukio TAMURA; Kichiro KIMURA,True,"Wind Engineers, JAWE",journal,impacts,direct,bibliographic,Not extracted in this bibliographic pass,Not extracted; consult the primary source,Topic indexed from title and venue; exact target and horizon require source review,Bibliographic entry filed under damage recognition & impacts. Open the primary source for the study's methods and findings.,已核对题名、作者、出版信息与 DOI；主题归入“灾后视觉识别与影响评估”。具体方法、输入与结论待进一步阅读原文。,Not extracted in this bibliographic pass,10.5359/jawe.2005.41,,https://doi.org/10.5359/jawe.2005.41,,2026-09-29
trapp2005,2005,Tornadoes from Squall Lines and Bow Echoes. Part I: Climatological Distribution,Robert J. Trapp; Sarah A. Tessendorf; Elaine Savageau Godfrey; Harold E. Brooks,True,Weather and Forecasting,journal,climatology,direct,annotated,Radar-based storm-mode climatology,U.S. tornado reports and radar reflectivity during 1998–2000,Tornado occurrence by parent-storm mode; retrospective,"Separates tornado reports by cellular, quasi-linear and other parent-storm modes to examine geographic, seasonal and daily differences.",按单体、准线性对流系统等母体类型整理龙卷报告，比较其地域、季节和日变化特征。,Contiguous United States,10.1175/waf-835.1,,https://doi.org/10.1175/waf-835.1,,2026-09-29
simmons2005,2005,"WSR-88D Radar, Tornado Warnings, and Tornado Casualties",Kevin M. Simmons; Daniel Sutter,True,Weather and Forecasting,journal,impacts,direct,annotated,Observational regression analysis,"Radar-installation timing, tornado warnings and casualty records",Association of WSR-88D deployment with warnings and casualties,Examines changes in warning performance and tornado casualties around the installation of WSR-88D radar.,结合雷达安装时间、预警及伤亡记录，研究WSR-88D部署前后预警表现和人员伤亡的变化。,United States,10.1175/waf857.1,,https://doi.org/10.1175/waf857.1,,2026-09-29
ref-3f46726d60ef,2004,"Bristol Channel waterspout, 11 January 2004",Andrew Sibley; Tony Brown; Tom McIlwaine,True,Weather,journal,foundations,direct,bibliographic,Not extracted in this bibliographic pass,Not extracted; consult the primary source,Topic indexed from title and venue; exact target and horizon require source review,Bibliographic entry filed under foundations & dynamics. Open the primary source for the study's methods and findings.,已核对题名、作者、出版信息与 DOI；主题归入“物理基础与龙卷动力学”。具体方法、输入与结论待进一步阅读原文。,Not extracted in this bibliographic pass,10.1256/wea.21.04,,https://doi.org/10.1256/wea.21.04,,2026-09-29
ref-f0a9247e9ca0,2004,On the Relationship of Tornado Path Length and Width to Intensity,Harold E. Brooks,True,Weather and Forecasting,journal,foundations,direct,bibliographic,Not extracted in this bibliographic pass,Not extracted; consult the primary source,Topic indexed from title and venue; exact target and horizon require source review,Bibliographic entry filed under foundations & dynamics. Open the primary source for the study's methods and findings.,已核对题名、作者、出版信息与 DOI；主题归入“物理基础与龙卷动力学”。具体方法、输入与结论待进一步阅读原文。,Not extracted in this bibliographic pass,10.1175/1520-0434(2004)019<0310:otrotp>2.0.co;2,,https://doi.org/10.1175/1520-0434%282004%29019%3C0310%3Aotrotp%3E2.0.co%3B2,,2026-09-29
ref-3fcb5a76b4b8,2004,"Risk Communication and Public Education in Edmonton, Alberta, Canada on the 10th Anniversary of the ‘Black Friday’ Tornado",R. Denise Blanchard-Boehm; M. Jeffrey Cook,True,International Research in Geographical and Environmental Education,journal,social,direct,bibliographic,Not extracted in this bibliographic pass,Not extracted; consult the primary source,Topic indexed from title and venue; exact target and horizon require source review,"Bibliographic entry filed under warnings, health & social response. Open the primary source for the study's methods and findings.",已核对题名、作者、出版信息与 DOI；主题归入“预警传播、健康与社会响应”。具体方法、输入与结论待进一步阅读原文。,Not extracted in this bibliographic pass,10.1080/10382040408668791,,https://doi.org/10.1080/10382040408668791,,2026-09-29
brooks2004,2004,TORNADO-WARNING PERFORMANCE IN THE PAST AND FUTURE: A Perspective from Signal Detection Theory,Harold E. Brooks,True,Bulletin of the American Meteorological Society,journal,evaluation,direct,annotated,Signal-detection-theory analysis,Historical tornado-warning performance,Tradeoffs between warning detection and false alarms,Interprets tornado-warning performance through signal detection theory to explain why changing decision thresholds creates tradeoffs.,用信号检测理论解释龙卷预警的命中与虚警权衡，为评价算法阈值和预警系统改进提供基础。,United States,10.1175/bams-85-6-837,,https://doi.org/10.1175/bams-85-6-837,,2026-09-29
ref-ebb487adaa9c,2004,UK tornado climatology and the development of simple prediction tools,J. Holden; A. Wright,True,Quarterly Journal of the Royal Meteorological Society,journal,forecast,direct,bibliographic,Not extracted in this bibliographic pass,Not extracted; consult the primary source,Topic indexed from title and venue; exact target and horizon require source review,Bibliographic entry filed under probabilistic guidance & operations. Open the primary source for the study's methods and findings.,已核对题名、作者、出版信息与 DOI；主题归入“概率预报、数值模式与业务应用”。具体方法、输入与结论待进一步阅读原文。,Not extracted in this bibliographic pass,10.1256/qj.03.45,,https://doi.org/10.1256/qj.03.45,,2026-09-29
ref-98b9b078e2ec,2003,A tornado climatology for Ireland,John Tyrrell,True,Atmospheric Research,journal,climatology,direct,bibliographic,Not extracted in this bibliographic pass,Not extracted; consult the primary source,Topic indexed from title and venue; exact target and horizon require source review,Bibliographic entry filed under climatology & environments. Open the primary source for the study's methods and findings.,已核对题名、作者、出版信息与 DOI；主题归入“气候统计、环境与区域研究”。具体方法、输入与结论待进一步阅读原文。,Not extracted in this bibliographic pass,10.1016/s0169-8095(03)00080-2,,https://doi.org/10.1016/s0169-8095%2803%2900080-2,,2026-09-29
ref-42791c7b9f92,2003,An updated estimate of tornado occurrence in Europe,Nikolai Dotzek,True,Atmospheric Research,journal,climatology,direct,bibliographic,Not extracted in this bibliographic pass,Not extracted; consult the primary source,Topic indexed from title and venue; exact target and horizon require source review,Bibliographic entry filed under climatology & environments. Open the primary source for the study's methods and findings.,已核对题名、作者、出版信息与 DOI；主题归入“气候统计、环境与区域研究”。具体方法、输入与结论待进一步阅读原文。,Not extracted in this bibliographic pass,10.1016/s0169-8095(03)00049-8,,https://doi.org/10.1016/s0169-8095%2803%2900049-8,,2026-09-29
brooks2003,2003,Climatological Estimates of Local Daily Tornado Probability for the United States,Harold E. Brooks; Charles A. Doswell III; Michael P. Kay,True,Weather and Forecasting,journal,climatology,direct,annotated,Climatological probability estimation,Historical tornado reports,Daily local climatological tornado probability,A reference for meaningful climatological baselines rather than only neural baselines.,建立当地逐日龙卷气候概率基线，避免只与弱机器学习基线比较。,US,,,https://psl.noaa.gov/csi/events/2011/tornadoes/reference.html,,2026-09-29
thompson2003,2003,Close Proximity Soundings within Supercell Environments Obtained from the Rapid Update Cycle,Richard L. Thompson; Roger Edwards; John A. Hart; Kimberly L. Elmore; Paul Markowski,True,Weather and Forecasting,journal,climatology,direct,annotated,Environmental diagnostics,RUC proximity soundings,Tornadic versus nontornadic supercell environments,Connects environmental ingredients with tornadic and nontornadic supercells.,连接环境探空、超级单体与产龙卷差异，是理解环境指标的重要起点。,US,10.1175/1520-0434(2003)018<1243:CPSWSE>2.0.CO;2,,https://pure.psu.edu/en/publications/close-proximity-soundings-within-supercell-environments-obtained-/,,2026-09-29
ref-ff4a30686014,2003,Lake Breezes in Southern Ontario and Their Relation to Tornado Climatology,Patrick W. S. King; Michael J. Leduc; David M. L. Sills; Norman R. Donaldson; David R. Hudak; Paul Joe; Brian P. Murphy,True,Weather and Forecasting,journal,climatology,direct,bibliographic,Not extracted in this bibliographic pass,Not extracted; consult the primary source,Topic indexed from title and venue; exact target and horizon require source review,Bibliographic entry filed under climatology & environments. Open the primary source for the study's methods and findings.,已核对题名、作者、出版信息与 DOI；主题归入“气候统计、环境与区域研究”。具体方法、输入与结论待进一步阅读原文。,Not extracted in this bibliographic pass,10.1175/1520-0434(2003)018<0795:lbisoa>2.0.co;2,,https://doi.org/10.1175/1520-0434%282003%29018%3C0795%3Albisoa%3E2.0.co%3B2,,2026-09-29
weisman2003,2003,Low-Level Mesovortices within Squall Lines and Bow Echoes. Part I: Overview and Dependence on Environmental Shear,Morris L. Weisman; Robert J. Trapp,True,Monthly Weather Review,journal,foundations,context,annotated,Idealized convective-line simulation,Environmental wind shear and simulated squall lines,Low-level QLCS mesovortices,Examines low-level mesovortices in squall lines and bow echoes and their dependence on environmental shear.,研究飑线和弓形回波中的低层中尺度涡旋及其对环境切变的响应，为理解QLCS龙卷的母体结构提供背景。,Idealized simulation,10.1175/1520-0493(2003)131<2779:lmwsla>2.0.co;2,,https://doi.org/10.1175/1520-0493%282003%29131%3C2779%3Almwsla%3E2.0.co%3B2,,2026-09-29
ref-5b74a6001808,2003,"Mobile Doppler Radar Observations of a Tornado in a Supercell near Bassett, Nebraska, on 5 June 1999. Part II: Tornado-Vortex Structure",Howard B. Bluestein; Wen-Chau Lee; Michael Bell; Christopher C. Weiss; Andrew L. Pazmany,True,Monthly Weather Review,journal,radar,direct,bibliographic,Not extracted in this bibliographic pass,Not extracted; consult the primary source,Topic indexed from title and venue; exact target and horizon require source review,Bibliographic entry filed under radar signatures & tracking. Open the primary source for the study's methods and findings.,已核对题名、作者、出版信息与 DOI；主题归入“雷达特征、识别与追踪”。具体方法、输入与结论待进一步阅读原文。,Not extracted in this bibliographic pass,10.1175/1520-0493(2003)131<2968:mdrooa>2.0.co;2,,https://doi.org/10.1175/1520-0493%282003%29131%3C2968%3Amdrooa%3E2.0.co%3B2,,2026-09-29
ref-7d8830030d89,2003,Refined Supercell and Tornado Forecast Parameters,Erik N. Rasmussen,True,Weather and Forecasting,journal,forecast,direct,bibliographic,Not extracted in this bibliographic pass,Not extracted; consult the primary source,Topic indexed from title and venue; exact target and horizon require source review,Bibliographic entry filed under probabilistic guidance & operations. Open the primary source for the study's methods and findings.,已核对题名、作者、出版信息与 DOI；主题归入“概率预报、数值模式与业务应用”。具体方法、输入与结论待进一步阅读原文。,Not extracted in this bibliographic pass,10.1175/1520-0434(2003)18<530:rsatfp>2.0.co;2,,https://doi.org/10.1175/1520-0434%282003%2918%3C530%3Arsatfp%3E2.0.co%3B2,,2026-09-29
ref-acee16965aaa,2003,Statistical modeling of tornado intensity distributions,Nikolai Dotzek; Jürgen Grieser; Harold E. Brooks,True,Atmospheric Research,journal,rating,direct,bibliographic,Not extracted in this bibliographic pass,Not extracted; consult the primary source,Topic indexed from title and venue; exact target and horizon require source review,Bibliographic entry filed under intensity & damage-based rating. Open the primary source for the study's methods and findings.,已核对题名、作者、出版信息与 DOI；主题归入“强度估计与灾损分级”。具体方法、输入与结论待进一步阅读原文。,Not extracted in this bibliographic pass,10.1016/s0169-8095(03)00050-4,,https://doi.org/10.1016/s0169-8095%2803%2900050-4,,2026-09-29
ref-438b0361509f,2003,The Kellerville Tornado during VORTEX: Damage Survey and Doppler Radar Analyses,Roger M. Wakimoto; Hanne V. Murphey; David C. Dowell; Howard B. Bluestein,True,Monthly Weather Review,journal,impacts,direct,bibliographic,Not extracted in this bibliographic pass,Not extracted; consult the primary source,Topic indexed from title and venue; exact target and horizon require source review,Bibliographic entry filed under damage recognition & impacts. Open the primary source for the study's methods and findings.,已核对题名、作者、出版信息与 DOI；主题归入“灾后视觉识别与影响评估”。具体方法、输入与结论待进一步阅读原文。,Not extracted in this bibliographic pass,10.1175/1520-0493(2003)131<2197:tktdvd>2.0.co;2,,https://doi.org/10.1175/1520-0493%282003%29131%3C2197%3Atktdvd%3E2.0.co%3B2,,2026-09-29
ref-b68162629d8c,2003,The spatial distribution of severe thunderstorm and tornado environments from global reanalysis data,Harold E Brooks; James W Lee; Jeffrey P Craven,True,Atmospheric Research,journal,climatology,direct,bibliographic,Not extracted in this bibliographic pass,Not extracted; consult the primary source,Topic indexed from title and venue; exact target and horizon require source review,Bibliographic entry filed under climatology & environments. Open the primary source for the study's methods and findings.,已核对题名、作者、出版信息与 DOI；主题归入“气候统计、环境与区域研究”。具体方法、输入与结论待进一步阅读原文。,Not extracted in this bibliographic pass,10.1016/s0169-8095(03)00045-0,,https://doi.org/10.1016/s0169-8095%2803%2900045-0,,2026-09-29
ref-3aa833b6e54c,2003,Tornado hazards in the United States,BJ Boruff; JA Easoz; SD Jones; HR Landry; JD Mitchem; SL Cutter,True,Climate Research,journal,foundations,direct,bibliographic,Not extracted in this bibliographic pass,Not extracted; consult the primary source,Topic indexed from title and venue; exact target and horizon require source review,Bibliographic entry filed under foundations & dynamics. Open the primary source for the study's methods and findings.,已核对题名、作者、出版信息与 DOI；主题归入“物理基础与龙卷动力学”。具体方法、输入与结论待进一步阅读原文。,Not extracted in this bibliographic pass,10.3354/cr024103,,https://doi.org/10.3354/cr024103,,2026-09-29
ref-526f1e46122f,2002,Analysis of Tornado Damage Tracks from the 3 May Tornado Outbreak Using Multispectral Satellite Imagery,May Yuan; Melany Dickens-Micozzi; Michael A. Magsig,True,Weather and Forecasting,journal,impacts,direct,bibliographic,Not extracted in this bibliographic pass,Not extracted; consult the primary source,Topic indexed from title and venue; exact target and horizon require source review,Bibliographic entry filed under damage recognition & impacts. Open the primary source for the study's methods and findings.,已核对题名、作者、出版信息与 DOI；主题归入“灾后视觉识别与影响评估”。具体方法、输入与结论待进一步阅读原文。,Not extracted in this bibliographic pass,10.1175/1520-0434(2002)017<0382:aotdtf>2.0.co;2,,https://doi.org/10.1175/1520-0434%282002%29017%3C0382%3Aaotdtf%3E2.0.co%3B2,,2026-09-29
ref-b72bc41ac6f3,2002,"Coordinating multi‐organisational responses to disaster: lessons from the March 28, 2000, Fort Worth tornado",David A. McEntire,True,Disaster Prevention and Management: An International Journal,journal,impacts,direct,bibliographic,Not extracted in this bibliographic pass,Not extracted; consult the primary source,Topic indexed from title and venue; exact target and horizon require source review,Bibliographic entry filed under damage recognition & impacts. Open the primary source for the study's methods and findings.,已核对题名、作者、出版信息与 DOI；主题归入“灾后视觉识别与影响评估”。具体方法、输入与结论待进一步阅读原文。,Not extracted in this bibliographic pass,10.1108/09653560210453416,,https://doi.org/10.1108/09653560210453416,,2026-09-29
ref-9545155cafcf,2002,Deaths in the 3 May 1999 Oklahoma City Tornado from a Historical Perspective,Harold E. Brooks; Charles A. Doswell III,True,Weather and Forecasting,journal,social,direct,bibliographic,Not extracted in this bibliographic pass,Not extracted; consult the primary source,Topic indexed from title and venue; exact target and horizon require source review,"Bibliographic entry filed under warnings, health & social response. Open the primary source for the study's methods and findings.",已核对题名、作者、出版信息与 DOI；主题归入“预警传播、健康与社会响应”。具体方法、输入与结论待进一步阅读原文。,Not extracted in this bibliographic pass,10.1175/1520-0434(2002)017<0354:ditmoc>2.0.co;2,,https://doi.org/10.1175/1520-0434%282002%29017%3C0354%3Aditmoc%3E2.0.co%3B2,,2026-09-29
markowski2002rfd,2002,Direct Surface Thermodynamic Observations within the Rear-Flank Downdrafts of Nontornadic and Tornadic Supercells,Paul M. Markowski; Jerry M. Straka; Erik N. Rasmussen,True,Monthly Weather Review,journal,foundations,direct,annotated,Mobile-mesonet observational comparison,Near-surface thermodynamic observations and soundings,Tornadic versus nontornadic rear-flank downdrafts; retrospective,Compares direct near-surface thermodynamic measurements in rear-flank downdrafts of tornadic and nontornadic supercells.,比较有龙卷与无龙卷超级单体后侧下沉气流中的近地面热力观测，为判断冷池与龙卷生成的关系提供实测依据。,United States,10.1175/1520-0493(2002)130<1692:dstowt>2.0.co;2,,https://doi.org/10.1175/1520-0493%282002%29130%3C1692%3Adstowt%3E2.0.co%3B2,,2026-09-29
ref-1b049b0b40a0,2002,Engineering Observations of 3 May 1999 Oklahoma Tornado Damage,Kai Pan; Peter Montpellier; Masoud Zadeh,True,Weather and Forecasting,journal,engineering,direct,bibliographic,Not extracted in this bibliographic pass,Not extracted; consult the primary source,Topic indexed from title and venue; exact target and horizon require source review,Bibliographic entry filed under wind engineering & structural resilience. Open the primary source for the study's methods and findings.,已核对题名、作者、出版信息与 DOI；主题归入“风工程、结构荷载与抗灾设计”。具体方法、输入与结论待进一步阅读原文。,Not extracted in this bibliographic pass,10.1175/1520-0434(2002)017<0599:eoomot>2.0.co;2,,https://doi.org/10.1175/1520-0434%282002%29017%3C0599%3Aeoomot%3E2.0.co%3B2,,2026-09-29
markowski2002,2002,Hook Echoes and Rear-Flank Downdrafts: A Review,Paul M. Markowski,True,Monthly Weather Review,journal,foundations,direct,annotated,Review of observations and mechanisms,Hook-echo and rear-flank-downdraft literature,Tornadogenesis mechanisms and unresolved questions,"Reviews how hook echoes and rear-flank downdrafts relate to tornado formation, including the limits of available observations and conceptual explanations.",综述钩状回波、后侧下沉气流与龙卷形成的关系，同时讨论观测不足及既有概念解释的局限。,Review,10.1175/1520-0493(2002)130<0852:hearfd>2.0.co;2,,https://doi.org/10.1175/1520-0493%282002%29130%3C0852%3Ahearfd%3E2.0.co%3B2,,2026-09-29
ref-f08d305efe9d,2002,Numerical Simulation of Two-Phase Flow in a Tornado Funnel,O. A. Sinkevich; S. E. Chikunov,True,High Temperature,journal,foundations,direct,bibliographic,Not extracted in this bibliographic pass,Not extracted; consult the primary source,Topic indexed from title and venue; exact target and horizon require source review,Bibliographic entry filed under foundations & dynamics. Open the primary source for the study's methods and findings.,已核对题名、作者、出版信息与 DOI；主题归入“物理基础与龙卷动力学”。具体方法、输入与结论待进一步阅读原文。,Not extracted in this bibliographic pass,10.1023/a:1019679517058,,https://doi.org/10.1023/a%3A1019679517058,,2026-09-29
ref-69ec97b57528,2002,Radar Observations of the 3 May 1999 Oklahoma City Tornado,Donald W. Burgess; Michael A. Magsig; Joshua Wurman; David C. Dowell; Yvette Richardson,True,Weather and Forecasting,journal,radar,direct,bibliographic,Not extracted in this bibliographic pass,Not extracted; consult the primary source,Topic indexed from title and venue; exact target and horizon require source review,Bibliographic entry filed under radar signatures & tracking. Open the primary source for the study's methods and findings.,已核对题名、作者、出版信息与 DOI；主题归入“雷达特征、识别与追踪”。具体方法、输入与结论待进一步阅读原文。,Not extracted in this bibliographic pass,10.1175/1520-0434(2002)017<0456:rootmo>2.0.co;2,,https://doi.org/10.1175/1520-0434%282002%29017%3C0456%3Arootmo%3E2.0.co%3B2,,2026-09-29
ref-e4eb0a943193,2002,Response to Warnings during the 3 May 1999 Oklahoma City Tornado: Reasons and Relative Injury Rates,Barbara Hammer; Thomas W. Schmidlin,True,Weather and Forecasting,journal,social,direct,bibliographic,Not extracted in this bibliographic pass,Not extracted; consult the primary source,Topic indexed from title and venue; exact target and horizon require source review,"Bibliographic entry filed under warnings, health & social response. Open the primary source for the study's methods and findings.",已核对题名、作者、出版信息与 DOI；主题归入“预警传播、健康与社会响应”。具体方法、输入与结论待进一步阅读原文。,Not extracted in this bibliographic pass,10.1175/1520-0434(2002)017<0577:rtwdtm>2.0.co;2,,https://doi.org/10.1175/1520-0434%282002%29017%3C0577%3Artwdtm%3E2.0.co%3B2,,2026-09-29
ref-c3aef539dd55,2002,Storm Prediction Center Forecasting Issues Related to the 3 May 1999 Tornado Outbreak,Roger Edwards; Stephen F. Corfidi; Richard L. Thompson; Jeffry S. Evans; Jeffrey P. Craven; Jonathan P. Racy; Daniel W. McCarthy; Michael D. Vescio,True,Weather and Forecasting,journal,forecast,direct,bibliographic,Not extracted in this bibliographic pass,Not extracted; consult the primary source,Topic indexed from title and venue; exact target and horizon require source review,Bibliographic entry filed under probabilistic guidance & operations. Open the primary source for the study's methods and findings.,已核对题名、作者、出版信息与 DOI；主题归入“概率预报、数值模式与业务应用”。具体方法、输入与结论待进一步阅读原文。,Not extracted in this bibliographic pass,10.1175/1520-0434(2002)017<0544:spcfir>2.0.co;2,,https://doi.org/10.1175/1520-0434%282002%29017%3C0544%3Aspcfir%3E2.0.co%3B2,,2026-09-29
ref-cac57c45a8b8,2002,Synoptic Regulation of the 3 May 1999 Tornado Outbreak,Paul J. Roebber; David M. Schultz; Romualdo Romero,True,Weather and Forecasting,journal,foundations,direct,bibliographic,Not extracted in this bibliographic pass,Not extracted; consult the primary source,Topic indexed from title and venue; exact target and horizon require source review,Bibliographic entry filed under foundations & dynamics. Open the primary source for the study's methods and findings.,已核对题名、作者、出版信息与 DOI；主题归入“物理基础与龙卷动力学”。具体方法、输入与结论待进一步阅读原文。,Not extracted in this bibliographic pass,10.1175/1520-0434(2002)017<0399:srotmt>2.0.co;2,,https://doi.org/10.1175/1520-0434%282002%29017%3C0399%3Asrotmt%3E2.0.co%3B2,,2026-09-29
ref-2f29be93b1f5,2002,"The 8 June 1995 McLean, Texas, Storm. Part II: Cyclic Tornado Formation, Maintenance, and Dissipation",David C. Dowell; Howard B. Bluestein,True,Monthly Weather Review,journal,foundations,direct,bibliographic,Not extracted in this bibliographic pass,Not extracted; consult the primary source,Topic indexed from title and venue; exact target and horizon require source review,Bibliographic entry filed under foundations & dynamics. Open the primary source for the study's methods and findings.,已核对题名、作者、出版信息与 DOI；主题归入“物理基础与龙卷动力学”。具体方法、输入与结论待进一步阅读原文。,Not extracted in this bibliographic pass,10.1175/1520-0493(2002)130<2649:tjmtsp>2.0.co;2,,https://doi.org/10.1175/1520-0493%282002%29130%3C2649%3Atjmtsp%3E2.0.co%3B2,,2026-09-29
ref-53c2e671dbe1,2002,The Multiple-Vortex Structure of a Tornado,Joshua Wurman,True,Weather and Forecasting,journal,foundations,direct,bibliographic,Not extracted in this bibliographic pass,Not extracted; consult the primary source,Topic indexed from title and venue; exact target and horizon require source review,Bibliographic entry filed under foundations & dynamics. Open the primary source for the study's methods and findings.,已核对题名、作者、出版信息与 DOI；主题归入“物理基础与龙卷动力学”。具体方法、输入与结论待进一步阅读原文。,Not extracted in this bibliographic pass,10.1175/1520-0434(2002)017<0473:tmvsoa>2.0.co;2,,https://doi.org/10.1175/1520-0434%282002%29017%3C0473%3Atmvsoa%3E2.0.co%3B2,,2026-09-29
ref-7d03770ad9e4,2002,"Tornado Damage Survey at Moore, Oklahoma",Timothy P. Marshall,True,Weather and Forecasting,journal,impacts,direct,bibliographic,Not extracted in this bibliographic pass,Not extracted; consult the primary source,Topic indexed from title and venue; exact target and horizon require source review,Bibliographic entry filed under damage recognition & impacts. Open the primary source for the study's methods and findings.,已核对题名、作者、出版信息与 DOI；主题归入“灾后视觉识别与影响评估”。具体方法、输入与结论待进一步阅读原文。,Not extracted in this bibliographic pass,10.1175/1520-0434(2002)017<0582:tdsamo>2.0.co;2,,https://doi.org/10.1175/1520-0434%282002%29017%3C0582%3Atdsamo%3E2.0.co%3B2,,2026-09-29
renno2001,2001,A Simple Theory for Waterspouts,Nilton O. Rennó; Howard B. Bluestein,True,Journal of the Atmospheric Sciences,journal,foundations,direct,annotated,Thermodynamic waterspout theory,Idealized surface heat fluxes and convective vortex energetics,Waterspout intensity mechanisms,Uses a heat-engine framework to interpret waterspout intensification and possible limits associated with surface fluxes and spray evaporation.,用热机框架讨论水龙卷增强及其限制，联系海面通量、对流和水滴蒸发等过程。,Idealized theory,10.1175/1520-0469(2001)058<0927:astfw>2.0.co;2,,https://doi.org/10.1175/1520-0469%282001%29058%3C0927%3Aastfw%3E2.0.co%3B2,,2026-09-29
ref-1823985bbee1,2001,Advances in tornado and storm research in the United Kingdom and Europe: the role of the Tornado and Storm Research Organisation,D.M. Elsom; G.T. Meaden; D.J. Reynolds; M.W. Rowe; J.D.C. Webb,True,Atmospheric Research,journal,foundations,direct,bibliographic,Not extracted in this bibliographic pass,Not extracted; consult the primary source,Topic indexed from title and venue; exact target and horizon require source review,Bibliographic entry filed under foundations & dynamics. Open the primary source for the study's methods and findings.,已核对题名、作者、出版信息与 DOI；主题归入“物理基础与龙卷动力学”。具体方法、输入与结论待进一步阅读原文。,Not extracted in this bibliographic pass,10.1016/s0169-8095(00)00084-3,,https://doi.org/10.1016/s0169-8095%2800%2900084-3,,2026-09-29
ref-ebf4894cdb7e,2001,Improving Tornado Warnings with the Federal Aviation Administration's Terminal Doppler Weather Radar,Steven V. Vasiloff,True,Bulletin of the American Meteorological Society,journal,radar,direct,bibliographic,Not extracted in this bibliographic pass,Not extracted; consult the primary source,Topic indexed from title and venue; exact target and horizon require source review,Bibliographic entry filed under radar signatures & tracking. Open the primary source for the study's methods and findings.,已核对题名、作者、出版信息与 DOI；主题归入“雷达特征、识别与追踪”。具体方法、输入与结论待进一步阅读原文。,Not extracted in this bibliographic pass,10.1175/1520-0477(2001)082<0861:itwwtf>2.3.co;2,,https://doi.org/10.1175/1520-0477%282001%29082%3C0861%3Aitwwtf%3E2.3.co%3B2,,2026-09-29
ref-8beb48185ada,2001,Mesocyclone and Microburst Signature Distortion with Dual PRT Radars,Peter T. May,True,Journal of Atmospheric and Oceanic Technology,journal,radar,direct,bibliographic,Not extracted in this bibliographic pass,Not extracted; consult the primary source,Topic indexed from title and venue; exact target and horizon require source review,Bibliographic entry filed under radar signatures & tracking. Open the primary source for the study's methods and findings.,已核对题名、作者、出版信息与 DOI；主题归入“雷达特征、识别与追踪”。具体方法、输入与结论待进一步阅读原文。,Not extracted in this bibliographic pass,10.1175/1520-0426(2001)018<1229:mamsdw>2.0.co;2,,https://doi.org/10.1175/1520-0426%282001%29018%3C1229%3Amamsdw%3E2.0.co%3B2,,2026-09-29
ref-7e357fa7b476,2001,Modelling of tornado and microburst-induced wind loading and failure of a lattice transmission tower,Eric Savory; Gerard A.R Parke; Mostafa Zeinoddini; Norman Toy; Peter Disney,True,Engineering Structures,journal,engineering,direct,bibliographic,Not extracted in this bibliographic pass,Not extracted; consult the primary source,Topic indexed from title and venue; exact target and horizon require source review,Bibliographic entry filed under wind engineering & structural resilience. Open the primary source for the study's methods and findings.,已核对题名、作者、出版信息与 DOI；主题归入“风工程、结构荷载与抗灾设计”。具体方法、输入与结论待进一步阅读原文。,Not extracted in this bibliographic pass,10.1016/s0141-0296(00)00045-6,,https://doi.org/10.1016/s0141-0296%2800%2900045-6,,2026-09-29
ref-2a8acfb4720f,2001,Nonhydrostatic Barotropic Instability: Applicability to Nonsupercell Tornadogenesis,Mankin Mak,True,Journal of the Atmospheric Sciences,journal,foundations,direct,bibliographic,Not extracted in this bibliographic pass,Not extracted; consult the primary source,Topic indexed from title and venue; exact target and horizon require source review,Bibliographic entry filed under foundations & dynamics. Open the primary source for the study's methods and findings.,已核对题名、作者、出版信息与 DOI；主题归入“物理基础与龙卷动力学”。具体方法、输入与结论待进一步阅读原文。,Not extracted in this bibliographic pass,10.1175/1520-0469(2001)058<1965:nbiatn>2.0.co;2,,https://doi.org/10.1175/1520-0469%282001%29058%3C1965%3Anbiatn%3E2.0.co%3B2,,2026-09-29
ref-b1b1279a547d,2001,T. Theodore Fujita: His Contribution to Tornado Knowledge through Damage Documentation and the Fujita Scale,James R. McDonald,True,Bulletin of the American Meteorological Society,journal,rating,direct,bibliographic,Not extracted in this bibliographic pass,Not extracted; consult the primary source,Topic indexed from title and venue; exact target and horizon require source review,Bibliographic entry filed under intensity & damage-based rating. Open the primary source for the study's methods and findings.,已核对题名、作者、出版信息与 DOI；主题归入“强度估计与灾损分级”。具体方法、输入与结论待进一步阅读原文。,Not extracted in this bibliographic pass,10.1175/1520-0477(2001)000<0063:ttfhct>2.3.co;2,,https://doi.org/10.1175/1520-0477%282001%29000%3C0063%3Attfhct%3E2.3.co%3B2,,2026-09-29
ref-dd894443286b,2001,Tornado climatology of Austria,A.M. Holzer,True,Atmospheric Research,journal,climatology,direct,bibliographic,Not extracted in this bibliographic pass,Not extracted; consult the primary source,Topic indexed from title and venue; exact target and horizon require source review,Bibliographic entry filed under climatology & environments. Open the primary source for the study's methods and findings.,已核对题名、作者、出版信息与 DOI；主题归入“气候统计、环境与区域研究”。具体方法、输入与结论待进一步阅读原文。,Not extracted in this bibliographic pass,10.1016/s0169-8095(00)00073-9,,https://doi.org/10.1016/s0169-8095%2800%2900073-9,,2026-09-29
ref-5108b5f79e4a,2001,Tornado climatology of Canada revisited: tornado activity during different phases of ENSO,David Etkin; Soren E. Brun; Amir Shabbar; Paul Joe,True,International Journal of Climatology,journal,climatology,direct,bibliographic,Not extracted in this bibliographic pass,Not extracted; consult the primary source,Topic indexed from title and venue; exact target and horizon require source review,Bibliographic entry filed under climatology & environments. Open the primary source for the study's methods and findings.,已核对题名、作者、出版信息与 DOI；主题归入“气候统计、环境与区域研究”。具体方法、输入与结论待进一步阅读原文。,Not extracted in this bibliographic pass,10.1002/joc.654,,https://doi.org/10.1002/joc.654,,2026-09-29
daviesjones2001,2001,Tornadoes and Tornadic Storms,Robert Davies-Jones; Robert J. Trapp; Howard B. Bluestein,True,"Severe Convective Storms, Meteorological Monographs",chapter,foundations,direct,annotated,Physical synthesis,Observations and storm dynamics,Tornadogenesis and tornadic storms,A physical reference to read alongside data-driven tornado papers.,系统学习龙卷与母体风暴的物理机制，为数据驱动模型建立概念底座。,Unspecified,10.1007/978-1-935704-06-5_5,,https://doi.org/10.1007/978-1-935704-06-5_5,,2026-09-29
ref-f52b4f5cac81,2000,An Overview of Environmental Conditions and Forecast Implications of the 3 May 1999 Tornado Outbreak,Richard L. Thompson; Roger Edwards,True,Weather and Forecasting,journal,forecast,direct,bibliographic,Not extracted in this bibliographic pass,Not extracted; consult the primary source,Topic indexed from title and venue; exact target and horizon require source review,Bibliographic entry filed under probabilistic guidance & operations. Open the primary source for the study's methods and findings.,已核对题名、作者、出版信息与 DOI；主题归入“概率预报、数值模式与业务应用”。具体方法、输入与结论待进一步阅读原文。,Not extracted in this bibliographic pass,10.1175/1520-0434(2000)015<0682:aooeca>2.0.co;2,,https://doi.org/10.1175/1520-0434%282000%29015%3C0682%3Aaooeca%3E2.0.co%3B2,,2026-09-29
wurman2000,2000,"Finescale Radar Observations of the Dimmitt, Texas (2 June 1995), Tornado",Joshua Wurman; Swarndeep Gill,True,Monthly Weather Review,journal,radar,direct,annotated,Mobile Doppler radar case study,Doppler on Wheels volumetric observations,Fine-scale tornado structure and evolution,Uses close-range mobile radar to document the evolving three-dimensional structure of the Dimmitt tornado.,利用近距离车载多普勒雷达观测Dimmitt龙卷的三维细尺度结构与演变，补充固定站雷达以外的测量路线。,"Texas, United States",10.1175/1520-0493(2000)128<2135:frootd>2.0.co;2,,https://doi.org/10.1175/1520-0493%282000%29128%3C2135%3Afrootd%3E2.0.co%3B2,,2026-09-29
ref-937ed3e1b8ab,2000,"Predictors for People’s Response to a Tornado Warning: Arkansas, 1 March 1997",Lina Balluz; Laura Schieve; Talmage Holmes; Stephanie Kiezak; Josephine Malilay,True,Disasters,journal,forecast,direct,bibliographic,Not extracted in this bibliographic pass,Not extracted; consult the primary source,Topic indexed from title and venue; exact target and horizon require source review,Bibliographic entry filed under probabilistic guidance & operations. Open the primary source for the study's methods and findings.,已核对题名、作者、出版信息与 DOI；主题归入“概率预报、数值模式与业务应用”。具体方法、输入与结论待进一步阅读原文。,Not extracted in this bibliographic pass,10.1111/1467-7717.00132,,https://doi.org/10.1111/1467-7717.00132,,2026-09-29
ref-22f400115b17,2000,Radar analysis of a tornado over hilly terrain on 23 July 1996,R Hannesen; N Dotzek; J Handwerker,True,"Physics and Chemistry of the Earth, Part B: Hydrology, Oceans and Atmosphere",journal,radar,direct,bibliographic,Not extracted in this bibliographic pass,Not extracted; consult the primary source,Topic indexed from title and venue; exact target and horizon require source review,Bibliographic entry filed under radar signatures & tracking. Open the primary source for the study's methods and findings.,已核对题名、作者、出版信息与 DOI；主题归入“雷达特征、识别与追踪”。具体方法、输入与结论待进一步阅读原文。,Not extracted in this bibliographic pass,10.1016/s1464-1909(00)00156-8,,https://doi.org/10.1016/s1464-1909%2800%2900156-8,,2026-09-29
ref-d3920e647932,2000,"The 12 July 1995 Pinellas County, Florida, Tornado/Waterspout",Waylon G. Collins; Charles H. Paxton; Joseph H. Golden,True,Weather and Forecasting,journal,foundations,direct,bibliographic,Not extracted in this bibliographic pass,Not extracted; consult the primary source,Topic indexed from title and venue; exact target and horizon require source review,Bibliographic entry filed under foundations & dynamics. Open the primary source for the study's methods and findings.,已核对题名、作者、出版信息与 DOI；主题归入“物理基础与龙卷动力学”。具体方法、输入与结论待进一步阅读原文。,Not extracted in this bibliographic pass,10.1175/1520-0434(2000)015<0122:tjpcft>2.0.co;2,,https://doi.org/10.1175/1520-0434%282000%29015%3C0122%3Atjpcft%3E2.0.co%3B2,,2026-09-29
ref-214075efdb75,2000,The Influence of a Local Swirl Ratio on Tornado Intensification near the Surface,D. C. Lewellen; W. S. Lewellen; J. Xia,True,Journal of the Atmospheric Sciences,journal,foundations,direct,bibliographic,Not extracted in this bibliographic pass,Not extracted; consult the primary source,Topic indexed from title and venue; exact target and horizon require source review,Bibliographic entry filed under foundations & dynamics. Open the primary source for the study's methods and findings.,已核对题名、作者、出版信息与 DOI；主题归入“物理基础与龙卷动力学”。具体方法、输入与结论待进一步阅读原文。,Not extracted in this bibliographic pass,10.1175/1520-0469(2000)057<0527:tioals>2.0.co;2,,https://doi.org/10.1175/1520-0469%282000%29057%3C0527%3Atioals%3E2.0.co%3B2,,2026-09-29
ref-aec0be6b2841,2000,"The Tornado Problem: Forecast, Warning, and Response",Joseph H. Golden; Christopher R. Adams,True,Natural Hazards Review,journal,forecast,direct,bibliographic,Not extracted in this bibliographic pass,Not extracted; consult the primary source,Topic indexed from title and venue; exact target and horizon require source review,Bibliographic entry filed under probabilistic guidance & operations. Open the primary source for the study's methods and findings.,已核对题名、作者、出版信息与 DOI；主题归入“概率预报、数值模式与业务应用”。具体方法、输入与结论待进一步阅读原文。,Not extracted in this bibliographic pass,10.1061/(asce)1527-6988(2000)1:2(107),,https://doi.org/10.1061/%28asce%291527-6988%282000%291%3A2%28107%29,,2026-09-29
ref-6444e007c54d,2000,"Tornado Preparedness of Students, Nonstudent Renters, and Nonstudent Owners: Issues of PrE Theory1",JOHN‐PAUL MULILIS; T. SHELLEY DUVAL; Karen Bovalino,True,Journal of Applied Social Psychology,journal,social,direct,bibliographic,Not extracted in this bibliographic pass,Not extracted; consult the primary source,Topic indexed from title and venue; exact target and horizon require source review,"Bibliographic entry filed under warnings, health & social response. Open the primary source for the study's methods and findings.",已核对题名、作者、出版信息与 DOI；主题归入“预警传播、健康与社会响应”。具体方法、输入与结论待进一步阅读原文。,Not extracted in this bibliographic pass,10.1111/j.1559-1816.2000.tb02522.x,,https://doi.org/10.1111/j.1559-1816.2000.tb02522.x,,2026-09-29
ref-7b71245ed586,1999,Storm Spotting and Public Awareness since the First Tornado Forecasts of 1948,Charles A. Doswell III; Alan R. Moller; Harold E. Brooks,True,Weather and Forecasting,journal,social,direct,bibliographic,Not extracted in this bibliographic pass,Not extracted; consult the primary source,Topic indexed from title and venue; exact target and horizon require source review,"Bibliographic entry filed under warnings, health & social response. Open the primary source for the study's methods and findings.",已核对题名、作者、出版信息与 DOI；主题归入“预警传播、健康与社会响应”。具体方法、输入与结论待进一步阅读原文。,Not extracted in this bibliographic pass,10.1175/1520-0434(1999)014<0544:ssapas>2.0.co;2,,https://doi.org/10.1175/1520-0434%281999%29014%3C0544%3Assapas%3E2.0.co%3B2,,2026-09-29
ref-808b57dc9187,1999,The Notion of “Best Predictors”: An Application to Tornado Prediction,Caren Marzban; E. De Wayne Mitchell; Gregory J. Stumpf,True,Weather and Forecasting,journal,forecast,direct,bibliographic,Not extracted in this bibliographic pass,Not extracted; consult the primary source,Topic indexed from title and venue; exact target and horizon require source review,Bibliographic entry filed under probabilistic guidance & operations. Open the primary source for the study's methods and findings.,已核对题名、作者、出版信息与 DOI；主题归入“概率预报、数值模式与业务应用”。具体方法、输入与结论待进一步阅读原文。,Not extracted in this bibliographic pass,10.1175/1520-0434(1999)014<1007:tnobpa>2.0.co;2,,https://doi.org/10.1175/1520-0434%281999%29014%3C1007%3Atnobpa%3E2.0.co%3B2,,2026-09-29
nolan1999,1999,The Structure and Dynamics of Tornado-Like Vortices,David S. Nolan; Brian F. Farrell,True,Journal of the Atmospheric Sciences,journal,foundations,direct,annotated,Axisymmetric incompressible numerical vortex modeling,Idealized convective/rotational forcing and eddy viscosity,"Vortex structure, dynamics and maximum winds in a controlled model","Investigates how forcing and viscosity control idealized tornado-like vortices, providing a physical reference for vortex simulation and scaling.",研究对流强迫、旋转强迫和涡黏性如何影响理想化类龙卷涡旋的结构与动力学，为数值模拟与尺度分析提供基础。,Idealized model,10.1175/1520-0469(1999)056<2908:TSADOT>2.0.CO;2,,https://journals.ametsoc.org/view/journals/atsc/56/16/1520-0469_1999_056_2908_tsadot_2.0.co_2.xml,,2026-09-29
ref-6fc81b07b0e5,1998,Comment on AMS Policy Statement on Tornado Forecasting and Warning,Joel N. Myers,True,Bulletin of the American Meteorological Society,journal,forecast,direct,bibliographic,Not extracted in this bibliographic pass,Not extracted; consult the primary source,Topic indexed from title and venue; exact target and horizon require source review,Bibliographic entry filed under probabilistic guidance & operations. Open the primary source for the study's methods and findings.,已核对题名、作者、出版信息与 DOI；主题归入“概率预报、数值模式与业务应用”。具体方法、输入与结论待进一步阅读原文。,Not extracted in this bibliographic pass,10.1175/1520-0477-79.4.660,,https://doi.org/10.1175/1520-0477-79.4.660,,2026-09-29
ref-81f25100a862,1998,Long-Distance Debris Transport by Tornadic Thunderstorms.Part I: The 7 May 1995 Supercell Thunderstorm,Michael A. Magsig; John T. Snow,True,Monthly Weather Review,journal,foundations,direct,bibliographic,Not extracted in this bibliographic pass,Not extracted; consult the primary source,Topic indexed from title and venue; exact target and horizon require source review,Bibliographic entry filed under foundations & dynamics. Open the primary source for the study's methods and findings.,已核对题名、作者、出版信息与 DOI；主题归入“物理基础与龙卷动力学”。具体方法、输入与结论待进一步阅读原文。,Not extracted in this bibliographic pass,10.1175/1520-0493(1998)126<1430:lddtbt>2.0.co;2,,https://doi.org/10.1175/1520-0493%281998%29126%3C1430%3Alddtbt%3E2.0.co%3B2,,2026-09-29
ref-08a9035bfc0e,1998,Mesoscale Dynamics in the Palm Sunday Tornado Outbreak,Steven E. Koch; David Hamilton; Devin Kramer; Adam Langmaid,True,Monthly Weather Review,journal,climatology,direct,bibliographic,Not extracted in this bibliographic pass,Not extracted; consult the primary source,Topic indexed from title and venue; exact target and horizon require source review,Bibliographic entry filed under climatology & environments. Open the primary source for the study's methods and findings.,已核对题名、作者、出版信息与 DOI；主题归入“气候统计、环境与区域研究”。具体方法、输入与结论待进一步阅读原文。,Not extracted in this bibliographic pass,10.1175/1520-0493(1998)126<2031:mditps>2.0.co;2,,https://doi.org/10.1175/1520-0493%281998%29126%3C2031%3Amditps%3E2.0.co%3B2,,2026-09-29
ref-382d3ed35388,1998,Optimizing the WSR-88D Mesocyclone/Tornadic Vortex Signature Algorithm Using WATADS—A Case Study,Gregory A. Tipton; Eric D. Howieson; John A. Margraf; Robert R. Lee,True,Weather and Forecasting,journal,radar,direct,bibliographic,Not extracted in this bibliographic pass,Not extracted; consult the primary source,Topic indexed from title and venue; exact target and horizon require source review,Bibliographic entry filed under radar signatures & tracking. Open the primary source for the study's methods and findings.,已核对题名、作者、出版信息与 DOI；主题归入“雷达特征、识别与追踪”。具体方法、输入与结论待进一步阅读原文。,Not extracted in this bibliographic pass,10.1175/1520-0434(1998)013<0367:otwmtv>2.0.co;2,,https://doi.org/10.1175/1520-0434%281998%29013%3C0367%3Aotwmtv%3E2.0.co%3B2,,2026-09-29
stumpf1998,1998,The National Severe Storms Laboratory Mesocyclone Detection Algorithm for the WSR-88D,Gregory J. Stumpf; Arthur Witt; E. DeWayne Mitchell; Phillip L. Spencer; J. T. Johnson; Michael D. Eilts; Kevin W. Thomas; Donald W. Burgess,True,Weather and Forecasting,journal,radar,context,annotated,Mesocyclone Detection Algorithm,WSR-88D radial-velocity features across space and time,Detection and diagnosis of storm-scale vortices,"Describes the NSSL MDA, including range-dependent thresholds, vertical and temporal associations, and neural diagnosis of vortex significance.",介绍NSSL中气旋检测算法中的距离相关阈值、垂直与时间关联以及神经网络诊断，补齐业务涡旋检测算法的关键环节。,United States,10.1175/1520-0434(1998)013<0304:tnsslm>2.0.co;2,,https://doi.org/10.1175/1520-0434%281998%29013%3C0304%3Atnsslm%3E2.0.co%3B2,,2026-09-29
mitchell1998,1998,The National Severe Storms Laboratory Tornado Detection Algorithm,E. De Wayne Mitchell; Steven V. Vasiloff; Gregory J. Stumpf; Arthur Witt; Michael D. Eilts; J. T. Johnson; Kevin W. Thomas,True,Weather and Forecasting,journal,radar,direct,annotated,Rule-based tornado detection,Doppler radar,Tornadic circulation detection,A key operational-algorithm reference for the transition from signatures to automated detection.,从雷达物理特征走向自动检测的关键业务算法文献。,US,10.1175/1520-0434(1998)013<0352:tnsslt>2.0.co;2,,https://journals.ametsoc.org/view/journals/wefo/13/2/1520-0434_1998_013_0352_tnsslt_2_0_co_2.xml,,2026-09-29
johnson1998,1998,The Storm Cell Identification and Tracking Algorithm: An Enhanced WSR-88D Algorithm,J. T. Johnson; Pamela L. MacKeen; Arthur Witt; E. De Wayne Mitchell; Gregory J. Stumpf; Michael D. Eilts; Kevin W. Thomas,True,Weather and Forecasting,journal,radar,context,annotated,Object identification and tracking,WSR-88D reflectivity,Storm-cell detection and tracks,Read for the storm-object machinery underlying later warning and ML systems.,风暴单体识别与追踪是后续预警与机器学习的基础设施；不是龙卷确认器。,US,10.1175/1520-0434(1998)013<0263:tsciat>2.0.co;2,,https://journals.ametsoc.org/abstract/journals/wefo/13/2/1520-0434_1998_013_0263_tsciat_2_0_co_2.xml,,2026-09-29
ref-061e927938b7,1997,A TORNADO CLIMATOLOGY FOR INDIANA,Sara C. Pryor; Tim Kurzhal,True,Physical Geography,journal,climatology,direct,bibliographic,Not extracted in this bibliographic pass,Not extracted; consult the primary source,Topic indexed from title and venue; exact target and horizon require source review,Bibliographic entry filed under climatology & environments. Open the primary source for the study's methods and findings.,已核对题名、作者、出版信息与 DOI；主题归入“气候统计、环境与区域研究”。具体方法、输入与结论待进一步阅读原文。,Not extracted in this bibliographic pass,10.1080/02723646.1997.10642633,,https://doi.org/10.1080/02723646.1997.10642633,,2026-09-29
ref-3d770203cc81,1997,Airborne Doppler Radar Analysis of a TOGA COARE Waterspout Storm,Johannes Verlinde,True,Monthly Weather Review,journal,radar,direct,bibliographic,Not extracted in this bibliographic pass,Not extracted; consult the primary source,Topic indexed from title and venue; exact target and horizon require source review,Bibliographic entry filed under radar signatures & tracking. Open the primary source for the study's methods and findings.,已核对题名、作者、出版信息与 DOI；主题归入“雷达特征、识别与追踪”。具体方法、输入与结论待进一步阅读原文。,Not extracted in this bibliographic pass,10.1175/1520-0493(1997)125<3008:adraoa>2.0.co;2,,https://doi.org/10.1175/1520-0493%281997%29125%3C3008%3Aadraoa%3E2.0.co%3B2,,2026-09-29
ref-22a5c5621a96,1997,"Doppler Radar Analysis of the Northfield, Texas, Tornado of 25 May 1994",Howard B. Bluestein; Wesley P. Unruh; David C. Dowell; Todd A. Hutchinson; Todd M. Crawford; Andrew C. Wood; Herbert Stein,True,Monthly Weather Review,journal,radar,direct,bibliographic,Not extracted in this bibliographic pass,Not extracted; consult the primary source,Topic indexed from title and venue; exact target and horizon require source review,Bibliographic entry filed under radar signatures & tracking. Open the primary source for the study's methods and findings.,已核对题名、作者、出版信息与 DOI；主题归入“雷达特征、识别与追踪”。具体方法、输入与结论待进一步阅读原文。,Not extracted in this bibliographic pass,10.1175/1520-0493(1997)125<0212:draotn>2.0.co;2,,https://doi.org/10.1175/1520-0493%281997%29125%3C0212%3Adraotn%3E2.0.co%3B2,,2026-09-29
lee1997a,1997,The Numerical Simulation of Non-Supercell Tornadogenesis. Part I: Initiation and Evolution of Pretornadic Misocyclone Circulations along a Dry Outflow Boundary,Bruce D. Lee; Robert B. Wilhelmson,True,Journal of the Atmospheric Sciences,journal,foundations,direct,annotated,High-resolution numerical simulation,Dry outflow boundary and environmental shear,Pretornadic misocyclone initiation and evolution,Studies the development of small boundary vortices before non-supercell tornadogenesis using controlled dry-boundary simulations.,在控制条件下模拟干出流边界上的小尺度涡旋形成与演变，补充非超级单体龙卷生成之前的动力过程。,Idealized simulation,10.1175/1520-0469(1997)054<0032:tnsons>2.0.co;2,,https://doi.org/10.1175/1520-0469%281997%29054%3C0032%3Atnsons%3E2.0.co%3B2,,2026-09-29
lee1997b,1997,The Numerical Simulation of Nonsupercell Tornadogenesis. Part II: Evolution of a Family of Tornadoes along a Weak Outflow Boundary,Bruce D. Lee; Robert B. Wilhelmson,True,Journal of the Atmospheric Sciences,journal,foundations,direct,annotated,Numerical non-supercell tornadogenesis,Weak outflow boundary and developing convection,Evolution of a family of simulated tornadoes,Extends boundary-vortex simulations to the development of a tornado family along a weak outflow boundary.,进一步研究弱出流边界上的龙卷群如何演变，补足以超级单体为中心的文献目录容易遗漏的生成机制。,Idealized simulation,10.1175/1520-0469(1997)054<2387:tnsont>2.0.co;2,,https://doi.org/10.1175/1520-0469%281997%29054%3C2387%3Atnsont%3E2.0.co%3B2,,2026-09-29
ref-6498bae438c2,1997,The PrE Model of Coping and Tornado Preparedness: Moderating Effects of Responsibility,John‐Paul Mulilis; T. Shelley Duval,True,Journal of Applied Social Psychology,journal,social,direct,bibliographic,Not extracted in this bibliographic pass,Not extracted; consult the primary source,Topic indexed from title and venue; exact target and horizon require source review,"Bibliographic entry filed under warnings, health & social response. Open the primary source for the study's methods and findings.",已核对题名、作者、出版信息与 DOI；主题归入“预警传播、健康与社会响应”。具体方法、输入与结论待进一步阅读原文。,Not extracted in this bibliographic pass,10.1111/j.1559-1816.1997.tb01623.x,,https://doi.org/10.1111/j.1559-1816.1997.tb01623.x,,2026-09-29
ref-40167c959bf4,1997,"Tornado damage and initial recovery in three adjacent, lowland temperate forests in Missouri",Chris J. Peterson; Alan J. Rebertus,True,Journal of Vegetation Science,journal,impacts,direct,bibliographic,Not extracted in this bibliographic pass,Not extracted; consult the primary source,Topic indexed from title and venue; exact target and horizon require source review,Bibliographic entry filed under damage recognition & impacts. Open the primary source for the study's methods and findings.,已核对题名、作者、出版信息与 DOI；主题归入“灾后视觉识别与影响评估”。具体方法、输入与结论待进一步阅读原文。,Not extracted in this bibliographic pass,10.2307/3237207,,https://doi.org/10.2307/3237207,,2026-09-29
ref-8cb8ae1eeedb,1997,Tornado risk model for transmission line design,R.V. Milford; A.M. Goliger,True,Journal of Wind Engineering and Industrial Aerodynamics,journal,engineering,direct,bibliographic,Not extracted in this bibliographic pass,Not extracted; consult the primary source,Topic indexed from title and venue; exact target and horizon require source review,Bibliographic entry filed under wind engineering & structural resilience. Open the primary source for the study's methods and findings.,已核对题名、作者、出版信息与 DOI；主题归入“风工程、结构荷载与抗灾设计”。具体方法、输入与结论待进一步阅读原文。,Not extracted in this bibliographic pass,10.1016/s0167-6105(97)00262-6,,https://doi.org/10.1016/s0167-6105%2897%2900262-6,,2026-09-29
marzban1996,1996,A Neural Network for Tornado Prediction Based on Doppler Radar-Derived Attributes,Caren Marzban; Gregory J. Stumpf,True,Journal of Applied Meteorology,journal,ml,direct,annotated,Feed-forward neural network,Radar-derived attributes,Tornado prediction; inspect original horizon,An early neural-network approach using engineered radar attributes.,神经网络并非近年才进入龙卷研究；这篇展示人工雷达特征与早期网络的结合。,US,,,https://journals.ametsoc.org/view/journals/apme/35/5/1520-0450_1996_035_0617_annftp_2_0_co_2.xml,,2026-09-29
ref-fe8aee2d79e0,1996,Storm-Relative Winds and Helicity in the Tornadic Thunderstorm Environment,Brynn W. Kerr; Grant L. Darkow,True,Weather and Forecasting,journal,climatology,direct,bibliographic,Not extracted in this bibliographic pass,Not extracted; consult the primary source,Topic indexed from title and venue; exact target and horizon require source review,Bibliographic entry filed under climatology & environments. Open the primary source for the study's methods and findings.,已核对题名、作者、出版信息与 DOI；主题归入“气候统计、环境与区域研究”。具体方法、输入与结论待进一步阅读原文。,Not extracted in this bibliographic pass,10.1175/1520-0434(1996)011<0489:srwahi>2.0.co;2,,https://doi.org/10.1175/1520-0434%281996%29011%3C0489%3Asrwahi%3E2.0.co%3B2,,2026-09-29
murphy1996,1996,The Finley Affair: A Signal Event in the History of Forecast Verification,Allan H. Murphy,True,Weather and Forecasting,journal,evaluation,direct,annotated,Historical forecast-verification analysis,Finley tornado forecasts and contemporary critiques,Rare-event forecast verification and skill interpretation,Revisits the Finley tornado-forecast debate to explain the origins of forecast verification and the pitfalls of raw accuracy for rare events.,回顾Finley龙卷预报争论，说明预报检验的历史来源以及罕见事件中仅看准确率的缺陷。,United States historical forecasts,10.1175/1520-0434(1996)011<0003:tfaase>2.0.co;2,,https://doi.org/10.1175/1520-0434%281996%29011%3C0003%3Atfaase%3E2.0.co%3B2,,2026-09-29
ref-8ec156ca4265,1995,Fallout of Debris from Tornadic Thunderstorms: A Historical Perspective and Two Examples from VORTEX,John T. Snow; Amy Lee Wyatt; Ann K. McCarthy; Eric K. Bishop,True,Bulletin of the American Meteorological Society,journal,foundations,direct,bibliographic,Not extracted in this bibliographic pass,Not extracted; consult the primary source,Topic indexed from title and venue; exact target and horizon require source review,Bibliographic entry filed under foundations & dynamics. Open the primary source for the study's methods and findings.,已核对题名、作者、出版信息与 DOI；主题归入“物理基础与龙卷动力学”。具体方法、输入与结论待进一步阅读原文。,Not extracted in this bibliographic pass,10.1175/1520-0477(1995)076<1777:fodftt>2.0.co;2,,https://doi.org/10.1175/1520-0477%281995%29076%3C1777%3Afodftt%3E2.0.co%3B2,,2026-09-29
ref-8063c222475c,1995,Numerical Simulation of a Tornado Vortex,Lewis D. Grasso; William R. Cotton,True,Journal of the Atmospheric Sciences,journal,foundations,direct,bibliographic,Not extracted in this bibliographic pass,Not extracted; consult the primary source,Topic indexed from title and venue; exact target and horizon require source review,Bibliographic entry filed under foundations & dynamics. Open the primary source for the study's methods and findings.,已核对题名、作者、出版信息与 DOI；主题归入“物理基础与龙卷动力学”。具体方法、输入与结论待进一步阅读原文。,Not extracted in this bibliographic pass,10.1175/1520-0469(1995)052<1192:nsoatv>2.0.co;2,,https://doi.org/10.1175/1520-0469%281995%29052%3C1192%3Ansoatv%3E2.0.co%3B2,,2026-09-29
wicker1995,1995,Simulation and Analysis of Tornado Development and Decay within a Three-Dimensional Supercell Thunderstorm,Louis J. Wicker; Robert B. Wilhelmson,True,Journal of the Atmospheric Sciences,journal,foundations,direct,annotated,Three-dimensional supercell simulation,High-resolution simulated storm fields,Tornado development and decay in a simulated storm,"Simulates tornado formation and decay within a three-dimensional supercell, allowing analysis of the storm-scale processes feeding the vortex.",在三维超级单体模拟中研究龙卷形成与消散，追踪母体风暴如何影响近地面涡旋。,Idealized simulation,10.1175/1520-0469(1995)052<2675:saaotd>2.0.co;2,,https://doi.org/10.1175/1520-0469%281995%29052%3C2675%3Asaaotd%3E2.0.co%3B2,,2026-09-29
ref-a1738e038dfb,1995,Tornado Detection Based on Seismic Signal,Frank B. Tatom; Kevin R. Knupp; Stanley J. Vitton,True,Journal of Applied Meteorology,journal,sensing,direct,bibliographic,Not extracted in this bibliographic pass,Not extracted; consult the primary source,Topic indexed from title and venue; exact target and horizon require source review,Bibliographic entry filed under novel sensing & observation. Open the primary source for the study's methods and findings.,已核对题名、作者、出版信息与 DOI；主题归入“新型观测与传感”。具体方法、输入与结论待进一步阅读原文。,Not extracted in this bibliographic pass,10.1175/1520-0450(1995)034<0572:tdboss>2.0.co;2,,https://doi.org/10.1175/1520-0450%281995%29034%3C0572%3Atdboss%3E2.0.co%3B2,,2026-09-29
ref-b77ea2691c41,1995,Tornado-like Vortexgenesis in a Simplified Numerical Model,R. Jeffrey Trapp; Brian H. Fiedler,True,Journal of the Atmospheric Sciences,journal,foundations,direct,bibliographic,Not extracted in this bibliographic pass,Not extracted; consult the primary source,Topic indexed from title and venue; exact target and horizon require source review,Bibliographic entry filed under foundations & dynamics. Open the primary source for the study's methods and findings.,已核对题名、作者、出版信息与 DOI；主题归入“物理基础与龙卷动力学”。具体方法、输入与结论待进一步阅读原文。,Not extracted in this bibliographic pass,10.1175/1520-0469(1995)052<3757:tlvias>2.0.co;2,,https://doi.org/10.1175/1520-0469%281995%29052%3C3757%3Atlvias%3E2.0.co%3B2,,2026-09-29
ref-3d11279144ff,1994,"Despite Appearances, There Could be a System: Mass Casualties and the Edmonton Tornado",Joseph Scanlon; Robert Hiscott,True,International Journal of Mass Emergencies & Disasters,journal,social,direct,bibliographic,Not extracted in this bibliographic pass,Not extracted; consult the primary source,Topic indexed from title and venue; exact target and horizon require source review,"Bibliographic entry filed under warnings, health & social response. Open the primary source for the study's methods and findings.",已核对题名、作者、出版信息与 DOI；主题归入“预警传播、健康与社会响应”。具体方法、输入与结论待进一步阅读原文。,Not extracted in this bibliographic pass,10.1177/028072709401200204,,https://doi.org/10.1177/028072709401200204,,2026-09-29
ref-c161c7f1779e,1994,Landspout!,David A. J. Seargent,True,Weatherwise,journal,foundations,direct,bibliographic,Not extracted in this bibliographic pass,Not extracted; consult the primary source,Topic indexed from title and venue; exact target and horizon require source review,Bibliographic entry filed under foundations & dynamics. Open the primary source for the study's methods and findings.,已核对题名、作者、出版信息与 DOI；主题归入“物理基础与龙卷动力学”。具体方法、输入与结论待进一步阅读原文。,Not extracted in this bibliographic pass,10.1080/00431672.1994.9930296,,https://doi.org/10.1080/00431672.1994.9930296,,2026-09-29
ref-d1c6181a8cc0,1994,On tornado-like vortex flows,Jakob J. Keller,True,Physics of Fluids,journal,foundations,direct,bibliographic,Not extracted in this bibliographic pass,Not extracted; consult the primary source,Topic indexed from title and venue; exact target and horizon require source review,Bibliographic entry filed under foundations & dynamics. Open the primary source for the study's methods and findings.,已核对题名、作者、出版信息与 DOI；主题归入“物理基础与龙卷动力学”。具体方法、输入与结论待进一步阅读原文。,Not extracted in this bibliographic pass,10.1063/1.868266,,https://doi.org/10.1063/1.868266,,2026-09-29
ref-cefc7e7e4d66,1994,The NOAA-National Geographic Society Waterspout Expedition (1993),Joseph H. Golden; Howard B. Bluestein,True,Bulletin of the American Meteorological Society,journal,foundations,direct,bibliographic,Not extracted in this bibliographic pass,Not extracted; consult the primary source,Topic indexed from title and venue; exact target and horizon require source review,Bibliographic entry filed under foundations & dynamics. Open the primary source for the study's methods and findings.,已核对题名、作者、出版信息与 DOI；主题归入“物理基础与龙卷动力学”。具体方法、输入与结论待进一步阅读原文。,Not extracted in this bibliographic pass,10.1175/1520-0477(1994)075<2281:tnngsw>2.0.co;2,,https://doi.org/10.1175/1520-0477%281994%29075%3C2281%3Atnngsw%3E2.0.co%3B2,,2026-09-29
vortex1994,1994,Verification of the Origins of Rotation in Tornadoes Experiment: VORTEX,Erik N. Rasmussen; Jerry M. Straka; Robert Davies-Jones; Charles A. Doswell III; Frederick H. Carr; Michael D. Eilts; Donald R. MacGorman,True,Bulletin of the American Meteorological Society,journal,data,direct,annotated,Field-experiment design,Coordinated mobile and fixed storm observations,Investigation of the origins of rotation in tornadoes,Describes the original VORTEX experiment and the measurements needed to investigate tornado formation.,介绍最初VORTEX试验的研究设计和观测需求，为理解龙卷生成研究的实测证据来源提供入口。,United States,10.1175/1520-0477(1994)075<0995:votoor>2.0.co;2,,https://doi.org/10.1175/1520-0477%281994%29075%3C0995%3Avotoor%3E2.0.co%3B2,,2026-09-29
ref-e67a3c84b9ce,1993,Anomalous Cloud-to-Ground Lightning in an F5-Tornado-Producing Supercell Thunderstorm on 28 August 1990,Anton Seimon,True,Bulletin of the American Meteorological Society,journal,sensing,direct,bibliographic,Not extracted in this bibliographic pass,Not extracted; consult the primary source,Topic indexed from title and venue; exact target and horizon require source review,Bibliographic entry filed under novel sensing & observation. Open the primary source for the study's methods and findings.,已核对题名、作者、出版信息与 DOI；主题归入“新型观测与传感”。具体方法、输入与结论待进一步阅读原文。,Not extracted in this bibliographic pass,10.1175/1520-0477(1993)074<0189:actgli>2.0.co;2,,https://doi.org/10.1175/1520-0477%281993%29074%3C0189%3Aactgli%3E2.0.co%3B2,,2026-09-29
ref-1d1f2f1d1130,1993,"Aspects of Tornado Climatology in Alabama and Florida's Panhandle, 1962-1986",John B. Bounds; Peter T. Soulé,True,Southeastern Geographer,journal,climatology,direct,bibliographic,Not extracted in this bibliographic pass,Not extracted; consult the primary source,Topic indexed from title and venue; exact target and horizon require source review,Bibliographic entry filed under climatology & environments. Open the primary source for the study's methods and findings.,已核对题名、作者、出版信息与 DOI；主题归入“气候统计、环境与区域研究”。具体方法、输入与结论待进一步阅读原文。,Not extracted in this bibliographic pass,10.1353/sgo.1993.0006,,https://doi.org/10.1353/sgo.1993.0006,,2026-09-29
ref-9dbe97431452,1993,Observations of a Florida Waterspout during CaPE,Roger M. Wakimoto; Jeffrey K. Lew,True,Weather and Forecasting,journal,foundations,direct,bibliographic,Not extracted in this bibliographic pass,Not extracted; consult the primary source,Topic indexed from title and venue; exact target and horizon require source review,Bibliographic entry filed under foundations & dynamics. Open the primary source for the study's methods and findings.,已核对题名、作者、出版信息与 DOI；主题归入“物理基础与龙卷动力学”。具体方法、输入与结论待进一步阅读原文。,Not extracted in this bibliographic pass,10.1175/1520-0434(1993)008<0412:ooafwd>2.0.co;2,,https://doi.org/10.1175/1520-0434%281993%29008%3C0412%3Aooafwd%3E2.0.co%3B2,,2026-09-29
ref-03e04bd44f95,1992,Adolescents' Perceptions of Lightning and Tornado Risks1,Leilani Greening; Stephen J. Dollinger,True,Journal of Applied Social Psychology,journal,social,direct,bibliographic,Not extracted in this bibliographic pass,Not extracted; consult the primary source,Topic indexed from title and venue; exact target and horizon require source review,"Bibliographic entry filed under warnings, health & social response. Open the primary source for the study's methods and findings.",已核对题名、作者、出版信息与 DOI；主题归入“预警传播、健康与社会响应”。具体方法、输入与结论待进一步阅读原文。,Not extracted in this bibliographic pass,10.1111/j.1559-1816.1992.tb00922.x,,https://doi.org/10.1111/j.1559-1816.1992.tb00922.x,,2026-09-29
ref-f19b453f1afe,1992,Analog of the shallow-water vortex equation for hollow and tornado-like vortices. Height of a steady tornado-like vortex,V. V. Nikulin,True,Journal of Applied Mechanics and Technical Physics,journal,foundations,direct,bibliographic,Not extracted in this bibliographic pass,Not extracted; consult the primary source,Topic indexed from title and venue; exact target and horizon require source review,Bibliographic entry filed under foundations & dynamics. Open the primary source for the study's methods and findings.,已核对题名、作者、出版信息与 DOI；主题归入“物理基础与龙卷动力学”。具体方法、输入与结论待进一步阅读原文。,Not extracted in this bibliographic pass,10.1007/bf00851584,,https://doi.org/10.1007/bf00851584,,2026-09-29
ref-f3e0fc68eba2,1992,Automatic Tornado Prediction with an Improved Mesocyclone-Detection Algorithm,Paul R. Desrochers; Ralph J. Donaldson Jr.,True,Weather and Forecasting,journal,forecast,direct,bibliographic,Not extracted in this bibliographic pass,Not extracted; consult the primary source,Topic indexed from title and venue; exact target and horizon require source review,Bibliographic entry filed under probabilistic guidance & operations. Open the primary source for the study's methods and findings.,已核对题名、作者、出版信息与 DOI；主题归入“概率预报、数值模式与业务应用”。具体方法、输入与结论待进一步阅读原文。,Not extracted in this bibliographic pass,10.1175/1520-0434(1992)007<0373:atpwai>2.0.co;2,,https://doi.org/10.1175/1520-0434%281992%29007%3C0373%3Aatpwai%3E2.0.co%3B2,,2026-09-29
ref-13227599b108,1992,Contour Dynamics of Tornado-like Vortices,Shian-Jiann Lin,True,Journal of the Atmospheric Sciences,journal,foundations,direct,bibliographic,Not extracted in this bibliographic pass,Not extracted; consult the primary source,Topic indexed from title and venue; exact target and horizon require source review,Bibliographic entry filed under foundations & dynamics. Open the primary source for the study's methods and findings.,已核对题名、作者、出版信息与 DOI；主题归入“物理基础与龙卷动力学”。具体方法、输入与结论待进一步阅读原文。,Not extracted in this bibliographic pass,10.1175/1520-0469(1992)049<1745:cdotlv>2.0.co;2,,https://doi.org/10.1175/1520-0469%281992%29049%3C1745%3Acdotlv%3E2.0.co%3B2,,2026-09-29
ref-1496b1b67e4c,1992,Decay of a vertical tornado-like vortex,V. V. Nikulin,True,Journal of Applied Mechanics and Technical Physics,journal,foundations,direct,bibliographic,Not extracted in this bibliographic pass,Not extracted; consult the primary source,Topic indexed from title and venue; exact target and horizon require source review,Bibliographic entry filed under foundations & dynamics. Open the primary source for the study's methods and findings.,已核对题名、作者、出版信息与 DOI；主题归入“物理基础与龙卷动力学”。具体方法、输入与结论待进一步阅读原文。,Not extracted in this bibliographic pass,10.1007/bf00864274,,https://doi.org/10.1007/bf00864274,,2026-09-29
ref-2b78fe723c0a,1992,Using tornado climatology to help plan a Doppler radar network,M. J. Newark; D. McCulloch,True,Natural Hazards,journal,climatology,direct,bibliographic,Not extracted in this bibliographic pass,Not extracted; consult the primary source,Topic indexed from title and venue; exact target and horizon require source review,Bibliographic entry filed under climatology & environments. Open the primary source for the study's methods and findings.,已核对题名、作者、出版信息与 DOI；主题归入“气候统计、环境与区域研究”。具体方法、输入与结论待进一步阅读原文。,Not extracted in this bibliographic pass,10.1007/bf00127008,,https://doi.org/10.1007/bf00127008,,2026-09-29
ref-e57c7ac8593c,1991,A Great Salt Lake Waterspout,Joanne Simpson; G. Roff; B. R. Morton; K. Labas; G. Dietachmayer; M. McCumber; R. Penc,True,Monthly Weather Review,journal,foundations,direct,bibliographic,Not extracted in this bibliographic pass,Not extracted; consult the primary source,Topic indexed from title and venue; exact target and horizon require source review,Bibliographic entry filed under foundations & dynamics. Open the primary source for the study's methods and findings.,已核对题名、作者、出版信息与 DOI；主题归入“物理基础与龙卷动力学”。具体方法、输入与结论待进一步阅读原文。,Not extracted in this bibliographic pass,10.1175/1520-0493-119-12-2740.1,,https://doi.org/10.1175/1520-0493-119-12-2740.1,,2026-09-29
ref-c252bce0de3d,1991,An Analysis of a Mesocyclone–Induced Tornado Occurrence in Northern California,Scott A. Braun; John P. Monteverdi,True,Weather and Forecasting,journal,climatology,direct,bibliographic,Not extracted in this bibliographic pass,Not extracted; consult the primary source,Topic indexed from title and venue; exact target and horizon require source review,Bibliographic entry filed under climatology & environments. Open the primary source for the study's methods and findings.,已核对题名、作者、出版信息与 DOI；主题归入“气候统计、环境与区域研究”。具体方法、输入与结论待进一步阅读原文。,Not extracted in this bibliographic pass,10.1175/1520-0434(1991)006<0013:aaoamt>2.0.co;2,,https://doi.org/10.1175/1520-0434%281991%29006%3C0013%3Aaaoamt%3E2.0.co%3B2,,2026-09-29
ref-42acd6c89450,1991,Buoyancy and Shear Characteristics of Hurricane-Tornado Environments,Eugene W. McCaul Jr.,True,Monthly Weather Review,journal,climatology,direct,bibliographic,Not extracted in this bibliographic pass,Not extracted; consult the primary source,Topic indexed from title and venue; exact target and horizon require source review,Bibliographic entry filed under climatology & environments. Open the primary source for the study's methods and findings.,已核对题名、作者、出版信息与 DOI；主题归入“气候统计、环境与区域研究”。具体方法、输入与结论待进一步阅读原文。,Not extracted in this bibliographic pass,10.1175/1520-0493(1991)119<1954:bascoh>2.0.co;2,,https://doi.org/10.1175/1520-0493%281991%29119%3C1954%3Abascoh%3E2.0.co%3B2,,2026-09-29
ref-783cc8f7ce07,1991,On the tornado forecasting and warning in the United States,Tokunosuke FUJITANI; Hiroshi NIINO,True,"Wind Engineers, JAWE",journal,forecast,direct,bibliographic,Not extracted in this bibliographic pass,Not extracted; consult the primary source,Topic indexed from title and venue; exact target and horizon require source review,Bibliographic entry filed under probabilistic guidance & operations. Open the primary source for the study's methods and findings.,已核对题名、作者、出版信息与 DOI；主题归入“概率预报、数值模式与业务应用”。具体方法、输入与结论待进一步阅读原文。,Not extracted in this bibliographic pass,10.5359/jawe.1991.49_41,,https://doi.org/10.5359/jawe.1991.49_41,,2026-09-29
ref-38b0bc18eca0,1990,Improvement of Tornado Warnings by Doppler Radar Measurement of Mesocyclone Rotational Kinetic Energy,Ralph J. Donaldson Jr.; Paul R. Desrochers,True,Weather and Forecasting,journal,radar,direct,bibliographic,Not extracted in this bibliographic pass,Not extracted; consult the primary source,Topic indexed from title and venue; exact target and horizon require source review,Bibliographic entry filed under radar signatures & tracking. Open the primary source for the study's methods and findings.,已核对题名、作者、出版信息与 DOI；主题归入“雷达特征、识别与追踪”。具体方法、输入与结论待进一步阅读原文。,Not extracted in this bibliographic pass,10.1175/1520-0434(1990)005<0247:iotwbd>2.0.co;2,,https://doi.org/10.1175/1520-0434%281990%29005%3C0247%3Aiotwbd%3E2.0.co%3B2,,2026-09-29
ref-4cbc41f5f984,1990,Risk Factors for Tornado Injuries,MILLICENT EIDSON; JEFFREY A LYBARGER; JOHN E PARSONS; J N MACCORMACK; JOHN I FREEMAN,True,International Journal of Epidemiology,journal,social,direct,bibliographic,Not extracted in this bibliographic pass,Not extracted; consult the primary source,Topic indexed from title and venue; exact target and horizon require source review,"Bibliographic entry filed under warnings, health & social response. Open the primary source for the study's methods and findings.",已核对题名、作者、出版信息与 DOI；主题归入“预警传播、健康与社会响应”。具体方法、输入与结论待进一步阅读原文。,Not extracted in this bibliographic pass,10.1093/ije/19.4.1051,,https://doi.org/10.1093/ije/19.4.1051,,2026-09-29
ref-6affaf7637f4,1990,Two Examples of Operational Tornado Warnings Using Doppler Radar Data,Lawrence B. Dunn,True,Bulletin of the American Meteorological Society,journal,radar,direct,bibliographic,Not extracted in this bibliographic pass,Not extracted; consult the primary source,Topic indexed from title and venue; exact target and horizon require source review,Bibliographic entry filed under radar signatures & tracking. Open the primary source for the study's methods and findings.,已核对题名、作者、出版信息与 DOI；主题归入“雷达特征、识别与追踪”。具体方法、输入与结论待进一步阅读原文。,Not extracted in this bibliographic pass,10.1175/1520-0477(1990)071<0145:teootw>2.0.co;2,,https://doi.org/10.1175/1520-0477%281990%29071%3C0145%3Ateootw%3E2.0.co%3B2,,2026-09-29
ref-f0789f1424dc,1989,An Objective Basis for Forecasting Tornado Intensity,J. R. Colquhoun; D. J. Shepherd,True,Weather and Forecasting,journal,rating,direct,bibliographic,Not extracted in this bibliographic pass,Not extracted; consult the primary source,Topic indexed from title and venue; exact target and horizon require source review,Bibliographic entry filed under intensity & damage-based rating. Open the primary source for the study's methods and findings.,已核对题名、作者、出版信息与 DOI；主题归入“强度估计与灾损分级”。具体方法、输入与结论待进一步阅读原文。,Not extracted in this bibliographic pass,10.1175/1520-0434(1989)004<0035:aobfft>2.0.co;2,,https://doi.org/10.1175/1520-0434%281989%29004%3C0035%3Aaobfft%3E2.0.co%3B2,,2026-09-29
wakimoto1989,1989,Non-supercell Tornadoes,Roger M. Wakimoto; James W. Wilson,True,Monthly Weather Review,journal,foundations,direct,annotated,Observational mechanism study,Storm observations,Nonsupercell tornadogenesis,Broadens the physical map beyond supercell tornadoes.,补齐非超级单体龙卷机制，避免用中气旋思路解释所有龙卷。,Unspecified,,,https://opensky.ucar.edu/islandora/object/articles%3A16190,,2026-09-29
ref-b3bd304ca0cb,1988,A comparative study of atmospheric and laboratory-analogue numerical tornado-vortex models,PETER AC HOWELLS; RICHARD ROTUNNO; ROGER K SMITH,True,Quarterly Journal of the Royal Meteorological Society,journal,foundations,direct,bibliographic,Not extracted in this bibliographic pass,Not extracted; consult the primary source,Topic indexed from title and venue; exact target and horizon require source review,Bibliographic entry filed under foundations & dynamics. Open the primary source for the study's methods and findings.,已核对题名、作者、出版信息与 DOI；主题归入“物理基础与龙卷动力学”。具体方法、输入与结论待进一步阅读原文。,Not extracted in this bibliographic pass,10.1256/smsqj.48112,,https://doi.org/10.1256/smsqj.48112,,2026-09-29
ref-8bbb73cf01e4,1988,"Effects of the December 1983 tornado on forest vegetation of the big thicket, southeast Texas, U.S.A.",Jeff S. Glitzenstein; Paul A. Harcombe,True,Forest Ecology and Management,journal,impacts,direct,bibliographic,Not extracted in this bibliographic pass,Not extracted; consult the primary source,Topic indexed from title and venue; exact target and horizon require source review,Bibliographic entry filed under damage recognition & impacts. Open the primary source for the study's methods and findings.,已核对题名、作者、出版信息与 DOI；主题归入“灾后视觉识别与影响评估”。具体方法、输入与结论待进一步阅读原文。,Not extracted in this bibliographic pass,10.1016/0378-1127(88)90092-8,,https://doi.org/10.1016/0378-1127%2888%2990092-8,,2026-09-29
doswell1988,1988,On Some Issues of United States Tornado Climatology,Charles A. Doswell III; Donald W. Burgess,True,Monthly Weather Review,journal,climatology,direct,annotated,Critical tornado-climatology analysis,Historical U.S. tornado reports and rating practices,Biases and interpretation of tornado climatology,Examines limitations in historical tornado reporting and intensity classification that affect climatological interpretation.,讨论历史龙卷报告和强度分类中的局限，提醒读者将观测及评级制度变化与真实气候变化区分开来。,United States,10.1175/1520-0493(1988)116<0495:osious>2.0.co;2,,https://doi.org/10.1175/1520-0493%281988%29116%3C0495%3Aosious%3E2.0.co%3B2,,2026-09-29
ref-93852dd1ae23,1988,The Lack of Warnings before Toe Saragosa Tornado,Benigrio E. Aguirre,True,International Journal of Mass Emergencies & Disasters,journal,evaluation,direct,bibliographic,Not extracted in this bibliographic pass,Not extracted; consult the primary source,Topic indexed from title and venue; exact target and horizon require source review,"Bibliographic entry filed under evaluation, uncertainty & reviews. Open the primary source for the study's methods and findings.",已核对题名、作者、出版信息与 DOI；主题归入“评估、不确定性与综述”。具体方法、输入与结论待进一步阅读原文。,Not extracted in this bibliographic pass,10.1177/028072708800600105,,https://doi.org/10.1177/028072708800600105,,2026-09-29
ref-fea8da12ed1e,1987,A Velocity Measurement Technique for Tornado Vortex Simulators,Lans P. Rothfusz,True,Journal of Atmospheric and Oceanic Technology,journal,foundations,direct,bibliographic,Not extracted in this bibliographic pass,Not extracted; consult the primary source,Topic indexed from title and venue; exact target and horizon require source review,Bibliographic entry filed under foundations & dynamics. Open the primary source for the study's methods and findings.,已核对题名、作者、出版信息与 DOI；主题归入“物理基础与龙卷动力学”。具体方法、输入与结论待进一步阅读原文。,Not extracted in this bibliographic pass,10.1175/1520-0426(1987)004<0582:avmtft>2.0.co;2,,https://doi.org/10.1175/1520-0426%281987%29004%3C0582%3Aavmtft%3E2.0.co%3B2,,2026-09-29
ref-af51e142dd36,1986,A Mesocyclone and Tornado-like Vortex Generated by the Tilting of Horizontal Vorticity: Preliminary Results of a Laboratory Simulation,Lans P. Rothfusz,True,Journal of the Atmospheric Sciences,journal,foundations,direct,bibliographic,Not extracted in this bibliographic pass,Not extracted; consult the primary source,Topic indexed from title and venue; exact target and horizon require source review,Bibliographic entry filed under foundations & dynamics. Open the primary source for the study's methods and findings.,已核对题名、作者、出版信息与 DOI；主题归入“物理基础与龙卷动力学”。具体方法、输入与结论待进一步阅读原文。,Not extracted in this bibliographic pass,10.1175/1520-0469(1986)043<2677:amatlv>2.0.co;2,,https://doi.org/10.1175/1520-0469%281986%29043%3C2677%3Aamatlv%3E2.0.co%3B2,,2026-09-29
ref-37c51d8356a9,1986,A Theory for the Maximum Windspeeds in Tornado-like Vortices,Brian H. Fiedler; Richard Rotunno,True,Journal of the Atmospheric Sciences,journal,rating,direct,bibliographic,Not extracted in this bibliographic pass,Not extracted; consult the primary source,Topic indexed from title and venue; exact target and horizon require source review,Bibliographic entry filed under intensity & damage-based rating. Open the primary source for the study's methods and findings.,已核对题名、作者、出版信息与 DOI；主题归入“强度估计与灾损分级”。具体方法、输入与结论待进一步阅读原文。,Not extracted in this bibliographic pass,10.1175/1520-0469(1986)043<2328:atotmw>2.0.co;2,,https://doi.org/10.1175/1520-0469%281986%29043%3C2328%3Aatotmw%3E2.0.co%3B2,,2026-09-29
ref-a7424bcc3a24,1986,"A WATERSPOUT NEAR ELCHO ISLAND, NORTHERN AUSTRALIA",I. J. Butterworth; J. Kingwell,True,Weather,journal,foundations,direct,bibliographic,Not extracted in this bibliographic pass,Not extracted; consult the primary source,Topic indexed from title and venue; exact target and horizon require source review,Bibliographic entry filed under foundations & dynamics. Open the primary source for the study's methods and findings.,已核对题名、作者、出版信息与 DOI；主题归入“物理基础与龙卷动力学”。具体方法、输入与结论待进一步阅读原文。,Not extracted in this bibliographic pass,10.1002/j.1477-8696.1986.tb03814.x,,https://doi.org/10.1002/j.1477-8696.1986.tb03814.x,,2026-09-29
ref-262630c73309,1985,Effect of Viscosity on Inertial Instability in a Tornado Vortex,D. O. Staley,True,Journal of the Atmospheric Sciences,journal,foundations,direct,bibliographic,Not extracted in this bibliographic pass,Not extracted; consult the primary source,Topic indexed from title and venue; exact target and horizon require source review,Bibliographic entry filed under foundations & dynamics. Open the primary source for the study's methods and findings.,已核对题名、作者、出版信息与 DOI；主题归入“物理基础与龙卷动力学”。具体方法、输入与结论待进一步阅读原文。,Not extracted in this bibliographic pass,10.1175/1520-0469(1985)042<0293:eovoii>2.0.co;2,,https://doi.org/10.1175/1520-0469%281985%29042%3C0293%3Aeovoii%3E2.0.co%3B2,,2026-09-29
rotunno1985,1985,On the Rotation and Propagation of Simulated Supercell Thunderstorms,Richard Rotunno; Joseph Klemp,True,Journal of the Atmospheric Sciences,journal,foundations,context,annotated,Three-dimensional cloud simulation,Environmental shear and simulated storm fields,Supercell rotation and propagation,"Examines how environmental shear, storm-generated vorticity and pressure forces contribute to supercell rotation and propagation.",利用三维云模式分析环境切变、风暴内部生成的涡度和压强作用，解释超级单体的旋转与移动。,Idealized simulation,10.1175/1520-0469(1985)042<0271:otrapo>2.0.co;2,,https://doi.org/10.1175/1520-0469%281985%29042%3C0271%3Aotrapo%3E2.0.co%3B2,,2026-09-29
ref-093ac96e2089,1984,Hydrodynamic Instability of Small Eddies in a Tornado Vortex,D. O. Staley; R. L. Gall,True,Journal of the Atmospheric Sciences,journal,foundations,direct,bibliographic,Not extracted in this bibliographic pass,Not extracted; consult the primary source,Topic indexed from title and venue; exact target and horizon require source review,Bibliographic entry filed under foundations & dynamics. Open the primary source for the study's methods and findings.,已核对题名、作者、出版信息与 DOI；主题归入“物理基础与龙卷动力学”。具体方法、输入与结论待进一步阅读原文。,Not extracted in this bibliographic pass,10.1175/1520-0469(1984)041<0422:hiosei>2.0.co;2,,https://doi.org/10.1175/1520-0469%281984%29041%3C0422%3Ahiosei%3E2.0.co%3B2,,2026-09-29
daviesjones1984,1984,Streamwise Vorticity: The Origin of Updraft Rotation in Supercell Storms,Robert Davies-Jones,True,Journal of the Atmospheric Sciences,journal,foundations,context,annotated,Linear vorticity theory,Idealized sheared environmental flow,Origin of supercell updraft rotation,"Relates streamwise environmental vorticity to rotation within a convective updraft, establishing a physical basis for storm-relative helicity reasoning.",从理论上联系环境顺流涡度与对流上升气流旋转，为理解风暴相对螺旋度及超级单体旋转提供基础。,Idealized theory,10.1175/1520-0469(1984)041<2991:svtoou>2.0.co;2,,https://doi.org/10.1175/1520-0469%281984%29041%3C2991%3Asvtoou%3E2.0.co%3B2,,2026-09-29
ref-0b607bffb225,1983,A Severe Frontal Rainband. Part II: Tornado Parent Vortex Circulation,Richard E. Carbone,True,Journal of the Atmospheric Sciences,journal,foundations,direct,bibliographic,Not extracted in this bibliographic pass,Not extracted; consult the primary source,Topic indexed from title and venue; exact target and horizon require source review,Bibliographic entry filed under foundations & dynamics. Open the primary source for the study's methods and findings.,已核对题名、作者、出版信息与 DOI；主题归入“物理基础与龙卷动力学”。具体方法、输入与结论待进一步阅读原文。,Not extracted in this bibliographic pass,10.1175/1520-0469(1983)040<2639:asfrpi>2.0.co;2,,https://doi.org/10.1175/1520-0469%281983%29040%3C2639%3Aasfrpi%3E2.0.co%3B2,,2026-09-29
ref-b836d251931f,1983,Numerical simulations of tornado-like vortices. Part 1: Vortex evolution,Peter Howells; Roger K. Smith,True,Geophysical & Astrophysical Fluid Dynamics,journal,foundations,direct,bibliographic,Not extracted in this bibliographic pass,Not extracted; consult the primary source,Topic indexed from title and venue; exact target and horizon require source review,Bibliographic entry filed under foundations & dynamics. Open the primary source for the study's methods and findings.,已核对题名、作者、出版信息与 DOI；主题归入“物理基础与龙卷动力学”。具体方法、输入与结论待进一步阅读原文。,Not extracted in this bibliographic pass,10.1080/03091928308210129,,https://doi.org/10.1080/03091928308210129,,2026-09-29
ref-55288c4611e4,1983,Probabilistic Analysis of Tornado Wind Risks,Lawrence A. Twisdale; William L. Dunn,True,Journal of Structural Engineering,journal,engineering,direct,bibliographic,Not extracted in this bibliographic pass,Not extracted; consult the primary source,Topic indexed from title and venue; exact target and horizon require source review,Bibliographic entry filed under wind engineering & structural resilience. Open the primary source for the study's methods and findings.,已核对题名、作者、出版信息与 DOI；主题归入“风工程、结构荷载与抗灾设计”。具体方法、输入与结论待进一步阅读原文。,Not extracted in this bibliographic pass,10.1061/(asce)0733-9445(1983)109:2(468),,https://doi.org/10.1061/%28asce%290733-9445%281983%29109%3A2%28468%29,,2026-09-29
ref-eba1367b834a,1983,The probability of a tornado missile hitting a target,J. Goodman; J.E. Koch,True,Nuclear Engineering and Design,journal,engineering,direct,bibliographic,Not extracted in this bibliographic pass,Not extracted; consult the primary source,Topic indexed from title and venue; exact target and horizon require source review,Bibliographic entry filed under wind engineering & structural resilience. Open the primary source for the study's methods and findings.,已核对题名、作者、出版信息与 DOI；主题归入“风工程、结构荷载与抗灾设计”。具体方法、输入与结论待进一步阅读原文。,Not extracted in this bibliographic pass,10.1016/0029-5493(83)90086-9,,https://doi.org/10.1016/0029-5493%2883%2990086-9,,2026-09-29
ref-31d361833069,1983,Tornado‐Borne Missile Speed Probabilities,Emil Simiu; Martin R. Cordes,True,Journal of Structural Engineering,journal,engineering,direct,bibliographic,Not extracted in this bibliographic pass,Not extracted; consult the primary source,Topic indexed from title and venue; exact target and horizon require source review,Bibliographic entry filed under wind engineering & structural resilience. Open the primary source for the study's methods and findings.,已核对题名、作者、出版信息与 DOI；主题归入“风工程、结构荷载与抗灾设计”。具体方法、输入与结论待进一步阅读原文。,Not extracted in this bibliographic pass,10.1061/(asce)0733-9445(1983)109:1(154),,https://doi.org/10.1061/%28asce%290733-9445%281983%29109%3A1%28154%29,,2026-09-29
ref-bfd7c88056ec,1983,"WATERSPOUT OVER BUDE, NORTH CORNWALL",G. S. Hunt,True,Weather,journal,foundations,direct,bibliographic,Not extracted in this bibliographic pass,Not extracted; consult the primary source,Topic indexed from title and venue; exact target and horizon require source review,Bibliographic entry filed under foundations & dynamics. Open the primary source for the study's methods and findings.,已核对题名、作者、出版信息与 DOI；主题归入“物理基础与龙卷动力学”。具体方法、输入与结论待进一步阅读原文。,Not extracted in this bibliographic pass,10.1002/j.1477-8696.1983.tb03645.x,,https://doi.org/10.1002/j.1477-8696.1983.tb03645.x,,2026-09-29
ref-eeeeadcb3414,1982,A review of recent advances in tornado vortex dynamics,John T. Snow,True,Reviews of Geophysics,journal,evaluation,direct,bibliographic,Not extracted in this bibliographic pass,Not extracted; consult the primary source,Topic indexed from title and venue; exact target and horizon require source review,"Bibliographic entry filed under evaluation, uncertainty & reviews. Open the primary source for the study's methods and findings.",已核对题名、作者、出版信息与 DOI；主题归入“评估、不确定性与综述”。具体方法、输入与结论待进一步阅读原文。,Not extracted in this bibliographic pass,10.1029/rg020i004p00953,,https://doi.org/10.1029/rg020i004p00953,,2026-09-29
ref-1501ab6b3e24,1982,Internal Dynamics of Tornado-Like Vortices,Robert L. Gall,True,Journal of the Atmospheric Sciences,journal,foundations,direct,bibliographic,Not extracted in this bibliographic pass,Not extracted; consult the primary source,Topic indexed from title and venue; exact target and horizon require source review,Bibliographic entry filed under foundations & dynamics. Open the primary source for the study's methods and findings.,已核对题名、作者、出版信息与 DOI；主题归入“物理基础与龙卷动力学”。具体方法、输入与结论待进一步阅读原文。,Not extracted in this bibliographic pass,10.1175/1520-0469(1982)039<2721:idotlv>2.0.co;2,,https://doi.org/10.1175/1520-0469%281982%29039%3C2721%3Aidotlv%3E2.0.co%3B2,,2026-09-29
ref-1f3e65d5eaa6,1982,Laboratory simulation of the tornado,Nobutaka MONJI,True,Journal of Wind Engineering,journal,foundations,direct,bibliographic,Not extracted in this bibliographic pass,Not extracted; consult the primary source,Topic indexed from title and venue; exact target and horizon require source review,Bibliographic entry filed under foundations & dynamics. Open the primary source for the study's methods and findings.,已核对题名、作者、出版信息与 DOI；主题归入“物理基础与龙卷动力学”。具体方法、输入与结论待进一步阅读原文。,Not extracted in this bibliographic pass,10.5359/jawe1980.1982.12_3,,https://doi.org/10.5359/jawe1980.1982.12_3,,2026-09-29
ref-b493981808c3,1981,A Tropical Storm David Tornado in Fairfax County—September 1979,David K. Hoadley,True,Bulletin of the American Meteorological Society,journal,foundations,direct,bibliographic,Not extracted in this bibliographic pass,Not extracted; consult the primary source,Topic indexed from title and venue; exact target and horizon require source review,Bibliographic entry filed under foundations & dynamics. Open the primary source for the study's methods and findings.,已核对题名、作者、出版信息与 DOI；主题归入“物理基础与龙卷动力学”。具体方法、输入与结论待进一步阅读原文。,Not extracted in this bibliographic pass,10.1175/1520-0477-62.4.498,,https://doi.org/10.1175/1520-0477-62.4.498,,2026-09-29
fujita1981,1981,Tornadoes and Downbursts in the Context of Generalized Planetary Scales,T. Theodore Fujita,True,Journal of the Atmospheric Sciences,journal,foundations,direct,annotated,Scale classification and observational synthesis,Storm analyses and aerial damage photography,Classification of tornado and downburst flow scales; retrospective,Places tornadoes and downbursts in a hierarchy of atmospheric motion scales using storm analysis and aerial evidence of wind effects.,结合风暴分析和航空灾损照片讨论龙卷、下击暴流及其母体系统的尺度关系，帮助区分不同强风现象。,United States,10.1175/1520-0469(1981)038<1511:taditc>2.0.co;2,,https://doi.org/10.1175/1520-0469%281981%29038%3C1511%3Ataditc%3E2.0.co%3B2,,2026-09-29
ref-7fb49adfd326,1981,Waterspout Velocity Measurements by Airborne Doppler Lidar,R. L. Schwiesow; R. E. Cupp; P. C. Sinclair; R. F. Abbey Jr.,True,Journal of Applied Meteorology,journal,sensing,direct,bibliographic,Not extracted in this bibliographic pass,Not extracted; consult the primary source,Topic indexed from title and venue; exact target and horizon require source review,Bibliographic entry filed under novel sensing & observation. Open the primary source for the study's methods and findings.,已核对题名、作者、出版信息与 DOI；主题归入“新型观测与传感”。具体方法、输入与结论待进一步阅读原文。,Not extracted in this bibliographic pass,10.1175/1520-0450(1981)020<0341:wvmbad>2.0.co;2,,https://doi.org/10.1175/1520-0450%281981%29020%3C0341%3Awvmbad%3E2.0.co%3B2,,2026-09-29
ref-27e03d0ce7e4,1980,Closure to “Tornado Data Characterization and Windspeed Risk”,Lawrence A. Twisdale Jr.,True,Journal of the Structural Division,journal,rating,direct,bibliographic,Not extracted in this bibliographic pass,Not extracted; consult the primary source,Topic indexed from title and venue; exact target and horizon require source review,Bibliographic entry filed under intensity & damage-based rating. Open the primary source for the study's methods and findings.,已核对题名、作者、出版信息与 DOI；主题归入“强度估计与灾损分级”。具体方法、输入与结论待进一步阅读原文。,Not extracted in this bibliographic pass,10.1061/jsdeag.0005407,,https://doi.org/10.1061/jsdeag.0005407,,2026-09-29
ref-205c519f90bc,1980,Injuries from the Wichita Falls Tornado: Implications for Prevention,Roger I. Glass; Robert B. Craven; Dennis J. Bregman; Barbara J. Stoll; Neil Horowitz; Peter Kerndt; Joe Winkle,True,Science,journal,social,direct,bibliographic,Not extracted in this bibliographic pass,Not extracted; consult the primary source,Topic indexed from title and venue; exact target and horizon require source review,"Bibliographic entry filed under warnings, health & social response. Open the primary source for the study's methods and findings.",已核对题名、作者、出版信息与 DOI；主题归入“预警传播、健康与社会响应”。具体方法、输入与结论待进一步阅读原文。,Not extracted in this bibliographic pass,10.1126/science.207.4432.734,,https://doi.org/10.1126/science.207.4432.734,,2026-09-29
ref-c21d14eb416c,1980,Interaction of a tornado-like vortex with solid boundaries,V. V. Nikulin,True,Journal of Applied Mechanics and Technical Physics,journal,foundations,direct,bibliographic,Not extracted in this bibliographic pass,Not extracted; consult the primary source,Topic indexed from title and venue; exact target and horizon require source review,Bibliographic entry filed under foundations & dynamics. Open the primary source for the study's methods and findings.,已核对题名、作者、出版信息与 DOI；主题归入“物理基础与龙卷动力学”。具体方法、输入与结论待进一步阅读原文。,Not extracted in this bibliographic pass,10.1007/bf00910141,,https://doi.org/10.1007/bf00910141,,2026-09-29
ref-c31ba6b265de,1980,Synoptic-Scale Satellite Lightning Observations in Conjunction with Tornadoes,B. N. Turman; R. J. Tettelbach,True,Monthly Weather Review,journal,sensing,direct,bibliographic,Not extracted in this bibliographic pass,Not extracted; consult the primary source,Topic indexed from title and venue; exact target and horizon require source review,Bibliographic entry filed under novel sensing & observation. Open the primary source for the study's methods and findings.,已核对题名、作者、出版信息与 DOI；主题归入“新型观测与传感”。具体方法、输入与结论待进一步阅读原文。,Not extracted in this bibliographic pass,10.1175/1520-0493(1980)108<1878:sssloi>2.0.co;2,,https://doi.org/10.1175/1520-0493%281980%29108%3C1878%3Asssloi%3E2.0.co%3B2,,2026-09-29
ref-edfd9c4f9465,1980,The Potential for Remote Sensing of a Tornado Vortex,Joseph J. Boyajian,True,Journal of Applied Meteorology,journal,impacts,direct,bibliographic,Not extracted in this bibliographic pass,Not extracted; consult the primary source,Topic indexed from title and venue; exact target and horizon require source review,Bibliographic entry filed under damage recognition & impacts. Open the primary source for the study's methods and findings.,已核对题名、作者、出版信息与 DOI；主题归入“灾后视觉识别与影响评估”。具体方法、输入与结论待进一步阅读原文。,Not extracted in this bibliographic pass,10.1175/1520-0450(1980)019<0857:tpfrso>2.0.co;2,,https://doi.org/10.1175/1520-0450%281980%29019%3C0857%3Atpfrso%3E2.0.co%3B2,,2026-09-29
rotunno1979,1979,A Study in Tornado-Like Vortex Dynamics,Richard Rotunno,True,Journal of the Atmospheric Sciences,journal,foundations,direct,annotated,Numerical vortex dynamics,Idealized tornado-like flow,Vortex structure and dynamics; simulation,"Investigates tornado-like vortex dynamics numerically, forming part of the classical connection between laboratory vortices and fluid-dynamical models.",利用数值模型研究类龙卷涡旋动力学，补足实验室涡旋与流体动力学理论之间的经典研究脉络。,Idealized simulation,10.1175/1520-0469(1979)036<0140:asitlv>2.0.co;2,,https://doi.org/10.1175/1520-0469%281979%29036%3C0140%3Aasitlv%3E2.0.co%3B2,,2026-09-29
ref-2436dc71303a,1979,A synthesized windfield model for tornado missile transport,W.L. Dunn; L.A. Twisdale,True,Nuclear Engineering and Design,journal,engineering,direct,bibliographic,Not extracted in this bibliographic pass,Not extracted; consult the primary source,Topic indexed from title and venue; exact target and horizon require source review,Bibliographic entry filed under wind engineering & structural resilience. Open the primary source for the study's methods and findings.,已核对题名、作者、出版信息与 DOI；主题归入“风工程、结构荷载与抗灾设计”。具体方法、输入与结论待进一步阅读原文。,Not extracted in this bibliographic pass,10.1016/0029-5493(79)90015-3,,https://doi.org/10.1016/0029-5493%2879%2990015-3,,2026-09-29
church1979,1979,Characteristics of Tornado-Like Vortices as a Function of Swirl Ratio: A Laboratory Investigation,C. R. Church; J. T. Snow; G. L. Baker; E. M. Agee,True,Journal of the Atmospheric Sciences,journal,foundations,direct,annotated,Laboratory swirl-ratio experiments,Ward-type simulator and velocity measurements,Single- and multiple-vortex regimes; laboratory experiment,"Examines changes in vortex structure as swirl ratio and other flow parameters vary, including vortex breakdown and multiple-vortex configurations.",通过改变旋流比等控制参数，观察单涡旋、涡旋破裂及多涡旋结构，说明不同流态不能用一种固定漏斗形状概括。,Laboratory,10.1175/1520-0469(1979)036<1755:cotlva>2.0.co;2,,https://doi.org/10.1175/1520-0469%281979%29036%3C1755%3Acotlva%3E2.0.co%3B2,,2026-09-29
ref-8d6ecfa492cf,1979,Discussion of “Tornado Data Characterization and Windspeed Risk”,George D. Ratliff Jr.,True,Journal of the Structural Division,journal,rating,direct,bibliographic,Not extracted in this bibliographic pass,Not extracted; consult the primary source,Topic indexed from title and venue; exact target and horizon require source review,Bibliographic entry filed under intensity & damage-based rating. Open the primary source for the study's methods and findings.,已核对题名、作者、出版信息与 DOI；主题归入“强度估计与灾损分级”。具体方法、输入与结论待进一步阅读原文。,Not extracted in this bibliographic pass,10.1061/jsdeag.0005225,,https://doi.org/10.1061/jsdeag.0005225,,2026-09-29
ref-0221eef4ca54,1979,Loading time history for tornado-generated missiles,Anil K. Kar,True,Nuclear Engineering and Design,journal,engineering,direct,bibliographic,Not extracted in this bibliographic pass,Not extracted; consult the primary source,Topic indexed from title and venue; exact target and horizon require source review,Bibliographic entry filed under wind engineering & structural resilience. Open the primary source for the study's methods and findings.,已核对题名、作者、出版信息与 DOI；主题归入“风工程、结构荷载与抗灾设计”。具体方法、输入与结论待进一步阅读原文。,Not extracted in this bibliographic pass,10.1016/0029-5493(79)90135-3,,https://doi.org/10.1016/0029-5493%2879%2990135-3,,2026-09-29
lemon1979,1979,Severe Thunderstorm Evolution and Mesocyclone Structure as Related to Tornadogenesis,Leslie R. Lemon; Charles A. Doswell III,True,Monthly Weather Review,journal,foundations,direct,annotated,Conceptual storm model,Radar-derived storm structure and airflow,Mesocyclone evolution and tornadogenesis; retrospective,"Connects the evolution of severe-thunderstorm airflow and mesocyclone structure with tornadogenesis, a foundation for interpreting storm morphology.",将强雷暴气流、中气旋结构的演变与龙卷生成联系起来，为传统风暴概念模型和雷达判读提供依据。,United States,10.1175/1520-0493(1979)107<1184:steams>2.0.co;2,,https://doi.org/10.1175/1520-0493%281979%29107%3C1184%3Asteams%3E2.0.co%3B2,,2026-09-29
ref-d02c3d25eaa9,1979,Tornado missile transport analysis,L.A. Twisdale; W.L. Dunn; T.L. Davis,True,Nuclear Engineering and Design,journal,engineering,direct,bibliographic,Not extracted in this bibliographic pass,Not extracted; consult the primary source,Topic indexed from title and venue; exact target and horizon require source review,Bibliographic entry filed under wind engineering & structural resilience. Open the primary source for the study's methods and findings.,已核对题名、作者、出版信息与 DOI；主题归入“风工程、结构荷载与抗灾设计”。具体方法、输入与结论待进一步阅读原文。,Not extracted in this bibliographic pass,10.1016/0029-5493(79)90096-7,,https://doi.org/10.1016/0029-5493%2879%2990096-7,,2026-09-29
ref-fb095d0f8c1e,1978,An Augmented Tornado Climatology,D. L. Kelly; J. T. Schaefer; R. P. McNulty; C. A. Doswell III; R. F. Abbey Jr.,True,Monthly Weather Review,journal,climatology,direct,bibliographic,Not extracted in this bibliographic pass,Not extracted; consult the primary source,Topic indexed from title and venue; exact target and horizon require source review,Bibliographic entry filed under climatology & environments. Open the primary source for the study's methods and findings.,已核对题名、作者、出版信息与 DOI；主题归入“气候统计、环境与区域研究”。具体方法、输入与结论待进一步阅读原文。,Not extracted in this bibliographic pass,10.1175/1520-0493(1978)106<1172:aatc>2.0.co;2,,https://doi.org/10.1175/1520-0493%281978%29106%3C1172%3Aaatc%3E2.0.co%3B2,,2026-09-29
ref-452838d43af5,1978,Full-scale tornado-missile impact tests,Alan E. Stephenson; George E. Sliter; Edwin G. Burdette,True,Nuclear Engineering and Design,journal,engineering,direct,bibliographic,Not extracted in this bibliographic pass,Not extracted; consult the primary source,Topic indexed from title and venue; exact target and horizon require source review,Bibliographic entry filed under wind engineering & structural resilience. Open the primary source for the study's methods and findings.,已核对题名、作者、出版信息与 DOI；主题归入“风工程、结构荷载与抗灾设计”。具体方法、输入与结论待进一步阅读原文。,Not extracted in this bibliographic pass,10.1016/0029-5493(78)90178-4,,https://doi.org/10.1016/0029-5493%2878%2990178-4,,2026-09-29
ref-9b57cdbe4df3,1978,"Hurricane-Tornado Damage, Mortality, and Insect Infestations of Slash Pine",Robert C. Wilkinson; Robert W. Britt; Elwyn A. Spence; Stephen M. Seiber,True,Southern Journal of Applied Forestry,journal,social,direct,bibliographic,Not extracted in this bibliographic pass,Not extracted; consult the primary source,Topic indexed from title and venue; exact target and horizon require source review,"Bibliographic entry filed under warnings, health & social response. Open the primary source for the study's methods and findings.",已核对题名、作者、出版信息与 DOI；主题归入“预警传播、健康与社会响应”。具体方法、输入与结论待进一步阅读原文。,Not extracted in this bibliographic pass,10.1093/sjaf/2.4.132,,https://doi.org/10.1093/sjaf/2.4.132,,2026-09-29
ref-89cc0938a6c6,1978,Observation of gravity waves during the extreme tornado outbreak of 3 April 1974,R.J Hung; T Phan; R.E Smith,True,Journal of Atmospheric and Terrestrial Physics,journal,climatology,direct,bibliographic,Not extracted in this bibliographic pass,Not extracted; consult the primary source,Topic indexed from title and venue; exact target and horizon require source review,Bibliographic entry filed under climatology & environments. Open the primary source for the study's methods and findings.,已核对题名、作者、出版信息与 DOI；主题归入“气候统计、环境与区域研究”。具体方法、输入与结论待进一步阅读原文。,Not extracted in this bibliographic pass,10.1016/0021-9169(78)90033-8,,https://doi.org/10.1016/0021-9169%2878%2990033-8,,2026-09-29
ref-ae5047504231,1978,Tornado Data Characterization and Windspeed Risk,Lawrence A. Twisdale Jr.,True,Journal of the Structural Division,journal,rating,direct,bibliographic,Not extracted in this bibliographic pass,Not extracted; consult the primary source,Topic indexed from title and venue; exact target and horizon require source review,Bibliographic entry filed under intensity & damage-based rating. Open the primary source for the study's methods and findings.,已核对题名、作者、出版信息与 DOI；主题归入“强度估计与灾损分级”。具体方法、输入与结论待进一步阅读原文。,Not extracted in this bibliographic pass,10.1061/jsdeag.0005009,,https://doi.org/10.1061/jsdeag.0005009,,2026-09-29
brown1978,1978,Tornado Detection by Pulsed Doppler Radar,Rodger A. Brown; Leslie R. Lemon; Donald W. Burgess,True,Monthly Weather Review,journal,radar,direct,annotated,Doppler signature,Pulsed Doppler radar,Tornado detection; current scan,A foundational reference for detecting tornado-related velocity signatures.,经典雷达检测起点：先理解速度特征，再理解算法为何如此设计。,US,10.1175/1520-0493(1978)106<0029:TDBPDR>2.0.CO;2,,https://journals.ametsoc.org/view/journals/mwre/106/1/1520-0493_1978_106_0029_tdbpdr_2_0_co_2.xml,,2026-09-29
ref-634161bce78d,1978,"Waterspout Statistics for Nassau, Bahamas",Richard E. Peterson,True,Journal of Applied Meteorology,journal,foundations,direct,bibliographic,Not extracted in this bibliographic pass,Not extracted; consult the primary source,Topic indexed from title and venue; exact target and horizon require source review,Bibliographic entry filed under foundations & dynamics. Open the primary source for the study's methods and findings.,已核对题名、作者、出版信息与 DOI；主题归入“物理基础与龙卷动力学”。具体方法、输入与结论待进一步阅读原文。,Not extracted in this bibliographic pass,10.1175/1520-0450(1978)017<0444:wsfnb>2.0.co;2,,https://doi.org/10.1175/1520-0450%281978%29017%3C0444%3Awsfnb%3E2.0.co%3B2,,2026-09-29
ref-4646c33ea438,1977,Continuation or breakdown in tornado-like vortices,Odus R. Burggraf; M. R. Foster,True,Journal of Fluid Mechanics,journal,foundations,direct,bibliographic,Not extracted in this bibliographic pass,Not extracted; consult the primary source,Topic indexed from title and venue; exact target and horizon require source review,Bibliographic entry filed under foundations & dynamics. Open the primary source for the study's methods and findings.,已核对题名、作者、出版信息与 DOI；主题归入“物理基础与龙卷动力学”。具体方法、输入与结论待进一步阅读原文。,Not extracted in this bibliographic pass,10.1017/s0022112077002420,,https://doi.org/10.1017/s0022112077002420,,2026-09-29
ref-afb8dace5282,1977,Gust Front Evolution and Tornado Genesis as Viewed by Doppler Radar,Edward A. Brandes,True,Journal of Applied Meteorology,journal,radar,direct,bibliographic,Not extracted in this bibliographic pass,Not extracted; consult the primary source,Topic indexed from title and venue; exact target and horizon require source review,Bibliographic entry filed under radar signatures & tracking. Open the primary source for the study's methods and findings.,已核对题名、作者、出版信息与 DOI；主题归入“雷达特征、识别与追踪”。具体方法、输入与结论待进一步阅读原文。,Not extracted in this bibliographic pass,10.1175/1520-0450(1977)016<0333:gfeatg>2.0.co;2,,https://doi.org/10.1175/1520-0450%281977%29016%3C0333%3Agfeatg%3E2.0.co%3B2,,2026-09-29
ref-062914f3269f,1977,Theoretical tornado vortex model for nuclear plant design,C.N. Sun; E.G. Burdette; R.O. Barnett,True,Nuclear Engineering and Design,journal,engineering,direct,bibliographic,Not extracted in this bibliographic pass,Not extracted; consult the primary source,Topic indexed from title and venue; exact target and horizon require source review,Bibliographic entry filed under wind engineering & structural resilience. Open the primary source for the study's methods and findings.,已核对题名、作者、出版信息与 DOI；主题归入“风工程、结构荷载与抗灾设计”。具体方法、输入与结论待进一步阅读原文。,Not extracted in this bibliographic pass,10.1016/0029-5493(77)90175-3,,https://doi.org/10.1016/0029-5493%2877%2990175-3,,2026-09-29
ref-6ad55b2d2d20,1977,Tornado Vortex Simulation at Purdue University,C. R. Church; J. T. Snow; E. M. Agee,True,Bulletin of the American Meteorological Society,journal,foundations,direct,bibliographic,Not extracted in this bibliographic pass,Not extracted; consult the primary source,Topic indexed from title and venue; exact target and horizon require source review,Bibliographic entry filed under foundations & dynamics. Open the primary source for the study's methods and findings.,已核对题名、作者、出版信息与 DOI；主题归入“物理基础与龙卷动力学”。具体方法、输入与结论待进一步阅读原文。,Not extracted in this bibliographic pass,10.1175/1520-0477(1977)058<0900:tvsapu>2.0.co;2,,https://doi.org/10.1175/1520-0477%281977%29058%3C0900%3Atvsapu%3E2.0.co%3B2,,2026-09-29
ref-3bd75d995529,1977,Tornado-Borne Missile Speeds,James F. Costello; Emil Simiu; Martin R. Cordes,True,Journal of the Structural Division,journal,engineering,direct,bibliographic,Not extracted in this bibliographic pass,Not extracted; consult the primary source,Topic indexed from title and venue; exact target and horizon require source review,Bibliographic entry filed under wind engineering & structural resilience. Open the primary source for the study's methods and findings.,已核对题名、作者、出版信息与 DOI；主题归入“风工程、结构荷载与抗灾设计”。具体方法、输入与结论待进一步阅读原文。,Not extracted in this bibliographic pass,10.1061/jsdeag.0004652,,https://doi.org/10.1061/jsdeag.0004652,,2026-09-29
ref-14e19892d587,1976,A FUNNEL CLOUD AND WATERSPOUT IN THE ARCTIC,S. Hattie,True,Weather,journal,foundations,direct,bibliographic,Not extracted in this bibliographic pass,Not extracted; consult the primary source,Topic indexed from title and venue; exact target and horizon require source review,Bibliographic entry filed under foundations & dynamics. Open the primary source for the study's methods and findings.,已核对题名、作者、出版信息与 DOI；主题归入“物理基础与龙卷动力学”。具体方法、输入与结论待进一步阅读原文。,Not extracted in this bibliographic pass,10.1002/j.1477-8696.1976.tb04433.x,,https://doi.org/10.1002/j.1477-8696.1976.tb04433.x,,2026-09-29
ref-c57baa8ac255,1976,An Evaluation of Tornado Proximity Wind and Stability Data,Robert A. Maddox,True,Monthly Weather Review,journal,climatology,direct,bibliographic,Not extracted in this bibliographic pass,Not extracted; consult the primary source,Topic indexed from title and venue; exact target and horizon require source review,Bibliographic entry filed under climatology & environments. Open the primary source for the study's methods and findings.,已核对题名、作者、出版信息与 DOI；主题归入“气候统计、环境与区域研究”。具体方法、输入与结论待进一步阅读原文。,Not extracted in this bibliographic pass,10.1175/1520-0493(1976)104<0133:aeotpw>2.0.co;2,,https://doi.org/10.1175/1520-0493%281976%29104%3C0133%3Aaeotpw%3E2.0.co%3B2,,2026-09-29
ref-9d032bc07b4f,1976,Hawaiian Waterspout–Tornado of 26 November 1975,Thomas A. Schroeder,True,Weatherwise,journal,foundations,direct,bibliographic,Not extracted in this bibliographic pass,Not extracted; consult the primary source,Topic indexed from title and venue; exact target and horizon require source review,Bibliographic entry filed under foundations & dynamics. Open the primary source for the study's methods and findings.,已核对题名、作者、出版信息与 DOI；主题归入“物理基础与龙卷动力学”。具体方法、输入与结论待进一步阅读原文。,Not extracted in this bibliographic pass,10.1080/00431672.1976.10544151,,https://doi.org/10.1080/00431672.1976.10544151,,2026-09-29
ref-d14f1d4587c5,1976,Multiple Vortex Features in the Tornado Cyclone and the Occurrence of Tornado Families,E. M. Agee; J. T. Snow; P. R. Clare,True,Monthly Weather Review,journal,climatology,direct,bibliographic,Not extracted in this bibliographic pass,Not extracted; consult the primary source,Topic indexed from title and venue; exact target and horizon require source review,Bibliographic entry filed under climatology & environments. Open the primary source for the study's methods and findings.,已核对题名、作者、出版信息与 DOI；主题归入“气候统计、环境与区域研究”。具体方法、输入与结论待进一步阅读原文。,Not extracted in this bibliographic pass,10.1175/1520-0493(1976)104<0552:mvfitt>2.0.co;2,,https://doi.org/10.1175/1520-0493%281976%29104%3C0552%3Amvfitt%3E2.0.co%3B2,,2026-09-29
ref-303c20ff56b8,1976,Tornado‐parent storm relationship deduced from a dual‐Doppler radar analysis,Peter S. Ray; Carl E. Hane; Robert P. Davies‐Jones; Ronnie L. Alberty,True,Geophysical Research Letters,journal,radar,direct,bibliographic,Not extracted in this bibliographic pass,Not extracted; consult the primary source,Topic indexed from title and venue; exact target and horizon require source review,Bibliographic entry filed under radar signatures & tracking. Open the primary source for the study's methods and findings.,已核对题名、作者、出版信息与 DOI；主题归入“雷达特征、识别与追踪”。具体方法、输入与结论待进一步阅读原文。,Not extracted in this bibliographic pass,10.1029/gl003i012p00721,,https://doi.org/10.1029/gl003i012p00721,,2026-09-29
ref-9a6d84458ff6,1975,Chicken Plucking as Measure of Tornado Wind Speed,B. Vonnegut,True,Weatherwise,journal,foundations,direct,bibliographic,Not extracted in this bibliographic pass,Not extracted; consult the primary source,Topic indexed from title and venue; exact target and horizon require source review,Bibliographic entry filed under foundations & dynamics. Open the primary source for the study's methods and findings.,已核对题名、作者、出版信息与 DOI；主题归入“物理基础与龙卷动力学”。具体方法、输入与结论待进一步阅读原文。,Not extracted in this bibliographic pass,10.1080/00431672.1975.9931768,,https://doi.org/10.1080/00431672.1975.9931768,,2026-09-29
burgess1975,1975,Tornado characteristics revealed by Doppler radar,Donald W. Burgess; Leslie R. Lemon; Rodger A. Brown,True,Geophysical Research Letters,journal,radar,direct,annotated,Doppler radar observation,Doppler velocity,Tornado structure; observational,An early Doppler-observation reference for tornado characteristics.,早期多普勒观测研究，连接龙卷物理结构与雷达可见特征。,Unspecified,10.1029/GL002i005p00183,,https://doi.org/10.1029/GL002i005p00183,,2026-09-29
ref-5713bd9bb09d,1975,Tornado Design Winds Based on Risk,Robert C. Garson; José Morlá Catalán; C. Allin Cornell,True,Journal of the Structural Division,journal,engineering,direct,bibliographic,Not extracted in this bibliographic pass,Not extracted; consult the primary source,Topic indexed from title and venue; exact target and horizon require source review,Bibliographic entry filed under wind engineering & structural resilience. Open the primary source for the study's methods and findings.,已核对题名、作者、出版信息与 DOI；主题归入“风工程、结构荷载与抗灾设计”。具体方法、输入与结论待进一步阅读原文。,Not extracted in this bibliographic pass,10.1061/jsdeag.0004161,,https://doi.org/10.1061/jsdeag.0004161,,2026-09-29
ref-a3efa1071f7d,1975,Tornado Risk Evaluation Using Wind Speed Profiles,Robert C. Garson; J. Morla-Catalan; C. Allin Cornell,True,Journal of the Structural Division,journal,engineering,direct,bibliographic,Not extracted in this bibliographic pass,Not extracted; consult the primary source,Topic indexed from title and venue; exact target and horizon require source review,Bibliographic entry filed under wind engineering & structural resilience. Open the primary source for the study's methods and findings.,已核对题名、作者、出版信息与 DOI；主题归入“风工程、结构荷载与抗灾设计”。具体方法、输入与结论待进一步阅读原文。,Not extracted in this bibliographic pass,10.1061/jsdeag.0004068,,https://doi.org/10.1061/jsdeag.0004068,,2026-09-29
ref-4e79ca458852,1974,Laboratory Production of Tornado–Like Vortices,G. Gillies; G. Withnell; J. Glass,True,Journal of the Atmospheric Sciences,journal,foundations,direct,bibliographic,Not extracted in this bibliographic pass,Not extracted; consult the primary source,Topic indexed from title and venue; exact target and horizon require source review,Bibliographic entry filed under foundations & dynamics. Open the primary source for the study's methods and findings.,已核对题名、作者、出版信息与 DOI；主题归入“物理基础与龙卷动力学”。具体方法、输入与结论待进一步阅读原文。,Not extracted in this bibliographic pass,10.1175/1520-0469(1974)031<2231:lpotv>2.0.co;2,,https://doi.org/10.1175/1520-0469%281974%29031%3C2231%3Alpotv%3E2.0.co%3B2,,2026-09-29
golden1974,1974,The Life Cycle of Florida Keys' Waterspouts. I,Joseph H. Golden,True,Journal of Applied Meteorology,journal,foundations,direct,annotated,Waterspout life-cycle observation,Florida Keys waterspout observations,Waterspout development stages; retrospective,"Describes stages in the life cycle of Florida Keys waterspouts, providing an observational entry point for tornadoes over water.",描述佛罗里达群岛水龙卷生命周期中的不同阶段，为水面龙卷研究补充独立于陆地超级单体的观测入口。,"Florida Keys, United States",10.1175/1520-0450(1974)013<0676:tlcofk>2.0.co;2,,https://doi.org/10.1175/1520-0450%281974%29013%3C0676%3Atlcofk%3E2.0.co%3B2,,2026-09-29
ref-8322f5eeb43b,1973,An Electromagnetic Technique for Tornado Detection,W. L. Taylor,True,Weatherwise,journal,foundations,direct,bibliographic,Not extracted in this bibliographic pass,Not extracted; consult the primary source,Topic indexed from title and venue; exact target and horizon require source review,Bibliographic entry filed under foundations & dynamics. Open the primary source for the study's methods and findings.,已核对题名、作者、出版信息与 DOI；主题归入“物理基础与龙卷动力学”。具体方法、输入与结论待进一步阅读原文。,Not extracted in this bibliographic pass,10.1080/00431672.1973.9931635,,https://doi.org/10.1080/00431672.1973.9931635,,2026-09-29
ref-a59e5c54e2c0,1973,"Doppler Radar Observations of the Brookline, Massachusetts Tornado of August",Michael J. Kraus,True,Bulletin of the American Meteorological Society,journal,radar,direct,bibliographic,Not extracted in this bibliographic pass,Not extracted; consult the primary source,Topic indexed from title and venue; exact target and horizon require source review,Bibliographic entry filed under radar signatures & tracking. Open the primary source for the study's methods and findings.,已核对题名、作者、出版信息与 DOI；主题归入“雷达特征、识别与追踪”。具体方法、输入与结论待进一步阅读原文。,Not extracted in this bibliographic pass,10.1175/1520-0477(1973)054<0519:drootb>2.0.co;2,,https://doi.org/10.1175/1520-0477%281973%29054%3C0519%3Adrootb%3E2.0.co%3B2,,2026-09-29
ref-552be049905e,1973,"SIMULTANEOUS OBSERVATION OF TORNADO, WATERSPOUT AND FUNNEL CLOUD",M. W. Maier; H. W. Brandli,True,Weather,journal,foundations,direct,bibliographic,Not extracted in this bibliographic pass,Not extracted; consult the primary source,Topic indexed from title and venue; exact target and horizon require source review,Bibliographic entry filed under foundations & dynamics. Open the primary source for the study's methods and findings.,已核对题名、作者、出版信息与 DOI；主题归入“物理基础与龙卷动力学”。具体方法、输入与结论待进一步阅读原文。,Not extracted in this bibliographic pass,10.1002/j.1477-8696.1973.tb00828.x,,https://doi.org/10.1002/j.1477-8696.1973.tb00828.x,,2026-09-29
ref-35c8f1fe277c,1973,Some Statistical Aspects of Waterspout Formation,Joseph H. Golden,True,Weatherwise,journal,foundations,direct,bibliographic,Not extracted in this bibliographic pass,Not extracted; consult the primary source,Topic indexed from title and venue; exact target and horizon require source review,Bibliographic entry filed under foundations & dynamics. Open the primary source for the study's methods and findings.,已核对题名、作者、出版信息与 DOI；主题归入“物理基础与龙卷动力学”。具体方法、输入与结论待进一步阅读原文。,Not extracted in this bibliographic pass,10.1080/00431672.1973.9931643,,https://doi.org/10.1080/00431672.1973.9931643,,2026-09-29
ref-fde1cc00285d,1973,The Dependence of Core Radius on Swirl Ratio in a Tornado Simulator,Robert P. Davies-Jones,True,Journal of the Atmospheric Sciences,journal,foundations,direct,bibliographic,Not extracted in this bibliographic pass,Not extracted; consult the primary source,Topic indexed from title and venue; exact target and horizon require source review,Bibliographic entry filed under foundations & dynamics. Open the primary source for the study's methods and findings.,已核对题名、作者、出版信息与 DOI；主题归入“物理基础与龙卷动力学”。具体方法、输入与结论待进一步阅读原文。,Not extracted in this bibliographic pass,10.1175/1520-0469(1973)030<1427:tdocro>2.0.co;2,,https://doi.org/10.1175/1520-0469%281973%29030%3C1427%3Atdocro%3E2.0.co%3B2,,2026-09-29
ref-78639defbe4c,1973,Tornado Risks and Design Wind Speed,Yi-Kwei Wen; Shih-Lung Chu,True,Journal of the Structural Division,journal,engineering,direct,bibliographic,Not extracted in this bibliographic pass,Not extracted; consult the primary source,Topic indexed from title and venue; exact target and horizon require source review,Bibliographic entry filed under wind engineering & structural resilience. Open the primary source for the study's methods and findings.,已核对题名、作者、出版信息与 DOI；主题归入“风工程、结构荷载与抗灾设计”。具体方法、输入与结论待进一步阅读原文。,Not extracted in this bibliographic pass,10.1061/jsdeag.0003666,,https://doi.org/10.1061/jsdeag.0003666,,2026-09-29
ref-55c148632c72,1973,Twin Tornado Cyclones within a Severe Thunderstorm: Single Doppler Radar Observations,Rodger A. Brown; Donald W. Burgess; Kenneth C. Crawford,True,Weatherwise,journal,radar,direct,bibliographic,Not extracted in this bibliographic pass,Not extracted; consult the primary source,Topic indexed from title and venue; exact target and horizon require source review,Bibliographic entry filed under radar signatures & tracking. Open the primary source for the study's methods and findings.,已核对题名、作者、出版信息与 DOI；主题归入“雷达特征、识别与追踪”。具体方法、输入与结论待进一步阅读原文。,Not extracted in this bibliographic pass,10.1080/00431672.1973.9931634,,https://doi.org/10.1080/00431672.1973.9931634,,2026-09-29
ref-a7440c5656ed,1972,Measurement of the Velocity Field in a Simulated Tornado-Like Vortex Using a Three-Dimensional Velocity Probe,C. A. Wan; C. C. Chang,True,Journal of the Atmospheric Sciences,journal,foundations,direct,bibliographic,Not extracted in this bibliographic pass,Not extracted; consult the primary source,Topic indexed from title and venue; exact target and horizon require source review,Bibliographic entry filed under foundations & dynamics. Open the primary source for the study's methods and findings.,已核对题名、作者、出版信息与 DOI；主题归入“物理基础与龙卷动力学”。具体方法、输入与结论待进一步阅读原文。,Not extracted in this bibliographic pass,10.1175/1520-0469(1972)029<0116:motvfi>2.0.co;2,,https://doi.org/10.1175/1520-0469%281972%29029%3C0116%3Amotvfi%3E2.0.co%3B2,,2026-09-29
ward1972,1972,The Exploration of Certain Features of Tornado Dynamics Using a Laboratory Model,Neil B. Ward,True,Journal of the Atmospheric Sciences,journal,foundations,direct,annotated,Laboratory vortex simulation,"Controlled inflow, updraft and vortex geometry",Tornado-like vortex structure; laboratory experiment,"Uses a laboratory vortex to investigate pressure profiles, core deformation and multiple vortices under controlled flow geometry.",在实验室中控制入流和上升气流，研究压强分布、涡核变形与多涡旋结构，是理解龙卷模拟装置的基础文献。,Laboratory,10.1175/1520-0469(1972)029<1194:teocfo>2.0.co;2,,https://doi.org/10.1175/1520-0469%281972%29029%3C1194%3Ateocfo%3E2.0.co%3B2,,2026-09-29
ref-420e6c8738da,1972,The Tornado Threat: Coping Styles of the North and South,John H. Sims; Duane D. Baumann,True,Science,journal,social,direct,bibliographic,Not extracted in this bibliographic pass,Not extracted; consult the primary source,Topic indexed from title and venue; exact target and horizon require source review,"Bibliographic entry filed under warnings, health & social response. Open the primary source for the study's methods and findings.",已核对题名、作者、出版信息与 DOI；主题归入“预警传播、健康与社会响应”。具体方法、输入与结论待进一步阅读原文。,Not extracted in this bibliographic pass,10.1126/science.176.4042.1386,,https://doi.org/10.1126/science.176.4042.1386,,2026-09-29
ref-f83d1fc8fc2c,1971,A WATERSPOUT AT SINGAPORE,B. G. Wales‐Smith,True,Weather,journal,foundations,direct,bibliographic,Not extracted in this bibliographic pass,Not extracted; consult the primary source,Topic indexed from title and venue; exact target and horizon require source review,Bibliographic entry filed under foundations & dynamics. Open the primary source for the study's methods and findings.,已核对题名、作者、出版信息与 DOI；主题归入“物理基础与龙卷动力学”。具体方法、输入与结论待进一步阅读原文。,Not extracted in this bibliographic pass,10.1002/j.1477-8696.1971.tb04214.x,,https://doi.org/10.1002/j.1477-8696.1971.tb04214.x,,2026-09-29
fujita1971,1971,Proposed characterization of tornadoes and hurricanes by area and intensity,T. Theodore Fujita,True,"University of Chicago, SMRP Research Paper 91",report,rating,direct,annotated,Historical damage/intensity scale,Damage and event observations,Event characterization; retrospective,The historical starting point for the Fujita-scale lineage.,从历史原始报告理解藤田等级的形成，而不是把等级当成雷达的直接观测量。,Unspecified,,,https://ntrs.nasa.gov/citations/19720008829,,2026-09-29
ref-0b42717e22c2,1970,Exploratory Model Study of Tornado-Like Vortex Dynamics,S. J. Ying; C. C. Chang,True,Journal of the Atmospheric Sciences,journal,foundations,direct,bibliographic,Not extracted in this bibliographic pass,Not extracted; consult the primary source,Topic indexed from title and venue; exact target and horizon require source review,Bibliographic entry filed under foundations & dynamics. Open the primary source for the study's methods and findings.,已核对题名、作者、出版信息与 DOI；主题归入“物理基础与龙卷动力学”。具体方法、输入与结论待进一步阅读原文。,Not extracted in this bibliographic pass,10.1175/1520-0469(1970)027<0003:emsotl>2.0.co;2,,https://doi.org/10.1175/1520-0469%281970%29027%3C0003%3Aemsotl%3E2.0.co%3B2,,2026-09-29
ref-48b7bb185370,1970,"The Lower Florida Keys Waterspout Project, May–September 1969",Joseph H. Golden,True,Bulletin of the American Meteorological Society,journal,foundations,direct,bibliographic,Not extracted in this bibliographic pass,Not extracted; consult the primary source,Topic indexed from title and venue; exact target and horizon require source review,Bibliographic entry filed under foundations & dynamics. Open the primary source for the study's methods and findings.,已核对题名、作者、出版信息与 DOI；主题归入“物理基础与龙卷动力学”。具体方法、输入与结论待进一步阅读原文。,Not extracted in this bibliographic pass,10.1175/1520-0477-51.3.235,,https://doi.org/10.1175/1520-0477-51.3.235,,2026-09-29
donaldson1970,1970,Vortex Signature Recognition by a Doppler Radar,Ralph J. Donaldson Jr.,True,Journal of Applied Meteorology,journal,radar,direct,annotated,Doppler vortex-signature recognition,Doppler radial velocity,Recognition of a radar vortex signature,"Develops Doppler-radar recognition of vortex signatures, linking measured velocity patterns to rotating storms before modern operational algorithms.",研究如何从多普勒径向速度中识别涡旋特征，连接早期旋转风暴观测与后来的业务检测算法。,United States,10.1175/1520-0450(1970)009<0661:vsrbad>2.0.co;2,,https://doi.org/10.1175/1520-0450%281970%29009%3C0661%3Avsrbad%3E2.0.co%3B2,,2026-09-29
ref-ef7c3696a5ab,1969,The ground turbulent boundary layer of a stationary tornado-like vortex,S. W. CHI; S. J. YING; C. C. CHANG,True,Tellus,journal,foundations,direct,bibliographic,Not extracted in this bibliographic pass,Not extracted; consult the primary source,Topic indexed from title and venue; exact target and horizon require source review,Bibliographic entry filed under foundations & dynamics. Open the primary source for the study's methods and findings.,已核对题名、作者、出版信息与 DOI；主题归入“物理基础与龙卷动力学”。具体方法、输入与结论待进一步阅读原文。,Not extracted in this bibliographic pass,10.1111/j.2153-3490.1969.tb00477.x,,https://doi.org/10.1111/j.2153-3490.1969.tb00477.x,,2026-09-29
ref-649f37ec41fc,1969,Tornado occurrences in New South Wales,D.T. Evesson,True,Australian Meteorological Magazine,journal,climatology,direct,bibliographic,Not extracted in this bibliographic pass,Not extracted; consult the primary source,Topic indexed from title and venue; exact target and horizon require source review,Bibliographic entry filed under climatology & environments. Open the primary source for the study's methods and findings.,已核对题名、作者、出版信息与 DOI；主题归入“气候统计、环境与区域研究”。具体方法、输入与结论待进一步阅读原文。,Not extracted in this bibliographic pass,10.1071/es69017,,https://doi.org/10.1071/es69017,,2026-09-29
ref-7eb27b315dd3,1968,Electrical heating of a tornado vortex,Stirling A. Colgate,True,Journal of Geophysical Research,journal,foundations,direct,bibliographic,Not extracted in this bibliographic pass,Not extracted; consult the primary source,Topic indexed from title and venue; exact target and horizon require source review,Bibliographic entry filed under foundations & dynamics. Open the primary source for the study's methods and findings.,已核对题名、作者、出版信息与 DOI；主题归入“物理基础与龙卷动力学”。具体方法、输入与结论待进一步阅读原文。,Not extracted in this bibliographic pass,10.1029/jb073i018p06121,,https://doi.org/10.1029/jb073i018p06121,,2026-09-29
ref-9fa4fcfdb0cd,1968,Radar and Synoptic Analysis of the Miami Tornado of 17 June 1959,Homer W. Hiser,True,Journal of Applied Meteorology,journal,radar,direct,bibliographic,Not extracted in this bibliographic pass,Not extracted; consult the primary source,Topic indexed from title and venue; exact target and horizon require source review,Bibliographic entry filed under radar signatures & tracking. Open the primary source for the study's methods and findings.,已核对题名、作者、出版信息与 DOI；主题归入“雷达特征、识别与追踪”。具体方法、输入与结论待进一步阅读原文。,Not extracted in this bibliographic pass,10.1175/1520-0450(1968)007<0892:rasaot>2.0.co;2,,https://doi.org/10.1175/1520-0450%281968%29007%3C0892%3Arasaot%3E2.0.co%3B2,,2026-09-29
ref-6c720df916c7,1967,The Vineyard Sound Waterspout in 1896,David M. Ludlum,True,Weatherwise,journal,foundations,direct,bibliographic,Not extracted in this bibliographic pass,Not extracted; consult the primary source,Topic indexed from title and venue; exact target and horizon require source review,Bibliographic entry filed under foundations & dynamics. Open the primary source for the study's methods and findings.,已核对题名、作者、出版信息与 DOI；主题归入“物理基础与龙卷动力学”。具体方法、输入与结论待进一步阅读原文。,Not extracted in this bibliographic pass,10.1080/00431672.1967.9932762,,https://doi.org/10.1080/00431672.1967.9932762,,2026-09-29
ref-414e0910a5c0,1967,"TORNADO DAMAGE PATTERNS IN TOPEKA, KANSAS, JUNE 8, 1966",JOE R. EAGLEMAN,True,Monthly Weather Review,journal,impacts,direct,bibliographic,Not extracted in this bibliographic pass,Not extracted; consult the primary source,Topic indexed from title and venue; exact target and horizon require source review,Bibliographic entry filed under damage recognition & impacts. Open the primary source for the study's methods and findings.,已核对题名、作者、出版信息与 DOI；主题归入“灾后视觉识别与影响评估”。具体方法、输入与结论待进一步阅读原文。,Not extracted in this bibliographic pass,10.1175/1520-0493(1967)095<0370:tdpitk>2.3.co;2,,https://doi.org/10.1175/1520-0493%281967%29095%3C0370%3Atdpitk%3E2.3.co%3B2,,2026-09-29
ref-3564129fa4a5,1966,MANAGEMENT OF TORNADO CASUALTIES,I. MANDELBAUM; D. NAHRWOLD; D. W. BOYER,True,"The Journal of Trauma: Injury, Infection, and Critical Care",journal,social,direct,bibliographic,Not extracted in this bibliographic pass,Not extracted; consult the primary source,Topic indexed from title and venue; exact target and horizon require source review,"Bibliographic entry filed under warnings, health & social response. Open the primary source for the study's methods and findings.",已核对题名、作者、出版信息与 DOI；主题归入“预警传播、健康与社会响应”。具体方法、输入与结论待进一步阅读原文。,Not extracted in this bibliographic pass,10.1097/00005373-196605000-00005,,https://doi.org/10.1097/00005373-196605000-00005,,2026-09-29
ref-0daad5124600,1966,The constraints imposed on tornado-like vortices by the top and bottom boundary conditions,J. S. Turner,True,Journal of Fluid Mechanics,journal,foundations,direct,bibliographic,Not extracted in this bibliographic pass,Not extracted; consult the primary source,Topic indexed from title and venue; exact target and horizon require source review,Bibliographic entry filed under foundations & dynamics. Open the primary source for the study's methods and findings.,已核对题名、作者、出版信息与 DOI；主题归入“物理基础与龙卷动力学”。具体方法、输入与结论待进一步阅读原文。,Not extracted in this bibliographic pass,10.1017/s002211206600171x,,https://doi.org/10.1017/s002211206600171x,,2026-09-29
ref-e8136cca13b2,1964,WEATHER NOTE: GROUND DAMAGE BY TORNADO,C. R. GRAY,True,Monthly Weather Review,journal,impacts,direct,bibliographic,Not extracted in this bibliographic pass,Not extracted; consult the primary source,Topic indexed from title and venue; exact target and horizon require source review,Bibliographic entry filed under damage recognition & impacts. Open the primary source for the study's methods and findings.,已核对题名、作者、出版信息与 DOI；主题归入“灾后视觉识别与影响评估”。具体方法、输入与结论待进一步阅读原文。,Not extracted in this bibliographic pass,10.1175/1520-0493(1964)092<0476:gdbt>2.3.co;2,,https://doi.org/10.1175/1520-0493%281964%29092%3C0476%3Agdbt%3E2.3.co%3B2,,2026-09-29
browning1963,1963,Airflow and Structure of a Tornadic Storm,K. A. Browning; R. J. Donaldson,True,Journal of the Atmospheric Sciences,journal,foundations,direct,annotated,Storm airflow reconstruction,Radar and storm observations,Tornadic-storm structure; retrospective,"Reconstructs airflow and storm structure to connect the parent thunderstorm with the tornado, providing a physical interpretation of observed radar morphology.",通过风暴观测重建气流与结构，将龙卷放回母体雷暴中理解，为解释雷达回波形态提供物理背景。,United States,10.1175/1520-0469(1963)020<0533:aasoat>2.0.co;2,,https://doi.org/10.1175/1520-0469%281963%29020%3C0533%3Aaasoat%3E2.0.co%3B2,,2026-09-29
ref-838fb642426f,1963,Storm Radar Data Processor Observes a Tornado,David Atlas,True,Bulletin of the American Meteorological Society,journal,radar,direct,bibliographic,Not extracted in this bibliographic pass,Not extracted; consult the primary source,Topic indexed from title and venue; exact target and horizon require source review,Bibliographic entry filed under radar signatures & tracking. Open the primary source for the study's methods and findings.,已核对题名、作者、出版信息与 DOI；主题归入“雷达特征、识别与追踪”。具体方法、输入与结论待进一步阅读原文。,Not extracted in this bibliographic pass,10.1175/1520-0477-44.1.44,,https://doi.org/10.1175/1520-0477-44.1.44,,2026-09-29
ref-b4a24d800a27,1963,The Carbonated-water Tornado Vortex,J. S. Turner; D. K. Lilly,True,Journal of the Atmospheric Sciences,journal,foundations,direct,bibliographic,Not extracted in this bibliographic pass,Not extracted; consult the primary source,Topic indexed from title and venue; exact target and horizon require source review,Bibliographic entry filed under foundations & dynamics. Open the primary source for the study's methods and findings.,已核对题名、作者、出版信息与 DOI；主题归入“物理基础与龙卷动力学”。具体方法、输入与结论待进一步阅读原文。,Not extracted in this bibliographic pass,10.1175/1520-0469(1963)020<0468:tcwtv>2.0.co;2,,https://doi.org/10.1175/1520-0469%281963%29020%3C0468%3Atcwtv%3E2.0.co%3B2,,2026-09-29
ref-f2e9ef2a07a3,1963,TORNADO PROBABILITIES,H. C. S. THOM,True,Monthly Weather Review,journal,climatology,direct,bibliographic,Not extracted in this bibliographic pass,Not extracted; consult the primary source,Topic indexed from title and venue; exact target and horizon require source review,Bibliographic entry filed under climatology & environments. Open the primary source for the study's methods and findings.,已核对题名、作者、出版信息与 DOI；主题归入“气候统计、环境与区域研究”。具体方法、输入与结论待进一步阅读原文。,Not extracted in this bibliographic pass,10.1175/1520-0493(1963)091<0730:tp>2.3.co;2,,https://doi.org/10.1175/1520-0493%281963%29091%3C0730%3Atp%3E2.3.co%3B2,,2026-09-29
ref-cdcbd62c95c3,1963,Waterspout on the Aletsch Glacier,M. L. Wiseman,True,Journal of Glaciology,journal,foundations,direct,bibliographic,Not extracted in this bibliographic pass,Not extracted; consult the primary source,Topic indexed from title and venue; exact target and horizon require source review,Bibliographic entry filed under foundations & dynamics. Open the primary source for the study's methods and findings.,已核对题名、作者、出版信息与 DOI；主题归入“物理基础与龙卷动力学”。具体方法、输入与结论待进一步阅读原文。,Not extracted in this bibliographic pass,10.3189/s0022143000028203,,https://doi.org/10.3189/s0022143000028203,,2026-09-29
ref-7ebeb7f0ea27,1962,COMMENTS ON “THE FIRST WATERSPOUT DISCOVERED ON SATELLITE PHOTOGRAPHS”,DONALD C. GABY,True,Monthly Weather Review,journal,foundations,direct,bibliographic,Not extracted in this bibliographic pass,Not extracted; consult the primary source,Topic indexed from title and venue; exact target and horizon require source review,Bibliographic entry filed under foundations & dynamics. Open the primary source for the study's methods and findings.,已核对题名、作者、出版信息与 DOI；主题归入“物理基础与龙卷动力学”。具体方法、输入与结论待进一步阅读原文。,Not extracted in this bibliographic pass,10.1175/1520-0493(1962)090<0525:cotfwd>2.0.co;2,,https://doi.org/10.1175/1520-0493%281962%29090%3C0525%3Acotfwd%3E2.0.co%3B2,,2026-09-29
ref-8746637a21ed,1962,WEATHER NOTE: THE FIRST WATERSPOUT DISCOVERED ON SATELLITE PHOTOGRAPHS,L. F. HUBERT,True,Monthly Weather Review,journal,foundations,direct,bibliographic,Not extracted in this bibliographic pass,Not extracted; consult the primary source,Topic indexed from title and venue; exact target and horizon require source review,Bibliographic entry filed under foundations & dynamics. Open the primary source for the study's methods and findings.,已核对题名、作者、出版信息与 DOI；主题归入“物理基础与龙卷动力学”。具体方法、输入与结论待进一步阅读原文。,Not extracted in this bibliographic pass,10.1175/1520-0493(1962)090<0382:wntfwd>2.0.co;2,,https://doi.org/10.1175/1520-0493%281962%29090%3C0382%3Awntfwd%3E2.0.co%3B2,,2026-09-29
ref-76a2caf34f29,1960,Study of a tornado situation in south-west Australia,R.L. Southern,True,Australian Meteorological Magazine,journal,foundations,direct,bibliographic,Not extracted in this bibliographic pass,Not extracted; consult the primary source,Topic indexed from title and venue; exact target and horizon require source review,Bibliographic entry filed under foundations & dynamics. Open the primary source for the study's methods and findings.,已核对题名、作者、出版信息与 DOI；主题归入“物理基础与龙卷动力学”。具体方法、输入与结论待进一步阅读原文。,Not extracted in this bibliographic pass,10.1071/es60024,,https://doi.org/10.1071/es60024,,2026-09-29
ref-0c1f743c7e69,1960,The Tornado in Western Canada 1,G. A. McKay; A. B. Lowe,True,Bulletin of the American Meteorological Society,journal,foundations,direct,bibliographic,Not extracted in this bibliographic pass,Not extracted; consult the primary source,Topic indexed from title and venue; exact target and horizon require source review,Bibliographic entry filed under foundations & dynamics. Open the primary source for the study's methods and findings.,已核对题名、作者、出版信息与 DOI；主题归入“物理基础与龙卷动力学”。具体方法、输入与结论待进一步阅读原文。,Not extracted in this bibliographic pass,10.1175/1520-0477-41.1.1,,https://doi.org/10.1175/1520-0477-41.1.1,,2026-09-29
ref-aa2a716789a4,1960,The vortex tube and the tornado,Robert Katz,True,Geofisica pura e applicata,journal,foundations,direct,bibliographic,Not extracted in this bibliographic pass,Not extracted; consult the primary source,Topic indexed from title and venue; exact target and horizon require source review,Bibliographic entry filed under foundations & dynamics. Open the primary source for the study's methods and findings.,已核对题名、作者、出版信息与 DOI；主题归入“物理基础与龙卷动力学”。具体方法、输入与结论待进一步阅读原文。,Not extracted in this bibliographic pass,10.1007/bf01992495,,https://doi.org/10.1007/bf01992495,,2026-09-29
ref-03a700078544,1960,"WIND SPEED AND AIR FLOW PATTERNS IN THE DALLAS TORNADO OF APRIL 2, 1957",WALTER H. HOECKER JR.,True,Monthly Weather Review,journal,foundations,direct,bibliographic,Not extracted in this bibliographic pass,Not extracted; consult the primary source,Topic indexed from title and venue; exact target and horizon require source review,Bibliographic entry filed under foundations & dynamics. Open the primary source for the study's methods and findings.,已核对题名、作者、出版信息与 DOI；主题归入“物理基础与龙卷动力学”。具体方法、输入与结论待进一步阅读原文。,Not extracted in this bibliographic pass,10.1175/1520-0493(1960)088<0167:wsaafp>2.0.co;2,,https://doi.org/10.1175/1520-0493%281960%29088%3C0167%3Awsaafp%3E2.0.co%3B2,,2026-09-29
ref-48cb16338270,1959,A SEQUENCE OF TORNADO DAMAGE PATTERNS,Ferguson Hall; Robert D. Brewer,True,Monthly Weather Review,journal,impacts,direct,bibliographic,Not extracted in this bibliographic pass,Not extracted; consult the primary source,Topic indexed from title and venue; exact target and horizon require source review,Bibliographic entry filed under damage recognition & impacts. Open the primary source for the study's methods and findings.,已核对题名、作者、出版信息与 DOI；主题归入“灾后视觉识别与影响评估”。具体方法、输入与结论待进一步阅读原文。,Not extracted in this bibliographic pass,10.1175/1520-0493(1959)087<0207:asotdp>2.0.co;2,,https://doi.org/10.1175/1520-0493%281959%29087%3C0207%3Aasotdp%3E2.0.co%3B2,,2026-09-29
ref-c6d66c0489d5,1959,Mesoanalysis: Some Operational Analysis Techniques Utilized in Tornado Forecasting,Bernard W. Magor,True,Bulletin of the American Meteorological Society,journal,forecast,direct,bibliographic,Not extracted in this bibliographic pass,Not extracted; consult the primary source,Topic indexed from title and venue; exact target and horizon require source review,Bibliographic entry filed under probabilistic guidance & operations. Open the primary source for the study's methods and findings.,已核对题名、作者、出版信息与 DOI；主题归入“概率预报、数值模式与业务应用”。具体方法、输入与结论待进一步阅读原文。,Not extracted in this bibliographic pass,10.1175/1520-0477-40.10.499,,https://doi.org/10.1175/1520-0477-40.10.499,,2026-09-29
ref-3d5aa8a5d5b8,1958,Forecasting Tornado Possibilities,Alexander Sadowski,True,Weatherwise,journal,forecast,direct,bibliographic,Not extracted in this bibliographic pass,Not extracted; consult the primary source,Topic indexed from title and venue; exact target and horizon require source review,Bibliographic entry filed under probabilistic guidance & operations. Open the primary source for the study's methods and findings.,已核对题名、作者、出版信息与 DOI；主题归入“概率预报、数值模式与业务应用”。具体方法、输入与结论待进一步阅读原文。,Not extracted in this bibliographic pass,10.1080/00431672.1958.9925014,,https://doi.org/10.1080/00431672.1958.9925014,,2026-09-29
ref-43341f036dff,1958,Waterspout sighted at Garbutt,H. McCann,True,Australian Meteorological Magazine,journal,foundations,direct,bibliographic,Not extracted in this bibliographic pass,Not extracted; consult the primary source,Topic indexed from title and venue; exact target and horizon require source review,Bibliographic entry filed under foundations & dynamics. Open the primary source for the study's methods and findings.,已核对题名、作者、出版信息与 DOI；主题归入“物理基础与龙卷动力学”。具体方法、输入与结论待进一步阅读原文。,Not extracted in this bibliographic pass,10.1071/es58021,,https://doi.org/10.1071/es58021,,2026-09-29
ref-fcd05694cd54,1958,"WEATHER NOTE: RADAR OBSERVATIONS OF THE EL DORADO, KANS. TORNADO, JUNE 10, 1958",ALEXANDER SADOWSKI,True,Monthly Weather Review,journal,radar,direct,bibliographic,Not extracted in this bibliographic pass,Not extracted; consult the primary source,Topic indexed from title and venue; exact target and horizon require source review,Bibliographic entry filed under radar signatures & tracking. Open the primary source for the study's methods and findings.,已核对题名、作者、出版信息与 DOI；主题归入“雷达特征、识别与追踪”。具体方法、输入与结论待进一步阅读原文。,Not extracted in this bibliographic pass,10.1175/1520-0493(1958)086<0405:wnroot>2.0.co;2,,https://doi.org/10.1175/1520-0493%281958%29086%3C0405%3Awnroot%3E2.0.co%3B2,,2026-09-29
ref-7dc78eba564f,1957,RHI Radar Observation of a Tornado,John Schuetz; Glenn E. Stout,True,Bulletin of the American Meteorological Society,journal,radar,direct,bibliographic,Not extracted in this bibliographic pass,Not extracted; consult the primary source,Topic indexed from title and venue; exact target and horizon require source review,Bibliographic entry filed under radar signatures & tracking. Open the primary source for the study's methods and findings.,已核对题名、作者、出版信息与 DOI；主题归入“雷达特征、识别与追踪”。具体方法、输入与结论待进一步阅读原文。,Not extracted in this bibliographic pass,10.1175/1520-0477-38.10.591,,https://doi.org/10.1175/1520-0477-38.10.591,,2026-09-29
ref-38c58302b049,1957,The Surface Chart as a Synoptic Aid to Tornado Forecasting,R. M. Whiting,True,Bulletin of the American Meteorological Society,journal,forecast,direct,bibliographic,Not extracted in this bibliographic pass,Not extracted; consult the primary source,Topic indexed from title and venue; exact target and horizon require source review,Bibliographic entry filed under probabilistic guidance & operations. Open the primary source for the study's methods and findings.,已核对题名、作者、出版信息与 DOI；主题归入“概率预报、数值模式与业务应用”。具体方法、输入与结论待进一步阅读原文。,Not extracted in this bibliographic pass,10.1175/1520-0477-38.6.353,,https://doi.org/10.1175/1520-0477-38.6.353,,2026-09-29
ref-03b6754c66c3,1953,A waterspout of 1497,O.E. Hounam,True,Australian Meteorological Magazine,journal,foundations,direct,bibliographic,Not extracted in this bibliographic pass,Not extracted; consult the primary source,Topic indexed from title and venue; exact target and horizon require source review,Bibliographic entry filed under foundations & dynamics. Open the primary source for the study's methods and findings.,已核对题名、作者、出版信息与 DOI；主题归入“物理基础与龙卷动力学”。具体方法、输入与结论待进一步阅读原文。,Not extracted in this bibliographic pass,10.1071/es53012,,https://doi.org/10.1071/es53012,,2026-09-29
stout1953,1953,Radar Records Illinois Tornadogenesis,G. E. Stout; F. A. Huff,True,Bulletin of the American Meteorological Society,journal,radar,direct,annotated,Conventional radar case observation,Radar echo sequence and tornado observations,Observed tornado association; retrospective,"An early record connecting a hook-shaped radar echo with an Illinois tornado, anchoring the observational lineage before Doppler algorithms.",记录伊利诺伊州龙卷与钩状雷达回波的对应关系，为追溯多普勒算法出现以前的龙卷识别方法提供原始文献。,"Illinois, United States",10.1175/1520-0477-34.6.281,,https://doi.org/10.1175/1520-0477-34.6.281,,2026-09-29
ref-ea45cd149a15,1953,RECORDED PRESSURE DISTRIBUTION IN THE OUTER PORTION OF A TORNADO VORTEX,WILLIAM LEWIS; PORTER J. PERKINS,True,Monthly Weather Review,journal,foundations,direct,bibliographic,Not extracted in this bibliographic pass,Not extracted; consult the primary source,Topic indexed from title and venue; exact target and horizon require source review,Bibliographic entry filed under foundations & dynamics. Open the primary source for the study's methods and findings.,已核对题名、作者、出版信息与 DOI；主题归入“物理基础与龙卷动力学”。具体方法、输入与结论待进一步阅读原文。,Not extracted in this bibliographic pass,10.1175/1520-0493(1953)081<0379:rpdito>2.0.co;2,,https://doi.org/10.1175/1520-0493%281953%29081%3C0379%3Arpdito%3E2.0.co%3B2,,2026-09-29
ref-2796e57b561e,1952,A PRELIMINARY TORNADO FORECASTING SYSTEM FOR KANSAS AND NEBRASKA,F. G. SHUMAN; L. P. CARSTENSEN,True,Monthly Weather Review,journal,forecast,direct,bibliographic,Not extracted in this bibliographic pass,Not extracted; consult the primary source,Topic indexed from title and venue; exact target and horizon require source review,Bibliographic entry filed under probabilistic guidance & operations. Open the primary source for the study's methods and findings.,已核对题名、作者、出版信息与 DOI；主题归入“概率预报、数值模式与业务应用”。具体方法、输入与结论待进一步阅读原文。,Not extracted in this bibliographic pass,10.1175/1520-0493(1952)080<0233:aptfsf>2.0.co;2,,https://doi.org/10.1175/1520-0493%281952%29080%3C0233%3Aaptfsf%3E2.0.co%3B2,,2026-09-29
ref-de3788ba65bc,1951,An Empirical Method of Forecasting Tornado Development,E. J. Fawbush; R. C. Miller; L. G. Starrett,True,Bulletin of the American Meteorological Society,journal,forecast,direct,bibliographic,Not extracted in this bibliographic pass,Not extracted; consult the primary source,Topic indexed from title and venue; exact target and horizon require source review,Bibliographic entry filed under probabilistic guidance & operations. Open the primary source for the study's methods and findings.,已核对题名、作者、出版信息与 DOI；主题归入“概率预报、数值模式与业务应用”。具体方法、输入与结论待进一步阅读原文。,Not extracted in this bibliographic pass,10.1175/1520-0477-32.1.1,,https://doi.org/10.1175/1520-0477-32.1.1,,2026-09-29
ref-29fc3cb86334,1951,The Tornado and Severe Storm Project,Morris Tepper,True,Weatherwise,journal,foundations,direct,bibliographic,Not extracted in this bibliographic pass,Not extracted; consult the primary source,Topic indexed from title and venue; exact target and horizon require source review,Bibliographic entry filed under foundations & dynamics. Open the primary source for the study's methods and findings.,已核对题名、作者、出版信息与 DOI；主题归入“物理基础与龙卷动力学”。具体方法、输入与结论待进一步阅读原文。,Not extracted in this bibliographic pass,10.1080/00431672.1951.9932152,,https://doi.org/10.1080/00431672.1951.9932152,,2026-09-29
ref-5c7ddc519201,1951,Tornado Forecasting Research,F. HALL,True,Science,journal,forecast,direct,bibliographic,Not extracted in this bibliographic pass,Not extracted; consult the primary source,Topic indexed from title and venue; exact target and horizon require source review,Bibliographic entry filed under probabilistic guidance & operations. Open the primary source for the study's methods and findings.,已核对题名、作者、出版信息与 DOI；主题归入“概率预报、数值模式与业务应用”。具体方法、输入与结论待进一步阅读原文。,Not extracted in this bibliographic pass,10.1126/science.113.2947.3,,https://doi.org/10.1126/science.113.2947.3,,2026-09-29
ref-068d2c592e29,1950,RADAR AND SYNOPTIC ANALYSIS OF A TORNADO SITUATION,MORRIS TEPPER,True,Monthly Weather Review,journal,radar,direct,bibliographic,Not extracted in this bibliographic pass,Not extracted; consult the primary source,Topic indexed from title and venue; exact target and horizon require source review,Bibliographic entry filed under radar signatures & tracking. Open the primary source for the study's methods and findings.,已核对题名、作者、出版信息与 DOI；主题归入“雷达特征、识别与追踪”。具体方法、输入与结论待进一步阅读原文。,Not extracted in this bibliographic pass,10.1175/1520-0493(1950)078<0170:rasaoa>2.0.co;2,,https://doi.org/10.1175/1520-0493%281950%29078%3C0170%3Arasaoa%3E2.0.co%3B2,,2026-09-29
ref-d84cc2694d2b,1950,Some Phases of Waterspout Behavior,Willis Edwin Hurd USWB Retir,True,Weatherwise,journal,foundations,direct,bibliographic,Not extracted in this bibliographic pass,Not extracted; consult the primary source,Topic indexed from title and venue; exact target and horizon require source review,Bibliographic entry filed under foundations & dynamics. Open the primary source for the study's methods and findings.,已核对题名、作者、出版信息与 DOI；主题归入“物理基础与龙卷动力学”。具体方法、输入与结论待进一步阅读原文。,Not extracted in this bibliographic pass,10.1080/00431672.1950.9925224,,https://doi.org/10.1080/00431672.1950.9925224,,2026-09-29
ref-c79cab65039e,1949,The Tornado Cyclone,Edward M. Brooks,True,Weatherwise,journal,foundations,direct,bibliographic,Not extracted in this bibliographic pass,Not extracted; consult the primary source,Topic indexed from title and venue; exact target and horizon require source review,Bibliographic entry filed under foundations & dynamics. Open the primary source for the study's methods and findings.,已核对题名、作者、出版信息与 DOI；主题归入“物理基础与龙卷动力学”。具体方法、输入与结论待进一步阅读原文。,Not extracted in this bibliographic pass,10.1080/00431672.1949.9930047,,https://doi.org/10.1080/00431672.1949.9930047,,2026-09-29
ref-75be6186e032,1949,UNUSUAL DAMAGE BY A TORNADO,E. S. Davy,True,Weather,journal,impacts,direct,bibliographic,Not extracted in this bibliographic pass,Not extracted; consult the primary source,Topic indexed from title and venue; exact target and horizon require source review,Bibliographic entry filed under damage recognition & impacts. Open the primary source for the study's methods and findings.,已核对题名、作者、出版信息与 DOI；主题归入“灾后视觉识别与影响评估”。具体方法、输入与结论待进一步阅读原文。,Not extracted in this bibliographic pass,10.1002/j.1477-8696.1949.tb01039.x,,https://doi.org/10.1002/j.1477-8696.1949.tb01039.x,,2026-09-29
ref-94bbb628ffea,1944,The Structure of a Waterspout,N. K. Johnson,True,Quarterly Journal of the Royal Meteorological Society,journal,foundations,direct,bibliographic,Not extracted in this bibliographic pass,Not extracted; consult the primary source,Topic indexed from title and venue; exact target and horizon require source review,Bibliographic entry filed under foundations & dynamics. Open the primary source for the study's methods and findings.,已核对题名、作者、出版信息与 DOI；主题归入“物理基础与龙卷动力学”。具体方法、输入与结论待进一步阅读原文。,Not extracted in this bibliographic pass,10.1002/qj.49707030405,,https://doi.org/10.1002/qj.49707030405,,2026-09-29
ref-f10bd60f4490,1931,A TORNADO IN NEW MEXICO,C. E. LINNEY,True,Monthly Weather Review,journal,foundations,direct,bibliographic,Not extracted in this bibliographic pass,Not extracted; consult the primary source,Topic indexed from title and venue; exact target and horizon require source review,Bibliographic entry filed under foundations & dynamics. Open the primary source for the study's methods and findings.,已核对题名、作者、出版信息与 DOI；主题归入“物理基础与龙卷动力学”。具体方法、输入与结论待进一步阅读原文。,Not extracted in this bibliographic pass,10.1175/1520-0493(1931)59<243a:atinm>2.0.co;2,,https://doi.org/10.1175/1520-0493%281931%2959%3C243a%3Aatinm%3E2.0.co%3B2,,2026-09-29
ref-d696e0466313,1929,"A WATERSPOUT IN MOBILE BAY, JULY 27, 1929",ALBERT ASHENBERGER,True,Monthly Weather Review,journal,foundations,direct,bibliographic,Not extracted in this bibliographic pass,Not extracted; consult the primary source,Topic indexed from title and venue; exact target and horizon require source review,Bibliographic entry filed under foundations & dynamics. Open the primary source for the study's methods and findings.,已核对题名、作者、出版信息与 DOI；主题归入“物理基础与龙卷动力学”。具体方法、输入与结论待进一步阅读原文。,Not extracted in this bibliographic pass,10.1175/1520-0493(1929)57<296b:awimbj>2.0.co;2,,https://doi.org/10.1175/1520-0493%281929%2957%3C296b%3Aawimbj%3E2.0.co%3B2,,2026-09-29
ref-8e91f9aa75cb,1929,"PENSACOLA WATERSPOUT OF JUNE 14, 1929",P. G. HALE,True,Monthly Weather Review,journal,foundations,direct,bibliographic,Not extracted in this bibliographic pass,Not extracted; consult the primary source,Topic indexed from title and venue; exact target and horizon require source review,Bibliographic entry filed under foundations & dynamics. Open the primary source for the study's methods and findings.,已核对题名、作者、出版信息与 DOI；主题归入“物理基础与龙卷动力学”。具体方法、输入与结论待进一步阅读原文。,Not extracted in this bibliographic pass,10.1175/1520-0493(1929)57<338:pwoj>2.0.co;2,,https://doi.org/10.1175/1520-0493%281929%2957%3C338%3Apwoj%3E2.0.co%3B2,,2026-09-29
ref-624c575b5038,1929,"WATERSPOUT ON HILLSBOROUGH BAY, TAMPA, FLA., APRIL 2, 1929",WILLIS E. HURD,True,Monthly Weather Review,journal,foundations,direct,bibliographic,Not extracted in this bibliographic pass,Not extracted; consult the primary source,Topic indexed from title and venue; exact target and horizon require source review,Bibliographic entry filed under foundations & dynamics. Open the primary source for the study's methods and findings.,已核对题名、作者、出版信息与 DOI；主题归入“物理基础与龙卷动力学”。具体方法、输入与结论待进一步阅读原文。,Not extracted in this bibliographic pass,10.1175/1520-0493(1929)57<249b:wohbtf>2.0.co;2,,https://doi.org/10.1175/1520-0493%281929%2957%3C249b%3Awohbtf%3E2.0.co%3B2,,2026-09-29
ref-94daf363c71c,1927,"WATERSPOUT IN THE POTOMAC RIVER, WASHINGTON, D, C., NOVEMBER 17, 1927",WILLIS E. HURD,True,Monthly Weather Review,journal,foundations,direct,bibliographic,Not extracted in this bibliographic pass,Not extracted; consult the primary source,Topic indexed from title and venue; exact target and horizon require source review,Bibliographic entry filed under foundations & dynamics. Open the primary source for the study's methods and findings.,已核对题名、作者、出版信息与 DOI；主题归入“物理基础与龙卷动力学”。具体方法、输入与结论待进一步阅读原文。,Not extracted in this bibliographic pass,10.1175/1520-0493(1927)55<499b:witprw>2.0.co;2,,https://doi.org/10.1175/1520-0493%281927%2955%3C499b%3Awitprw%3E2.0.co%3B2,,2026-09-29
ref-e9201d27a21a,1924,TORNADO CLOUDS,CLARENCE J. ROOT,True,Monthly Weather Review,journal,foundations,direct,bibliographic,Not extracted in this bibliographic pass,Not extracted; consult the primary source,Topic indexed from title and venue; exact target and horizon require source review,Bibliographic entry filed under foundations & dynamics. Open the primary source for the study's methods and findings.,已核对题名、作者、出版信息与 DOI；主题归入“物理基础与龙卷动力学”。具体方法、输入与结论待进一步阅读原文。,Not extracted in this bibliographic pass,10.1175/1520-0493(1924)52<542b:tc>2.0.co;2,,https://doi.org/10.1175/1520-0493%281924%2952%3C542b%3Atc%3E2.0.co%3B2,,2026-09-29
ref-5af95c3cc91a,1924,WATERSPOUT AND TORNADO WITHIN A TYPHOON,GEORGE B. BARBOUR,True,Monthly Weather Review,journal,foundations,direct,bibliographic,Not extracted in this bibliographic pass,Not extracted; consult the primary source,Topic indexed from title and venue; exact target and horizon require source review,Bibliographic entry filed under foundations & dynamics. Open the primary source for the study's methods and findings.,已核对题名、作者、出版信息与 DOI；主题归入“物理基础与龙卷动力学”。具体方法、输入与结论待进一步阅读原文。,Not extracted in this bibliographic pass,10.1175/1520-0493(1924)52<106b:watwat>2.0.co;2,,https://doi.org/10.1175/1520-0493%281924%2952%3C106b%3Awatwat%3E2.0.co%3B2,,2026-09-29
ref-941b02348ce2,1921,"WATERSPOUT AT SAN JUAN, P. R.",W. C. HAINES,True,Monthly Weather Review,journal,foundations,direct,bibliographic,Not extracted in this bibliographic pass,Not extracted; consult the primary source,Topic indexed from title and venue; exact target and horizon require source review,Bibliographic entry filed under foundations & dynamics. Open the primary source for the study's methods and findings.,已核对题名、作者、出版信息与 DOI；主题归入“物理基础与龙卷动力学”。具体方法、输入与结论待进一步阅读原文。,Not extracted in this bibliographic pass,10.1175/1520-0493(1921)49<88b:wasjpr>2.0.co;2,,https://doi.org/10.1175/1520-0493%281921%2949%3C88b%3Awasjpr%3E2.0.co%3B2,,2026-09-29
ref-51a26b8aa46f,1919,"WATERSPOUT OBSERVED AT SAN JUAN, PORTO RICO, SEPTEMBER 10, 1919",WILLIAM C. HAINES,True,Monthly Weather Review,journal,foundations,direct,bibliographic,Not extracted in this bibliographic pass,Not extracted; consult the primary source,Topic indexed from title and venue; exact target and horizon require source review,Bibliographic entry filed under foundations & dynamics. Open the primary source for the study's methods and findings.,已核对题名、作者、出版信息与 DOI；主题归入“物理基础与龙卷动力学”。具体方法、输入与结论待进一步阅读原文。,Not extracted in this bibliographic pass,10.1175/1520-0493(1919)47<727a:woasjp>2.0.co;2,,https://doi.org/10.1175/1520-0493%281919%2947%3C727a%3Awoasjp%3E2.0.co%3B2,,2026-09-29
ref-8af267f607f1,1912,TORNADIC STORMS IN ILLINOIS,CLARENCE J. ROOT,True,Monthly Weather Review,journal,foundations,direct,bibliographic,Not extracted in this bibliographic pass,Not extracted; consult the primary source,Topic indexed from title and venue; exact target and horizon require source review,Bibliographic entry filed under foundations & dynamics. Open the primary source for the study's methods and findings.,已核对题名、作者、出版信息与 DOI；主题归入“物理基础与龙卷动力学”。具体方法、输入与结论待进一步阅读原文。,Not extracted in this bibliographic pass,10.1175/1520-0493(1912)40<540a:tsii>2.0.co;2,,https://doi.org/10.1175/1520-0493%281912%2940%3C540a%3Atsii%3E2.0.co%3B2,,2026-09-29
ref-bbc41871bbc6,1908,"WATERSPOUT AT BEAUFORT, N. C.",BARTGIS MCGLONE,True,Monthly Weather Review,journal,foundations,direct,bibliographic,Not extracted in this bibliographic pass,Not extracted; consult the primary source,Topic indexed from title and venue; exact target and horizon require source review,Bibliographic entry filed under foundations & dynamics. Open the primary source for the study's methods and findings.,已核对题名、作者、出版信息与 DOI；主题归入“物理基础与龙卷动力学”。具体方法、输入与结论待进一步阅读原文。,Not extracted in this bibliographic pass,10.1175/1520-0493(1908)36<214:wabnc>2.0.co;2,,https://doi.org/10.1175/1520-0493%281908%2936%3C214%3Awabnc%3E2.0.co%3B2,,2026-09-29
ref-10ee0e1ab3e5,1907,A WINTER WATERSPOUT,DAVID CUTHBERTSON,True,Monthly Weather Review,journal,foundations,direct,bibliographic,Not extracted in this bibliographic pass,Not extracted; consult the primary source,Topic indexed from title and venue; exact target and horizon require source review,Bibliographic entry filed under foundations & dynamics. Open the primary source for the study's methods and findings.,已核对题名、作者、出版信息与 DOI；主题归入“物理基础与龙卷动力学”。具体方法、输入与结论待进一步阅读原文。,Not extracted in this bibliographic pass,10.1175/1520-0493(1907)35<73b:aww>2.0.co;2,,https://doi.org/10.1175/1520-0493%281907%2935%3C73b%3Aaww%3E2.0.co%3B2,,2026-09-29
ref-0f277a89815c,1903,A WATERSPOUT OFF HATTERAS,THOMAS B. HARPER,True,Monthly Weather Review,journal,foundations,direct,bibliographic,Not extracted in this bibliographic pass,Not extracted; consult the primary source,Topic indexed from title and venue; exact target and horizon require source review,Bibliographic entry filed under foundations & dynamics. Open the primary source for the study's methods and findings.,已核对题名、作者、出版信息与 DOI；主题归入“物理基础与龙卷动力学”。具体方法、输入与结论待进一步阅读原文。,Not extracted in this bibliographic pass,10.1175/1520-0493(1903)31[225a:awoh]2.0.co;2,,https://doi.org/10.1175/1520-0493%281903%2931%5B225a%3Aawoh%5D2.0.co%3B2,,2026-09-29
ref-eb6e1af8d653,1902,A WATERSPOUT AT CLOSE RANGE.1,O. L. FASSIG,True,Monthly Weather Review,journal,foundations,direct,bibliographic,Not extracted in this bibliographic pass,Not extracted; consult the primary source,Topic indexed from title and venue; exact target and horizon require source review,Bibliographic entry filed under foundations & dynamics. Open the primary source for the study's methods and findings.,已核对题名、作者、出版信息与 DOI；主题归入“物理基础与龙卷动力学”。具体方法、输入与结论待进一步阅读原文。,Not extracted in this bibliographic pass,10.1175/1520-0493(1902)30[302b:awacr]2.0.co;2,,https://doi.org/10.1175/1520-0493%281902%2930%5B302b%3Aawacr%5D2.0.co%3B2,,2026-09-29
ref-b20bae7c8026,1899,TORNADO OBSERVATIONS,A. H. Gale,True,Monthly Weather Review,journal,foundations,direct,bibliographic,Not extracted in this bibliographic pass,Not extracted; consult the primary source,Topic indexed from title and venue; exact target and horizon require source review,Bibliographic entry filed under foundations & dynamics. Open the primary source for the study's methods and findings.,已核对题名、作者、出版信息与 DOI；主题归入“物理基础与龙卷动力学”。具体方法、输入与结论待进一步阅读原文。,Not extracted in this bibliographic pass,10.1175/1520-0493(1899)27[303:to]2.0.co;2,,https://doi.org/10.1175/1520-0493%281899%2927%5B303%3Ato%5D2.0.co%3B2,,2026-09-29
ref-aac4b26151c1,1899,"TORNADO, HURRICANE, AND CYCLONE",Harvey M. Watts,True,Monthly Weather Review,journal,foundations,direct,bibliographic,Not extracted in this bibliographic pass,Not extracted; consult the primary source,Topic indexed from title and venue; exact target and horizon require source review,Bibliographic entry filed under foundations & dynamics. Open the primary source for the study's methods and findings.,已核对题名、作者、出版信息与 DOI；主题归入“物理基础与龙卷动力学”。具体方法、输入与结论待进一步阅读原文。,Not extracted in this bibliographic pass,10.1175/1520-0493(1899)27[307:thac]2.0.co;2,,https://doi.org/10.1175/1520-0493%281899%2927%5B307%3Athac%5D2.0.co%3B2,,2026-09-29
ref-0db4b43a027e,1898,THE SAN DIEGO WATERSPOUT,Ford A. Carpenter,True,Monthly Weather Review,journal,foundations,direct,bibliographic,Not extracted in this bibliographic pass,Not extracted; consult the primary source,Topic indexed from title and venue; exact target and horizon require source review,Bibliographic entry filed under foundations & dynamics. Open the primary source for the study's methods and findings.,已核对题名、作者、出版信息与 DOI；主题归入“物理基础与龙卷动力学”。具体方法、输入与结论待进一步阅读原文。,Not extracted in this bibliographic pass,10.1175/1520-0493(1898)26[545:tsdw]2.0.co;2,,https://doi.org/10.1175/1520-0493%281898%2926%5B545%3Atsdw%5D2.0.co%3B2,,2026-09-29
ref-fbee2b5a5be8,1896,"Waterspout off Cottage City, Martha's Vineyard",F. C. V. H. Vomsaal,True,Scientific American,journal,foundations,direct,bibliographic,Not extracted in this bibliographic pass,Not extracted; consult the primary source,Topic indexed from title and venue; exact target and horizon require source review,Bibliographic entry filed under foundations & dynamics. Open the primary source for the study's methods and findings.,已核对题名、作者、出版信息与 DOI；主题归入“物理基础与龙卷动力学”。具体方法、输入与结论待进一步阅读原文。,Not extracted in this bibliographic pass,10.1038/scientificamerican09261896-255,,https://doi.org/10.1038/scientificamerican09261896-255,,2026-09-29
ref-865d31d2797e,1895,History of a waterspout,Alfred B. Wollaston,True,Quarterly Journal of the Royal Meteorological Society,journal,evaluation,direct,bibliographic,Not extracted in this bibliographic pass,Not extracted; consult the primary source,Topic indexed from title and venue; exact target and horizon require source review,"Bibliographic entry filed under evaluation, uncertainty & reviews. Open the primary source for the study's methods and findings.",已核对题名、作者、出版信息与 DOI；主题归入“评估、不确定性与综述”。具体方法、输入与结论待进一步阅读原文。,Not extracted in this bibliographic pass,10.1002/qj.4970219304,,https://doi.org/10.1002/qj.4970219304,,2026-09-29
ref-a0590f5a6790,1891,A cyclonic storm or tornado in the Gwydir district,Henry Chamberlain Russell,True,Journal and proceedings of the Royal Society of New South Wales,journal,foundations,direct,bibliographic,Not extracted in this bibliographic pass,Not extracted; consult the primary source,Topic indexed from title and venue; exact target and horizon require source review,Bibliographic entry filed under foundations & dynamics. Open the primary source for the study's methods and findings.,已核对题名、作者、出版信息与 DOI；主题归入“物理基础与龙卷动力学”。具体方法、输入与结论待进一步阅读原文。,Not extracted in this bibliographic pass,10.5962/p.359099,,https://doi.org/10.5962/p.359099,,2026-09-29
ref-62b98d10f679,1891,"The Mexico, Mo, Tornado",James Newton Baskett,True,Scientific American,journal,foundations,direct,bibliographic,Not extracted in this bibliographic pass,Not extracted; consult the primary source,Topic indexed from title and venue; exact target and horizon require source review,Bibliographic entry filed under foundations & dynamics. Open the primary source for the study's methods and findings.,已核对题名、作者、出版信息与 DOI；主题归入“物理基础与龙卷动力学”。具体方法、输入与结论待进一步阅读原文。,Not extracted in this bibliographic pass,10.1038/scientificamerican08151891-103,,https://doi.org/10.1038/scientificamerican08151891-103,,2026-09-29
ref-ffee61c9de29,1890,The Tornado,H. A. HAZEN,True,Nature,journal,foundations,direct,bibliographic,Not extracted in this bibliographic pass,Not extracted; consult the primary source,Topic indexed from title and venue; exact target and horizon require source review,Bibliographic entry filed under foundations & dynamics. Open the primary source for the study's methods and findings.,已核对题名、作者、出版信息与 DOI；主题归入“物理基础与龙卷动力学”。具体方法、输入与结论待进一步阅读原文。,Not extracted in this bibliographic pass,10.1038/043128a0,,https://doi.org/10.1038/043128a0,,2026-09-29
ref-84392be15052,1887,Tornado 'Power',E. B. Garriatt,True,Science,journal,foundations,direct,bibliographic,Not extracted in this bibliographic pass,Not extracted; consult the primary source,Topic indexed from title and venue; exact target and horizon require source review,Bibliographic entry filed under foundations & dynamics. Open the primary source for the study's methods and findings.,已核对题名、作者、出版信息与 DOI；主题归入“物理基础与龙卷动力学”。具体方法、输入与结论待进一步阅读原文。,Not extracted in this bibliographic pass,10.1126/science.ns-10.233.48.a,,https://doi.org/10.1126/science.ns-10.233.48.a,,2026-09-29
ref-c3eac4984381,1887,Tornado Force,W. W. Anderson,True,Science,journal,foundations,direct,bibliographic,Not extracted in this bibliographic pass,Not extracted; consult the primary source,Topic indexed from title and venue; exact target and horizon require source review,Bibliographic entry filed under foundations & dynamics. Open the primary source for the study's methods and findings.,已核对题名、作者、出版信息与 DOI；主题归入“物理基础与龙卷动力学”。具体方法、输入与结论待进一步阅读原文。,Not extracted in this bibliographic pass,10.1126/science.ns-10.256.323.b,,https://doi.org/10.1126/science.ns-10.256.323.b,,2026-09-29
ref-c26b306bfce5,1887,Verification of tornado predictions,H. A. Hazen,True,American Journal of Science,journal,evaluation,direct,bibliographic,Not extracted in this bibliographic pass,Not extracted; consult the primary source,Topic indexed from title and venue; exact target and horizon require source review,"Bibliographic entry filed under evaluation, uncertainty & reviews. Open the primary source for the study's methods and findings.",已核对题名、作者、出版信息与 DOI；主题归入“评估、不确定性与综述”。具体方法、输入与结论待进一步阅读原文。,Not extracted in this bibliographic pass,10.2475/ajs.s3-34.200.127,,https://doi.org/10.2475/ajs.s3-34.200.127,,2026-09-29
ref-1b400f3fa29a,1884,Tornado Predictions,G. et al. [incomplete metadata],False,Science,journal,forecast,direct,bibliographic,Not extracted in this bibliographic pass,Not extracted; consult the primary source,Topic indexed from title and venue; exact target and horizon require source review,Bibliographic entry filed under probabilistic guidance & operations. Open the primary source for the study's methods and findings.,已核对题名、作者、出版信息与 DOI；主题归入“概率预报、数值模式与业务应用”。具体方法、输入与结论待进一步阅读原文。,Not extracted in this bibliographic pass,10.1126/science.ns-4.80.126,,https://doi.org/10.1126/science.ns-4.80.126,,2026-09-29
ref-89604d7c532d,1883,Waterspout,D. PIDGEON,True,Nature,journal,foundations,direct,bibliographic,Not extracted in this bibliographic pass,Not extracted; consult the primary source,Topic indexed from title and venue; exact target and horizon require source review,Bibliographic entry filed under foundations & dynamics. Open the primary source for the study's methods and findings.,已核对题名、作者、出版信息与 DOI；主题归入“物理基础与龙卷动力学”。具体方法、输入与结论待进一步阅读原文。,Not extracted in this bibliographic pass,10.1038/028173d0,,https://doi.org/10.1038/028173d0,,2026-09-29
ref-c89f88a8d2e2,1874,A Waterspout at Milford Haven,ROBERT H. SCOTT,True,Nature,journal,foundations,direct,bibliographic,Not extracted in this bibliographic pass,Not extracted; consult the primary source,Topic indexed from title and venue; exact target and horizon require source review,Bibliographic entry filed under foundations & dynamics. Open the primary source for the study's methods and findings.,已核对题名、作者、出版信息与 DOI；主题归入“物理基础与龙卷动力学”。具体方法、输入与结论待进一步阅读原文。,Not extracted in this bibliographic pass,10.1038/010263b0,,https://doi.org/10.1038/010263b0,,2026-09-29
ref-c57326cc08ff,1872,A Waterspout,J. GRAY,True,Nature,journal,foundations,direct,bibliographic,Not extracted in this bibliographic pass,Not extracted; consult the primary source,Topic indexed from title and venue; exact target and horizon require source review,Bibliographic entry filed under foundations & dynamics. Open the primary source for the study's methods and findings.,已核对题名、作者、出版信息与 DOI；主题归入“物理基础与龙卷动力学”。具体方法、输入与结论待进一步阅读原文。,Not extracted in this bibliographic pass,10.1038/005501b0,,https://doi.org/10.1038/005501b0,,2026-09-29
